"agency_code","agency_collection_num","collection_id","code","name","street","city","zip","region","site_code","site_name","site_street","site_city","site_zip","site_region","calculated_neighborhood","calculated_neighborhood_distance","calculated_city","calculated_city_distance","calculated_subcounty","calculated_county","calculated_state","longitude","latitude","coordinate_precision","group","identified_by","trap_type","lure","collection_date","disease_week","num_trap","trap_nights","trap_problem","comments","species","add_date","add_user","males","females - mixed","females - gravid"
"CNSL",1,3367352,"","","","","","","","","","","","","","","","","","","",,,"","","JB","Gravid trap","","2025-01-30T08:00:00.000Z",5,1,1,false,"Random; Shaw Ave and DeWolf Ave","Culex quinquefasciatus","2025-01-30T19:14:08.855Z",1032,0,0,2
"CNSL",3,3378155,"","","","","","","","","","","","","","","","","","","",,,"","","JB","Gravid trap","","2025-02-25T08:00:00.000Z",9,1,1,false,"SR14; 19733 Desert Willow Ln","Culiseta incidens","2025-02-25T19:32:59.806Z",1032,0,0,2
"CNSL",4,3378156,"","","","","","","","","","","","","","","","","","","",,,"","","JB","Gravid trap","","2025-02-25T08:00:00.000Z",9,1,1,false,"SR15; 2239 Meierwood Ave","Culex quinquefasciatus","2025-02-25T19:34:16.652Z",1032,0,0,3
"CNSL",9,3396968,"001041","132001-801","South/East Corner of Bullard and Cedar; CSUF","Fresno","93710",222,"001041","132001-801","South/East Corner of Bullard and Cedar; CSUF","Fresno","93710",222,"","","","","","","",-119.749722,36.826667,2,"","KR - collected by CR","Carbon dioxide baited trap","","2025-04-10T07:00:00.000Z",15,1,1,false,"CSUF, Pistachio orch","Culex quinquefasciatus","2025-04-10T22:03:23.263Z",517,0,1,0
"CNSL",9,3396968,"001041","132001-801","South/East Corner of Bullard and Cedar; CSUF","Fresno","93710",222,"001041","132001-801","South/East Corner of Bullard and Cedar; CSUF","Fresno","93710",222,"","","","","","","",-119.749722,36.826667,2,"","KR - collected by CR","Carbon dioxide baited trap","","2025-04-10T07:00:00.000Z",15,1,1,false,"CSUF, Pistachio orch","Culex tarsalis","2025-04-10T22:03:23.263Z",517,0,6,0
"CNSL",10,3396971,"001041","132001-801","South/East Corner of Bullard and Cedar; CSUF","Fresno","93710",222,"001041","132001-801","South/East Corner of Bullard and Cedar; CSUF","Fresno","93710",222,"","","","","","","",-119.749722,36.826667,2,"","KR - collected by CR","Gravid trap","","2025-04-10T07:00:00.000Z",15,1,1,false,"CSUF, Pistachio orch","Culex quinquefasciatus","2025-04-10T22:04:34.857Z",517,1,0,0
"CNSL",10,3396971,"001041","132001-801","South/East Corner of Bullard and Cedar; CSUF","Fresno","93710",222,"001041","132001-801","South/East Corner of Bullard and Cedar; CSUF","Fresno","93710",222,"","","","","","","",-119.749722,36.826667,2,"","KR - collected by CR","Gravid trap","","2025-04-10T07:00:00.000Z",15,1,1,false,"CSUF, Pistachio orch","Culex quinquefasciatus","2025-04-10T22:04:34.857Z",517,0,0,2
"CNSL",10,3396971,"001041","132001-801","South/East Corner of Bullard and Cedar; CSUF","Fresno","93710",222,"001041","132001-801","South/East Corner of Bullard and Cedar; CSUF","Fresno","93710",222,"","","","","","","",-119.749722,36.826667,2,"","KR - collected by CR","Gravid trap","","2025-04-10T07:00:00.000Z",15,1,1,false,"CSUF, Pistachio orch","Culex tarsalis","2025-04-10T22:04:34.857Z",517,1,0,0
"CNSL",10,3396971,"001041","132001-801","South/East Corner of Bullard and Cedar; CSUF","Fresno","93710",222,"001041","132001-801","South/East Corner of Bullard and Cedar; CSUF","Fresno","93710",222,"","","","","","","",-119.749722,36.826667,2,"","KR - collected by CR","Gravid trap","","2025-04-10T07:00:00.000Z",15,1,1,false,"CSUF, Pistachio orch","Culex tarsalis","2025-04-10T22:04:34.857Z",517,0,0,3
"CNSL",10,3396971,"001041","132001-801","South/East Corner of Bullard and Cedar; CSUF","Fresno","93710",222,"001041","132001-801","South/East Corner of Bullard and Cedar; CSUF","Fresno","93710",222,"","","","","","","",-119.749722,36.826667,2,"","KR - collected by CR","Gravid trap","","2025-04-10T07:00:00.000Z",15,1,1,false,"CSUF, Pistachio orch","Culicoides","2025-04-10T22:04:34.857Z",517,0,0,6
"CNSL",7,3396962,"001210","132011-801","1620 Bulldog Lane; CSUF","Fresno","93740",222,"001210","132011-801","1620 Bulldog Lane; CSUF","Fresno","93740",222,"","","","","","","",-119.758989,36.812867,2,"","KR - collected by CR","Gravid trap","","2025-04-10T07:00:00.000Z",15,1,1,false,"CSUF Stadium Ponding Basin, West of site near water","Culex quinquefasciatus","2025-04-10T21:59:30.509Z",517,0,0,5
"CNSL",7,3396962,"001210","132011-801","1620 Bulldog Lane; CSUF","Fresno","93740",222,"001210","132011-801","1620 Bulldog Lane; CSUF","Fresno","93740",222,"","","","","","","",-119.758989,36.812867,2,"","KR - collected by CR","Gravid trap","","2025-04-10T07:00:00.000Z",15,1,1,false,"CSUF Stadium Ponding Basin, West of site near water","Culex stigmatosoma","2025-04-10T21:59:30.509Z",517,1,0,0
"CNSL",7,3396962,"001210","132011-801","1620 Bulldog Lane; CSUF","Fresno","93740",222,"001210","132011-801","1620 Bulldog Lane; CSUF","Fresno","93740",222,"","","","","","","",-119.758989,36.812867,2,"","KR - collected by CR","Gravid trap","","2025-04-10T07:00:00.000Z",15,1,1,false,"CSUF Stadium Ponding Basin, West of site near water","Culex tarsalis","2025-04-10T21:59:30.509Z",517,0,0,2
"CNSL",8,3396963,"001210","132011-801","1620 Bulldog Lane; CSUF","Fresno","93740",222,"001210","132011-801","1620 Bulldog Lane; CSUF","Fresno","93740",222,"","","","","","","",-119.758989,36.812867,2,"","KR - collected by CR","BG Sentinel","","2025-04-10T07:00:00.000Z",15,1,1,false,"CSUF Stadium Ponding Basin, West of site near water","Culex quinquefasciatus","2025-04-10T22:00:56.523Z",517,0,2,0
"CNSL",8,3396963,"001210","132011-801","1620 Bulldog Lane; CSUF","Fresno","93740",222,"001210","132011-801","1620 Bulldog Lane; CSUF","Fresno","93740",222,"","","","","","","",-119.758989,36.812867,2,"","KR - collected by CR","BG Sentinel","","2025-04-10T07:00:00.000Z",15,1,1,false,"CSUF Stadium Ponding Basin, West of site near water","Culex tarsalis","2025-04-10T22:00:56.523Z",517,0,2,0
"CNSL",11,3396974,"001062","132012-801","North/West of Shaw and Woodrow; CSUF","Fresno","93740",222,"001062","132012-801","North/West of Shaw and Woodrow; CSUF","Fresno","93740",222,"","","","","","","",-119.742726,36.810553,2,"","KR - collected by CR","Gravid trap","","2025-04-10T07:00:00.000Z",15,1,1,false,"Fixed; CSUF Allergy Free Garden","Culex tarsalis","2025-04-10T22:06:12.946Z",517,0,0,2
"CNSL",11,3396974,"001062","132012-801","North/West of Shaw and Woodrow; CSUF","Fresno","93740",222,"001062","132012-801","North/West of Shaw and Woodrow; CSUF","Fresno","93740",222,"","","","","","","",-119.742726,36.810553,2,"","KR - collected by CR","Gravid trap","","2025-04-10T07:00:00.000Z",15,1,1,false,"Fixed; CSUF Allergy Free Garden","Culex quinquefasciatus","2025-04-10T22:06:12.946Z",517,0,0,20
"CNSL",13,3396979,"001068","132107-803","South/East of Chestnut and Bullard; CSUF","Fresno","93710",222,"001068","132107-803","South/East of Chestnut and Bullard; CSUF","Fresno","93710",222,"","","","","","","",-119.733492,36.819506,2,"","KR - collected by CR","Carbon dioxide baited trap","","2025-04-10T07:00:00.000Z",15,1,1,false,"Fixed; CSUF Oranges","Culex tarsalis","2025-04-10T22:08:30.722Z",517,0,2,0
"CNSL",13,3396979,"001068","132107-803","South/East of Chestnut and Bullard; CSUF","Fresno","93710",222,"001068","132107-803","South/East of Chestnut and Bullard; CSUF","Fresno","93710",222,"","","","","","","",-119.733492,36.819506,2,"","KR - collected by CR","Carbon dioxide baited trap","","2025-04-10T07:00:00.000Z",15,1,1,false,"Fixed; CSUF Oranges","Culex quinquefasciatus","2025-04-10T22:08:30.722Z",517,0,1,0
"CNSL",15,3396983,"","","","","","","","","","","","","","","","","","","",,,"","","KR - collected by CR","Gravid trap","","2025-04-10T07:00:00.000Z",15,1,1,false,"CSUF; Crim Bldg","Culex quinquefasciatus","2025-04-10T22:10:31.044Z",517,0,0,2
"CNSL",15,3396983,"","","","","","","","","","","","","","","","","","","",,,"","","KR - collected by CR","Gravid trap","","2025-04-10T07:00:00.000Z",15,1,1,false,"CSUF; Crim Bldg","Culex stigmatosoma","2025-04-10T22:10:31.044Z",517,0,0,1
"CNSL",16,3396984,"","","","","","","","","","","","","","","","","","","",,,"","","KR - collected by CR","BG Sentinel","","2025-04-10T07:00:00.000Z",15,1,1,false,"CSUF; Crim Bldg","Culex quinquefasciatus","2025-04-10T22:11:50.846Z",517,0,10,0
"CNSL",16,3396984,"","","","","","","","","","","","","","","","","","","",,,"","","KR - collected by CR","BG Sentinel","","2025-04-10T07:00:00.000Z",15,1,1,false,"CSUF; Crim Bldg","Culex tarsalis","2025-04-10T22:11:50.846Z",517,0,4,0
"CNSL",20,3396988,"","","","","","","","","","","","","","","","","","","",,,"","","KR - collected by CR","BG Sentinel","","2025-04-10T07:00:00.000Z",15,1,1,false,"CSUF; Ponding Basin Site B","Culex quinquefasciatus","2025-04-10T22:20:33.403Z",517,0,49,0
"CNSL",20,3396988,"","","","","","","","","","","","","","","","","","","",,,"","","KR - collected by CR","BG Sentinel","","2025-04-10T07:00:00.000Z",15,1,1,false,"CSUF; Ponding Basin Site B","Culex tarsalis","2025-04-10T22:20:33.403Z",517,0,18,0
"CNSL",20,3396988,"","","","","","","","","","","","","","","","","","","",,,"","","KR - collected by CR","BG Sentinel","","2025-04-10T07:00:00.000Z",15,1,1,false,"CSUF; Ponding Basin Site B","Culex erythrothorax","2025-04-10T22:20:33.403Z",517,4,0,0
"CNSL",20,3396988,"","","","","","","","","","","","","","","","","","","",,,"","","KR - collected by CR","BG Sentinel","","2025-04-10T07:00:00.000Z",15,1,1,false,"CSUF; Ponding Basin Site B","Culex erythrothorax","2025-04-10T22:20:33.403Z",517,0,439,0
"CNSL",21,3396989,"","","","","","","","","","","","","","","","","","","",,,"","","KR - collected by CR","BG Sentinel","","2025-04-10T07:00:00.000Z",15,1,1,false,"CSUF; Ponding Basin Site A","Culex tarsalis","2025-04-10T22:21:34.424Z",517,0,5,0
"CNSL",21,3396989,"","","","","","","","","","","","","","","","","","","",,,"","","KR - collected by CR","BG Sentinel","","2025-04-10T07:00:00.000Z",15,1,1,false,"CSUF; Ponding Basin Site A","Culex quinquefasciatus","2025-04-10T22:21:34.424Z",517,0,4,0
"CNSL",21,3396989,"","","","","","","","","","","","","","","","","","","",,,"","","KR - collected by CR","BG Sentinel","","2025-04-10T07:00:00.000Z",15,1,1,false,"CSUF; Ponding Basin Site A","Culex stigmatosoma","2025-04-10T22:21:34.424Z",517,0,1,0
"CNSL",23,3397380,"","","","","","","","","","","","","","","","","","","",,,"","","KR - collected by CR","Gravid trap","","2025-04-11T07:00:00.000Z",15,1,1,false,"Fixed; 2742 Swift","Culex quinquefasciatus","2025-04-11T21:00:50.007Z",517,0,0,1
"CNSL",23,3397380,"","","","","","","","","","","","","","","","","","","",,,"","","KR - collected by CR","Gravid trap","","2025-04-11T07:00:00.000Z",15,1,1,false,"Fixed; 2742 Swift","Aedes aegypti","2025-04-11T21:00:50.007Z",517,0,0,1
"CNSL",24,3397382,"","","","","","","","","","","","","","","","","","","",,,"","","KR - collected by CR","BG Sentinel","","2025-04-11T07:00:00.000Z",15,1,1,false,"Fixed; 2742 Swift","Culex quinquefasciatus","2025-04-11T21:03:54.700Z",517,0,3,0
"CNSL",24,3397382,"","","","","","","","","","","","","","","","","","","",,,"","","KR - collected by CR","BG Sentinel","","2025-04-11T07:00:00.000Z",15,1,1,false,"Fixed; 2742 Swift","Aedes aegypti","2025-04-11T21:03:54.700Z",517,0,1,0
"CNSL",25,3397383,"","","","","","","","","","","","","","","","","","","",,,"","","KR - collected by CR","Gravid trap","","2025-04-11T07:00:00.000Z",15,1,1,false,"2025 Clovis; 1441 Jasmine","Culex quinquefasciatus","2025-04-11T21:04:52.879Z",517,0,0,1
"CNSL",27,3397385,"","","","","","","","","","","","","","","","","","","",,,"","","KR - collected by CR","Gravid trap","","2025-04-11T07:00:00.000Z",15,1,1,false,"Fixed; 6688 E Lansing Way","Culex quinquefasciatus","2025-04-11T21:07:36.639Z",517,0,0,17
"CNSL",28,3397386,"","","","","","","","","","","","","","","","","","","",,,"","","KR - collected by CR","BG Sentinel","","2025-04-11T07:00:00.000Z",15,1,1,false,"Fixed; 6688 E Lansing Way","Culex quinquefasciatus","2025-04-11T21:09:46.012Z",517,0,1,0
"CNSL",28,3397386,"","","","","","","","","","","","","","","","","","","",,,"","","KR - collected by CR","BG Sentinel","","2025-04-11T07:00:00.000Z",15,1,1,false,"Fixed; 6688 E Lansing Way","Culex tarsalis","2025-04-11T21:09:46.012Z",517,0,1,0
"CNSL",29,3397387,"","","","","","","","","","","","","","","","","","","",,,"","","KR - collected by CR","BG Sentinel","","2025-04-11T07:00:00.000Z",15,1,1,false,"Fixed; 2578 Menlo","Culex quinquefasciatus","2025-04-11T21:10:30.029Z",517,0,7,0
"CNSL",29,3397387,"","","","","","","","","","","","","","","","","","","",,,"","","KR - collected by CR","BG Sentinel","","2025-04-11T07:00:00.000Z",15,1,1,false,"Fixed; 2578 Menlo","Culex tarsalis","2025-04-11T21:10:30.029Z",517,0,19,0
"CNSL",30,3397388,"","","","","","","","","","","","","","","","","","","",,,"","","KR - collected by CR","Gravid trap","","2025-04-11T07:00:00.000Z",15,1,1,false,"Fixed; 2578 Menlo","Culex quinquefasciatus","2025-04-11T21:11:19.866Z",517,4,0,0
"CNSL",30,3397388,"","","","","","","","","","","","","","","","","","","",,,"","","KR - collected by CR","Gravid trap","","2025-04-11T07:00:00.000Z",15,1,1,false,"Fixed; 2578 Menlo","Culex quinquefasciatus","2025-04-11T21:11:19.866Z",517,0,0,27
"CNSL",30,3397388,"","","","","","","","","","","","","","","","","","","",,,"","","KR - collected by CR","Gravid trap","","2025-04-11T07:00:00.000Z",15,1,1,false,"Fixed; 2578 Menlo","Culex stigmatosoma","2025-04-11T21:11:19.866Z",517,0,0,8
"CNSL",31,3397389,"","","","","","","","","","","","","","","","","","","",,,"","","KR - collected by CR","Gravid trap","","2025-04-11T07:00:00.000Z",15,1,1,false,"Fixed; Clovis Veterans","Culex stigmatosoma","2025-04-11T21:12:00.954Z",517,0,0,3
"CNSL",31,3397389,"","","","","","","","","","","","","","","","","","","",,,"","","KR - collected by CR","Gravid trap","","2025-04-11T07:00:00.000Z",15,1,1,false,"Fixed; Clovis Veterans","Culex quinquefasciatus","2025-04-11T21:12:00.954Z",517,2,0,0
"CNSL",31,3397389,"","","","","","","","","","","","","","","","","","","",,,"","","KR - collected by CR","Gravid trap","","2025-04-11T07:00:00.000Z",15,1,1,false,"Fixed; Clovis Veterans","Culex quinquefasciatus","2025-04-11T21:12:00.954Z",517,0,0,13
"CNSL",32,3397390,"","","","","","","","","","","","","","","","","","","",,,"","","KR - collected by CR","BG Sentinel","","2025-04-11T07:00:00.000Z",15,1,1,false,"Fixed; Clovis Veterans","Culex quinquefasciatus","2025-04-11T21:12:46.287Z",517,0,1,0
"CNSL",33,3397391,"","","","","","","","","","","","","","","","","","","",,,"","","KR - collected by CR","Gravid trap","","2025-04-11T07:00:00.000Z",15,1,1,false,"Fixed; 174 Serena","Culex stigmatosoma","2025-04-11T21:13:39.181Z",517,1,0,0
"CNSL",33,3397391,"","","","","","","","","","","","","","","","","","","",,,"","","KR - collected by CR","Gravid trap","","2025-04-11T07:00:00.000Z",15,1,1,false,"Fixed; 174 Serena","Anopheles freeborni","2025-04-11T21:13:39.181Z",517,1,0,0
"CNSL",34,3397393,"","","","","","","","","","","","","","","","","","","",,,"","","KR - collected by CR","BG Sentinel","","2025-04-11T07:00:00.000Z",15,1,1,false,"Fixed; 174 Serena","Culex quinquefasciatus","2025-04-11T21:14:34.932Z",517,0,1,0
"CNSL",34,3397393,"","","","","","","","","","","","","","","","","","","",,,"","","KR - collected by CR","BG Sentinel","","2025-04-11T07:00:00.000Z",15,1,1,false,"Fixed; 174 Serena","Culex tarsalis","2025-04-11T21:14:34.932Z",517,0,1,0
"CNSL",34,3397393,"","","","","","","","","","","","","","","","","","","",,,"","","KR - collected by CR","BG Sentinel","","2025-04-11T07:00:00.000Z",15,1,1,false,"Fixed; 174 Serena","Culex stigmatosoma","2025-04-11T21:14:34.932Z",517,1,0,0
"CNSL",35,3397394,"","","","","","","","","","","","","","","","","","","",,,"","","KR - collected by CR","BG Sentinel","","2025-04-11T07:00:00.000Z",15,1,1,false,"Fixed; 815 El Dorado Ave","Culex quinquefasciatus","2025-04-11T21:15:20.099Z",517,0,2,0
"CNSL",35,3397394,"","","","","","","","","","","","","","","","","","","",,,"","","KR - collected by CR","BG Sentinel","","2025-04-11T07:00:00.000Z",15,1,1,false,"Fixed; 815 El Dorado Ave","Culex tarsalis","2025-04-11T21:15:20.099Z",517,0,3,0
"CNSL",35,3397394,"","","","","","","","","","","","","","","","","","","",,,"","","KR - collected by CR","BG Sentinel","","2025-04-11T07:00:00.000Z",15,1,1,false,"Fixed; 815 El Dorado Ave","Culex stigmatosoma","2025-04-11T21:15:20.099Z",517,0,1,0
"CNSL",36,3397395,"","","","","","","","","","","","","","","","","","","",,,"","","KR - collected by CR","Gravid trap","","2025-04-11T07:00:00.000Z",15,1,1,false,"Fixed; 815 El Dorado Ave","Culex quinquefasciatus","2025-04-11T21:16:14.137Z",517,0,0,6
"CNSL",36,3397395,"","","","","","","","","","","","","","","","","","","",,,"","","KR - collected by CR","Gravid trap","","2025-04-11T07:00:00.000Z",15,1,1,false,"Fixed; 815 El Dorado Ave","Culex stigmatosoma","2025-04-11T21:16:14.137Z",517,0,0,2
"CNSL",37,3402556,"","","","","","","","","","","","","","","","","","","",,,"","","JB- Collected by CR","Gravid trap","","2025-04-15T07:00:00.000Z",16,1,1,false,"Fixed; 912 Sequoia","Culex quinquefasciatus","2025-04-17T15:42:35.462Z",1032,0,0,8
"CNSL",38,3402558,"","","","","","","","","","","","","","","","","","","",,,"","","JB- Collected by CR","Gravid trap","","2025-04-15T07:00:00.000Z",16,1,1,false,"Fixed; 180 Kelly","Culex quinquefasciatus","2025-04-17T15:43:57.478Z",1032,3,0,0
"CNSL",38,3402558,"","","","","","","","","","","","","","","","","","","",,,"","","JB- Collected by CR","Gravid trap","","2025-04-15T07:00:00.000Z",16,1,1,false,"Fixed; 180 Kelly","Culex quinquefasciatus","2025-04-17T15:43:57.478Z",1032,0,0,20
"CNSL",38,3402558,"","","","","","","","","","","","","","","","","","","",,,"","","JB- Collected by CR","Gravid trap","","2025-04-15T07:00:00.000Z",16,1,1,false,"Fixed; 180 Kelly","Culex stigmatosoma","2025-04-17T15:43:57.478Z",1032,1,0,0
"CNSL",38,3402558,"","","","","","","","","","","","","","","","","","","",,,"","","JB- Collected by CR","Gravid trap","","2025-04-15T07:00:00.000Z",16,1,1,false,"Fixed; 180 Kelly","Culex stigmatosoma","2025-04-17T15:43:57.478Z",1032,0,0,5
"CNSL",41,3402563,"","","","","","","","","","","","","","","","","","","",,,"","","JB- Collected by CR","Gravid trap","","2025-04-15T07:00:00.000Z",16,1,1,false,"Fixed; orchard SW of Saginaw and Thompson by canal","Culex quinquefasciatus","2025-04-17T15:48:56.451Z",1032,0,0,15
"CNSL",41,3402563,"","","","","","","","","","","","","","","","","","","",,,"","","JB- Collected by CR","Gravid trap","","2025-04-15T07:00:00.000Z",16,1,1,false,"Fixed; orchard SW of Saginaw and Thompson by canal","Culex stigmatosoma","2025-04-17T15:48:56.451Z",1032,0,0,8
"CNSL",42,3402564,"004064","152233-803","Dinuba and Bethel Avenue","Selma","93662",222,"004064","152233-803","Dinuba and Bethel Avenue","Selma","93662",222,"","","","","","","",-119.579194,36.590222,2,"","JB- Collected by CR","Gravid trap","","2025-04-15T07:00:00.000Z",16,1,1,false,"Fixed; SW corner of Dinuba and Bethel stonefruit orchard, SE of Indianola Elementary","Culex quinquefasciatus","2025-04-17T15:50:44.812Z",1032,14,0,0
"CNSL",42,3402564,"004064","152233-803","Dinuba and Bethel Avenue","Selma","93662",222,"004064","152233-803","Dinuba and Bethel Avenue","Selma","93662",222,"","","","","","","",-119.579194,36.590222,2,"","JB- Collected by CR","Gravid trap","","2025-04-15T07:00:00.000Z",16,1,1,false,"Fixed; SW corner of Dinuba and Bethel stonefruit orchard, SE of Indianola Elementary","Culex quinquefasciatus","2025-04-17T15:50:44.812Z",1032,0,0,24
"CNSL",42,3402564,"004064","152233-803","Dinuba and Bethel Avenue","Selma","93662",222,"004064","152233-803","Dinuba and Bethel Avenue","Selma","93662",222,"","","","","","","",-119.579194,36.590222,2,"","JB- Collected by CR","Gravid trap","","2025-04-15T07:00:00.000Z",16,1,1,false,"Fixed; SW corner of Dinuba and Bethel stonefruit orchard, SE of Indianola Elementary","Culex stigmatosoma","2025-04-17T15:50:44.812Z",1032,0,0,3
"CNSL",43,3402577,"","","","","","","","","","","","","","","","","","","",,,"","","JB- Collected by CR","Gravid trap","","2025-04-15T07:00:00.000Z",16,1,1,false,"2025 Central, W of Parlier and Academy orchard","Culex quinquefasciatus","2025-04-17T16:22:38.802Z",1032,4,0,0
"CNSL",43,3402577,"","","","","","","","","","","","","","","","","","","",,,"","","JB- Collected by CR","Gravid trap","","2025-04-15T07:00:00.000Z",16,1,1,false,"2025 Central, W of Parlier and Academy orchard","Culex quinquefasciatus","2025-04-17T16:22:38.802Z",1032,0,0,56
"CNSL",43,3402577,"","","","","","","","","","","","","","","","","","","",,,"","","JB- Collected by CR","Gravid trap","","2025-04-15T07:00:00.000Z",16,1,1,false,"2025 Central, W of Parlier and Academy orchard","Culex stigmatosoma","2025-04-17T16:22:38.802Z",1032,2,0,0
"CNSL",43,3402577,"","","","","","","","","","","","","","","","","","","",,,"","","JB- Collected by CR","Gravid trap","","2025-04-15T07:00:00.000Z",16,1,1,false,"2025 Central, W of Parlier and Academy orchard","Culex stigmatosoma","2025-04-17T16:22:38.802Z",1032,0,0,18
"CNSL",43,3402577,"","","","","","","","","","","","","","","","","","","",,,"","","JB- Collected by CR","Gravid trap","","2025-04-15T07:00:00.000Z",16,1,1,false,"2025 Central, W of Parlier and Academy orchard","Culex tarsalis","2025-04-17T16:22:38.802Z",1032,0,0,3
"CNSL",44,3402580,"","","","","","","","","","","","","","","","","","","",,,"","","JB- Collected by CR","Gravid trap","","2025-04-15T07:00:00.000Z",16,1,1,false,"Fixed; SW of Rorden and Countryview in orchard","Culex quinquefasciatus","2025-04-17T16:24:10.980Z",1032,1,0,0
"CNSL",44,3402580,"","","","","","","","","","","","","","","","","","","",,,"","","JB- Collected by CR","Gravid trap","","2025-04-15T07:00:00.000Z",16,1,1,false,"Fixed; SW of Rorden and Countryview in orchard","Culex quinquefasciatus","2025-04-17T16:24:10.980Z",1032,0,0,31
"CNSL",44,3402580,"","","","","","","","","","","","","","","","","","","",,,"","","JB- Collected by CR","Gravid trap","","2025-04-15T07:00:00.000Z",16,1,1,false,"Fixed; SW of Rorden and Countryview in orchard","Culex stigmatosoma","2025-04-17T16:24:10.980Z",1032,0,0,11
"CNSL",45,3402610,"","","","","","","","","","","","","","","","","","","",,,"","","JB- Collected by CR","Gravid trap","","2025-04-15T07:00:00.000Z",16,1,1,false,"Fixed; orchard NE Thompson and Dinuba","Culex quinquefasciatus","2025-04-17T16:39:09.268Z",1032,1,0,0
"CNSL",45,3402610,"","","","","","","","","","","","","","","","","","","",,,"","","JB- Collected by CR","Gravid trap","","2025-04-15T07:00:00.000Z",16,1,1,false,"Fixed; orchard NE Thompson and Dinuba","Culex quinquefasciatus","2025-04-17T16:39:09.268Z",1032,0,0,41
"CNSL",45,3402610,"","","","","","","","","","","","","","","","","","","",,,"","","JB- Collected by CR","Gravid trap","","2025-04-15T07:00:00.000Z",16,1,1,false,"Fixed; orchard NE Thompson and Dinuba","Culex stigmatosoma","2025-04-17T16:39:09.268Z",1032,0,0,21
"CNSL",46,3402613,"","","","","","","","","","","","","","","","","","","",,,"","","JB- Collected by CR","Gravid trap","","2025-04-15T07:00:00.000Z",16,1,1,false,"Fixed; orchard NE McCall and Dinuba","Culex quinquefasciatus","2025-04-17T16:40:02.765Z",1032,3,0,0
"CNSL",46,3402613,"","","","","","","","","","","","","","","","","","","",,,"","","JB- Collected by CR","Gravid trap","","2025-04-15T07:00:00.000Z",16,1,1,false,"Fixed; orchard NE McCall and Dinuba","Culex quinquefasciatus","2025-04-17T16:40:02.765Z",1032,0,0,56
"CNSL",46,3402613,"","","","","","","","","","","","","","","","","","","",,,"","","JB- Collected by CR","Gravid trap","","2025-04-15T07:00:00.000Z",16,1,1,false,"Fixed; orchard NE McCall and Dinuba","Culex stigmatosoma","2025-04-17T16:40:02.765Z",1032,0,0,6
"CNSL",47,3402615,"","","","","","","","","","","","","","","","","","","",,,"","","JB- Collected by CR","Gravid trap","","2025-04-15T07:00:00.000Z",16,1,1,false,"Fixed; SW Academy and South","Culex quinquefasciatus","2025-04-17T16:40:56.757Z",1032,2,0,0
"CNSL",47,3402615,"","","","","","","","","","","","","","","","","","","",,,"","","JB- Collected by CR","Gravid trap","","2025-04-15T07:00:00.000Z",16,1,1,false,"Fixed; SW Academy and South","Culex quinquefasciatus","2025-04-17T16:40:56.757Z",1032,0,0,37
"CNSL",47,3402615,"","","","","","","","","","","","","","","","","","","",,,"","","JB- Collected by CR","Gravid trap","","2025-04-15T07:00:00.000Z",16,1,1,false,"Fixed; SW Academy and South","Culex stigmatosoma","2025-04-17T16:40:56.757Z",1032,1,0,0
"CNSL",47,3402615,"","","","","","","","","","","","","","","","","","","",,,"","","JB- Collected by CR","Gravid trap","","2025-04-15T07:00:00.000Z",16,1,1,false,"Fixed; SW Academy and South","Culex stigmatosoma","2025-04-17T16:40:56.757Z",1032,0,0,3
"CNSL",47,3402615,"","","","","","","","","","","","","","","","","","","",,,"","","JB- Collected by CR","Gravid trap","","2025-04-15T07:00:00.000Z",16,1,1,false,"Fixed; SW Academy and South","Culex tarsalis","2025-04-17T16:40:56.757Z",1032,0,0,5
"CNSL",49,3402619,"","","","","","","","","","","","","","","","","","","",,,"","","JB- Collected by CR","BG Sentinel","","2025-04-15T07:00:00.000Z",16,1,1,false,"SR74; 3819 Willow St","Culex quinquefasciatus","2025-04-17T16:43:20.670Z",1032,0,8,0
"CNSL",49,3402619,"","","","","","","","","","","","","","","","","","","",,,"","","JB- Collected by CR","BG Sentinel","","2025-04-15T07:00:00.000Z",16,1,1,false,"SR74; 3819 Willow St","Culex stigmatosoma","2025-04-17T16:43:20.670Z",1032,0,1,0
"CNSL",49,3402619,"","","","","","","","","","","","","","","","","","","",,,"","","JB- Collected by CR","BG Sentinel","","2025-04-15T07:00:00.000Z",16,1,1,false,"SR74; 3819 Willow St","Culex tarsalis","2025-04-17T16:43:20.670Z",1032,0,11,0
"CNSL",50,3402620,"","","","","","","","","","","","","","","","","","","",,,"","","JB- Collected by CR","BG Sentinel","","2025-04-15T07:00:00.000Z",16,1,1,false,"Fixed; 912 Sequoia","Culex quinquefasciatus","2025-04-17T16:44:28.689Z",1032,0,6,0
"CNSL",51,3402622,"","","","","","","","","","","","","","","","","","","",,,"","","JB- Collected by CR","BG Sentinel","","2025-04-15T07:00:00.000Z",16,1,1,false,"Fixed; 180 Kelly","Culex quinquefasciatus","2025-04-17T16:45:13.005Z",1032,0,2,0
"CNSL",51,3402622,"","","","","","","","","","","","","","","","","","","",,,"","","JB- Collected by CR","BG Sentinel","","2025-04-15T07:00:00.000Z",16,1,1,false,"Fixed; 180 Kelly","Aedes aegypti","2025-04-17T16:45:13.005Z",1032,0,1,0
"CNSL",52,3402623,"","","","","","","","","","","","","","","","","","","",,,"","","JB- Collected by CR","BG Sentinel","","2025-04-15T07:00:00.000Z",16,1,1,false,"Fixed; 1714 Aspen st","Culex quinquefasciatus","2025-04-17T16:45:34.776Z",1032,0,2,0
"CNSL",53,3402624,"","","","","","","","","","","","","","","","","","","",,,"","","JB- Collected by CR","BG Sentinel","","2025-04-15T07:00:00.000Z",16,1,1,false,"Fixed; 3701 Olive Ln","Aedes aegypti","2025-04-17T16:46:08.975Z",1032,2,0,0
"CNSL",53,3402624,"","","","","","","","","","","","","","","","","","","",,,"","","JB- Collected by CR","BG Sentinel","","2025-04-15T07:00:00.000Z",16,1,1,false,"Fixed; 3701 Olive Ln","Aedes aegypti","2025-04-17T16:46:08.975Z",1032,0,1,0
"CNSL",55,3402629,"004064","152233-803","Dinuba and Bethel Avenue","Selma","93662",222,"004064","152233-803","Dinuba and Bethel Avenue","Selma","93662",222,"","","","","","","",-119.579194,36.590222,2,"","JB- Collected by CR","Carbon dioxide baited trap","","2025-04-15T07:00:00.000Z",16,1,1,false,"Fixed; SW corner of Dinuba and Bethel stonefruit orchard, SE of Indianola Elementary","Culex quinquefasciatus","2025-04-17T16:49:22.231Z",1032,1,0,0
"CNSL",55,3402629,"004064","152233-803","Dinuba and Bethel Avenue","Selma","93662",222,"004064","152233-803","Dinuba and Bethel Avenue","Selma","93662",222,"","","","","","","",-119.579194,36.590222,2,"","JB- Collected by CR","Carbon dioxide baited trap","","2025-04-15T07:00:00.000Z",16,1,1,false,"Fixed; SW corner of Dinuba and Bethel stonefruit orchard, SE of Indianola Elementary","Culex stigmatosoma","2025-04-17T16:49:22.231Z",1032,0,6,0
"CNSL",55,3402629,"004064","152233-803","Dinuba and Bethel Avenue","Selma","93662",222,"004064","152233-803","Dinuba and Bethel Avenue","Selma","93662",222,"","","","","","","",-119.579194,36.590222,2,"","JB- Collected by CR","Carbon dioxide baited trap","","2025-04-15T07:00:00.000Z",16,1,1,false,"Fixed; SW corner of Dinuba and Bethel stonefruit orchard, SE of Indianola Elementary","Culex tarsalis","2025-04-17T16:49:22.231Z",1032,0,1,0
"CNSL",56,3402631,"","","","","","","","","","","","","","","","","","","",,,"","","JB- Collected by CR","Carbon dioxide baited trap","","2025-04-15T07:00:00.000Z",16,1,1,false,"2025 Central, W of Parlier and Academy orchars","Culex quinquefasciatus","2025-04-17T16:50:26.541Z",1032,0,34,0
"CNSL",57,3402632,"","","","","","","","","","","","","","","","","","","",,,"","","JB- Collected by CR","Carbon dioxide baited trap","","2025-04-15T07:00:00.000Z",16,1,1,false,"Fixed; SE of Rorden and Countryview in orchard","Culex quinquefasciatus","2025-04-17T16:50:56.704Z",1032,0,4,0
"CNSL",57,3402632,"","","","","","","","","","","","","","","","","","","",,,"","","JB- Collected by CR","Carbon dioxide baited trap","","2025-04-15T07:00:00.000Z",16,1,1,false,"Fixed; SE of Rorden and Countryview in orchard","Culex tarsalis","2025-04-17T16:50:56.704Z",1032,0,1,0
"CNSL",58,3402635,"","","","","","","","","","","","","","","","","","","",,,"","","JB- Collected by CR","Carbon dioxide baited trap","","2025-04-15T07:00:00.000Z",16,1,1,false,"Fixed; orchard NE Thompson and Dinuba","Culex quinquefasciatus","2025-04-17T16:53:02.343Z",1032,0,2,0
"CNSL",58,3402635,"","","","","","","","","","","","","","","","","","","",,,"","","JB- Collected by CR","Carbon dioxide baited trap","","2025-04-15T07:00:00.000Z",16,1,1,false,"Fixed; orchard NE Thompson and Dinuba","Culex tarsalis","2025-04-17T16:53:02.343Z",1032,0,2,0
"CNSL",59,3402638,"","","","","","","","","","","","","","","","","","","",,,"","","JB- Collected by CR","Carbon dioxide baited trap","","2025-04-15T07:00:00.000Z",16,1,1,false,"Fixed; orchard NE McCall and Dinuba","Culex quinquefasciatus","2025-04-17T16:53:48.714Z",1032,0,1,0
"CNSL",59,3402638,"","","","","","","","","","","","","","","","","","","",,,"","","JB- Collected by CR","Carbon dioxide baited trap","","2025-04-15T07:00:00.000Z",16,1,1,false,"Fixed; orchard NE McCall and Dinuba","Culex stigmatosoma","2025-04-17T16:53:48.714Z",1032,0,1,0
"CNSL",59,3402638,"","","","","","","","","","","","","","","","","","","",,,"","","JB- Collected by CR","Carbon dioxide baited trap","","2025-04-15T07:00:00.000Z",16,1,1,false,"Fixed; orchard NE McCall and Dinuba","Culex tarsalis","2025-04-17T16:53:48.714Z",1032,0,1,0
"CNSL",60,3402642,"","","","","","","","","","","","","","","","","","","",,,"","","JB- Collected by CR","Carbon dioxide baited trap","","2025-04-15T07:00:00.000Z",16,1,1,false,"Fixed; SW Academy and South","Culex quinquefasciatus","2025-04-17T16:54:32.689Z",1032,0,4,0
"CNSL",60,3402642,"","","","","","","","","","","","","","","","","","","",,,"","","JB- Collected by CR","Carbon dioxide baited trap","","2025-04-15T07:00:00.000Z",16,1,1,false,"Fixed; SW Academy and South","Culex stigmatosoma","2025-04-17T16:54:32.689Z",1032,0,1,0
"CNSL",61,3402711,"","","","","","","","","","","","","","","","","","","",,,"","","JB- Collected by CR","Gravid trap","","2025-04-16T07:00:00.000Z",16,1,1,false,"Fixed; Annadale curve on S side pistachio orchard","Culex quinquefasciatus","2025-04-17T17:06:35.630Z",1032,0,0,2
"CNSL",61,3402711,"","","","","","","","","","","","","","","","","","","",,,"","","JB- Collected by CR","Gravid trap","","2025-04-16T07:00:00.000Z",16,1,1,false,"Fixed; Annadale curve on S side pistachio orchard","Culex stigmatosoma","2025-04-17T17:06:35.630Z",1032,0,0,3
"CNSL",61,3402711,"","","","","","","","","","","","","","","","","","","",,,"","","JB- Collected by CR","Gravid trap","","2025-04-16T07:00:00.000Z",16,1,1,false,"Fixed; Annadale curve on S side pistachio orchard","Culex thriambus","2025-04-17T17:06:35.630Z",1032,0,0,10
"CNSL",62,3402719,"003051","142302-805","Frankwood and Belmont Avenue","Sanger","93657",222,"003051","142302-805","Frankwood and Belmont Avenue","Sanger","93657",222,"","","","","","","",-119.446139,36.743444,2,"","JB- Collected by CR","Gravid trap","","2025-04-16T07:00:00.000Z",16,1,1,false,"Fixed; Frankwood Ave NE of Sherwood Golf Club","Culex quinquefasciatus","2025-04-17T17:10:54.447Z",1032,0,0,3
"CNSL",62,3402719,"003051","142302-805","Frankwood and Belmont Avenue","Sanger","93657",222,"003051","142302-805","Frankwood and Belmont Avenue","Sanger","93657",222,"","","","","","","",-119.446139,36.743444,2,"","JB- Collected by CR","Gravid trap","","2025-04-16T07:00:00.000Z",16,1,1,false,"Fixed; Frankwood Ave NE of Sherwood Golf Club","Culex stigmatosoma","2025-04-17T17:10:54.447Z",1032,0,0,7
"CNSL",62,3402719,"003051","142302-805","Frankwood and Belmont Avenue","Sanger","93657",222,"003051","142302-805","Frankwood and Belmont Avenue","Sanger","93657",222,"","","","","","","",-119.446139,36.743444,2,"","JB- Collected by CR","Gravid trap","","2025-04-16T07:00:00.000Z",16,1,1,false,"Fixed; Frankwood Ave NE of Sherwood Golf Club","Culex thriambus","2025-04-17T17:10:54.447Z",1032,0,0,10
"CNSL",62,3402719,"003051","142302-805","Frankwood and Belmont Avenue","Sanger","93657",222,"003051","142302-805","Frankwood and Belmont Avenue","Sanger","93657",222,"","","","","","","",-119.446139,36.743444,2,"","JB- Collected by CR","Gravid trap","","2025-04-16T07:00:00.000Z",16,1,1,false,"Fixed; Frankwood Ave NE of Sherwood Golf Club","Culex restuans","2025-04-17T17:10:54.447Z",1032,0,0,5
"CNSL",62,3402719,"003051","142302-805","Frankwood and Belmont Avenue","Sanger","93657",222,"003051","142302-805","Frankwood and Belmont Avenue","Sanger","93657",222,"","","","","","","",-119.446139,36.743444,2,"","JB- Collected by CR","Gravid trap","","2025-04-16T07:00:00.000Z",16,1,1,false,"Fixed; Frankwood Ave NE of Sherwood Golf Club","Culiseta incidens","2025-04-17T17:10:54.447Z",1032,0,0,2
"CNSL",63,3402720,"002066","142307-804","Smith and Rainbow","Sanger","93657",222,"002066","142307-804","Smith and Rainbow","Sanger","93657",222,"","","","","","","",-119.502072,36.724283,2,"","JB- Collected by CR","Gravid trap","","2025-04-16T07:00:00.000Z",16,1,1,false,"Fixed; China Creek","Culex quinquefasciatus","2025-04-17T17:12:07.850Z",1032,0,0,3
"CNSL",63,3402720,"002066","142307-804","Smith and Rainbow","Sanger","93657",222,"002066","142307-804","Smith and Rainbow","Sanger","93657",222,"","","","","","","",-119.502072,36.724283,2,"","JB- Collected by CR","Gravid trap","","2025-04-16T07:00:00.000Z",16,1,1,false,"Fixed; China Creek","Culex stigmatosoma","2025-04-17T17:12:07.850Z",1032,0,0,9
"CNSL",63,3402720,"002066","142307-804","Smith and Rainbow","Sanger","93657",222,"002066","142307-804","Smith and Rainbow","Sanger","93657",222,"","","","","","","",-119.502072,36.724283,2,"","JB- Collected by CR","Gravid trap","","2025-04-16T07:00:00.000Z",16,1,1,false,"Fixed; China Creek","Culex restuans","2025-04-17T17:12:07.850Z",1032,0,0,11
"CNSL",63,3402720,"002066","142307-804","Smith and Rainbow","Sanger","93657",222,"002066","142307-804","Smith and Rainbow","Sanger","93657",222,"","","","","","","",-119.502072,36.724283,2,"","JB- Collected by CR","Gravid trap","","2025-04-16T07:00:00.000Z",16,1,1,false,"Fixed; China Creek","Culex thriambus","2025-04-17T17:12:07.850Z",1032,2,0,0
"CNSL",63,3402720,"002066","142307-804","Smith and Rainbow","Sanger","93657",222,"002066","142307-804","Smith and Rainbow","Sanger","93657",222,"","","","","","","",-119.502072,36.724283,2,"","JB- Collected by CR","Gravid trap","","2025-04-16T07:00:00.000Z",16,1,1,false,"Fixed; China Creek","Culex thriambus","2025-04-17T17:12:07.850Z",1032,0,0,5
"CNSL",63,3402720,"002066","142307-804","Smith and Rainbow","Sanger","93657",222,"002066","142307-804","Smith and Rainbow","Sanger","93657",222,"","","","","","","",-119.502072,36.724283,2,"","JB- Collected by CR","Gravid trap","","2025-04-16T07:00:00.000Z",16,1,1,false,"Fixed; China Creek","Culiseta incidens","2025-04-17T17:12:07.850Z",1032,3,0,0
"CNSL",63,3402720,"002066","142307-804","Smith and Rainbow","Sanger","93657",222,"002066","142307-804","Smith and Rainbow","Sanger","93657",222,"","","","","","","",-119.502072,36.724283,2,"","JB- Collected by CR","Gravid trap","","2025-04-16T07:00:00.000Z",16,1,1,false,"Fixed; China Creek","Culiseta incidens","2025-04-17T17:12:07.850Z",1032,0,0,4
"CNSL",64,3402721,"","","","","","","","","","","","","","","","","","","",,,"","","JB- Collected by CR","Gravid trap","","2025-04-16T07:00:00.000Z",16,1,1,false,"Fixed; SW corner of Annadale and Channel, slough on W side","Culex quinquefasciatus","2025-04-17T17:14:50.937Z",1032,2,0,0
"CNSL",64,3402721,"","","","","","","","","","","","","","","","","","","",,,"","","JB- Collected by CR","Gravid trap","","2025-04-16T07:00:00.000Z",16,1,1,false,"Fixed; SW corner of Annadale and Channel, slough on W side","Culex quinquefasciatus","2025-04-17T17:14:50.937Z",1032,0,0,19
"CNSL",64,3402721,"","","","","","","","","","","","","","","","","","","",,,"","","JB- Collected by CR","Gravid trap","","2025-04-16T07:00:00.000Z",16,1,1,false,"Fixed; SW corner of Annadale and Channel, slough on W side","Culex thriambus","2025-04-17T17:14:50.937Z",1032,0,0,3
"CNSL",64,3402721,"","","","","","","","","","","","","","","","","","","",,,"","","JB- Collected by CR","Gravid trap","","2025-04-16T07:00:00.000Z",16,1,1,false,"Fixed; SW corner of Annadale and Channel, slough on W side","Culex tarsalis","2025-04-17T17:14:50.937Z",1032,1,0,0
"CNSL",64,3402721,"","","","","","","","","","","","","","","","","","","",,,"","","JB- Collected by CR","Gravid trap","","2025-04-16T07:00:00.000Z",16,1,1,false,"Fixed; SW corner of Annadale and Channel, slough on W side","Culiseta inornata","2025-04-17T17:14:50.937Z",1032,1,0,0
"CNSL",65,3402722,"","","","","","","","","","","","","","","","","","","",,,"","","JB- Collected by CR","Gravid trap","","2025-04-16T07:00:00.000Z",16,1,1,false,"Fixed; Collins Creek/Paxton's middle of trail","Culex quinquefasciatus","2025-04-17T17:15:40.209Z",1032,0,0,4
"CNSL",65,3402722,"","","","","","","","","","","","","","","","","","","",,,"","","JB- Collected by CR","Gravid trap","","2025-04-16T07:00:00.000Z",16,1,1,false,"Fixed; Collins Creek/Paxton's middle of trail","Culex stigmatosoma","2025-04-17T17:15:40.209Z",1032,0,0,2
"CNSL",65,3402722,"","","","","","","","","","","","","","","","","","","",,,"","","JB- Collected by CR","Gravid trap","","2025-04-16T07:00:00.000Z",16,1,1,false,"Fixed; Collins Creek/Paxton's middle of trail","Culiseta incidens","2025-04-17T17:15:40.209Z",1032,0,0,1
"CNSL",66,3402724,"003002","142309-807","17604 E Kings Canyon Rd","Sanger","93657",222,"003002","142309-807","17604 E Kings Canyon Rd","Sanger","93657",222,"","","","","","","",-119.467503,36.732221,2,"","JB- Collected by CR","Gravid trap","","2025-04-16T07:00:00.000Z",16,1,1,false,"Fixed; Kings River Mobile Home Park","Culex quinquefasciatus","2025-04-17T17:18:01.263Z",1032,0,0,13
"CNSL",66,3402724,"003002","142309-807","17604 E Kings Canyon Rd","Sanger","93657",222,"003002","142309-807","17604 E Kings Canyon Rd","Sanger","93657",222,"","","","","","","",-119.467503,36.732221,2,"","JB- Collected by CR","Gravid trap","","2025-04-16T07:00:00.000Z",16,1,1,false,"Fixed; Kings River Mobile Home Park","Culex stigmatosoma","2025-04-17T17:18:01.263Z",1032,0,0,45
"CNSL",66,3402724,"003002","142309-807","17604 E Kings Canyon Rd","Sanger","93657",222,"003002","142309-807","17604 E Kings Canyon Rd","Sanger","93657",222,"","","","","","","",-119.467503,36.732221,2,"","JB- Collected by CR","Gravid trap","","2025-04-16T07:00:00.000Z",16,1,1,false,"Fixed; Kings River Mobile Home Park","Culex thriambus","2025-04-17T17:18:01.263Z",1032,0,0,67
"CNSL",66,3402724,"003002","142309-807","17604 E Kings Canyon Rd","Sanger","93657",222,"003002","142309-807","17604 E Kings Canyon Rd","Sanger","93657",222,"","","","","","","",-119.467503,36.732221,2,"","JB- Collected by CR","Gravid trap","","2025-04-16T07:00:00.000Z",16,1,1,false,"Fixed; Kings River Mobile Home Park","Culex restuans","2025-04-17T17:18:01.263Z",1032,0,0,58
"CNSL",66,3402724,"003002","142309-807","17604 E Kings Canyon Rd","Sanger","93657",222,"003002","142309-807","17604 E Kings Canyon Rd","Sanger","93657",222,"","","","","","","",-119.467503,36.732221,2,"","JB- Collected by CR","Gravid trap","","2025-04-16T07:00:00.000Z",16,1,1,false,"Fixed; Kings River Mobile Home Park","Culiseta incidens","2025-04-17T17:18:01.263Z",1032,0,0,21
"CNSL",67,3402726,"","","","","","","","","","","","","","","","","","","",,,"","","JB- Collected by CR","Gravid trap","","2025-04-16T07:00:00.000Z",16,1,1,false,"Fixed; Sanger Cemetery","Culex quinquefasciatus","2025-04-17T17:18:52.254Z",1032,0,0,3
"CNSL",67,3402726,"","","","","","","","","","","","","","","","","","","",,,"","","JB- Collected by CR","Gravid trap","","2025-04-16T07:00:00.000Z",16,1,1,false,"Fixed; Sanger Cemetery","Culex stigmatosoma","2025-04-17T17:18:52.254Z",1032,0,0,2
"CNSL",67,3402726,"","","","","","","","","","","","","","","","","","","",,,"","","JB- Collected by CR","Gravid trap","","2025-04-16T07:00:00.000Z",16,1,1,false,"Fixed; Sanger Cemetery","Culex thriambus","2025-04-17T17:18:52.254Z",1032,0,0,10
"CNSL",68,3402727,"","","","","","","","","","","","","","","","","","","",,,"","","JB- Collected by CR","Gravid trap","","2025-04-16T07:00:00.000Z",16,1,1,false,"Fixed; Annadale and MacDonough, citrus orchard","Culex quinquefasciatus","2025-04-17T17:19:52.524Z",1032,0,0,2
"CNSL",68,3402727,"","","","","","","","","","","","","","","","","","","",,,"","","JB- Collected by CR","Gravid trap","","2025-04-16T07:00:00.000Z",16,1,1,false,"Fixed; Annadale and MacDonough, citrus orchard","Culex tarsalis","2025-04-17T17:19:52.524Z",1032,1,0,0
"CNSL",68,3402727,"","","","","","","","","","","","","","","","","","","",,,"","","JB- Collected by CR","Gravid trap","","2025-04-16T07:00:00.000Z",16,1,1,false,"Fixed; Annadale and MacDonough, citrus orchard","Culex tarsalis","2025-04-17T17:19:52.524Z",1032,0,0,1
"CNSL",68,3402727,"","","","","","","","","","","","","","","","","","","",,,"","","JB- Collected by CR","Gravid trap","","2025-04-16T07:00:00.000Z",16,1,1,false,"Fixed; Annadale and MacDonough, citrus orchard","Culiseta incidens","2025-04-17T17:19:52.524Z",1032,0,0,1
"CNSL",69,3402729,"","","","","","","","","","","","","","","","","","","",,,"","","JB- Collected by CR","Gravid trap","","2025-04-16T07:00:00.000Z",16,1,1,false,"Fixed; E of North and Newmark, orange orchard","Culex quinquefasciatus","2025-04-17T17:21:11.975Z",1032,5,0,0
"CNSL",69,3402729,"","","","","","","","","","","","","","","","","","","",,,"","","JB- Collected by CR","Gravid trap","","2025-04-16T07:00:00.000Z",16,1,1,false,"Fixed; E of North and Newmark, orange orchard","Culex quinquefasciatus","2025-04-17T17:21:11.975Z",1032,0,0,11
"CNSL",69,3402729,"","","","","","","","","","","","","","","","","","","",,,"","","JB- Collected by CR","Gravid trap","","2025-04-16T07:00:00.000Z",16,1,1,false,"Fixed; E of North and Newmark, orange orchard","Culex erythrothorax","2025-04-17T17:21:11.975Z",1032,0,0,2
"CNSL",69,3402729,"","","","","","","","","","","","","","","","","","","",,,"","","JB- Collected by CR","Gravid trap","","2025-04-16T07:00:00.000Z",16,1,1,false,"Fixed; E of North and Newmark, orange orchard","Culex restuans","2025-04-17T17:21:11.975Z",1032,0,0,7
"CNSL",69,3402729,"","","","","","","","","","","","","","","","","","","",,,"","","JB- Collected by CR","Gravid trap","","2025-04-16T07:00:00.000Z",16,1,1,false,"Fixed; E of North and Newmark, orange orchard","Culiseta inornata","2025-04-17T17:21:11.975Z",1032,1,0,0
"CNSL",69,3402729,"","","","","","","","","","","","","","","","","","","",,,"","","JB- Collected by CR","Gravid trap","","2025-04-16T07:00:00.000Z",16,1,1,false,"Fixed; E of North and Newmark, orange orchard","Anopheles freeborni","2025-04-17T17:21:11.975Z",1032,1,0,0
"CNSL",70,3402731,"","","","","","","","","","","","","","","","","","","",,,"","","JB- Collected by CR","Gravid trap","","2025-04-16T07:00:00.000Z",16,1,1,false,"Fixed; Wildwood, W side of Lake","Culex stigmatosoma","2025-04-17T17:22:24.077Z",1032,0,0,7
"CNSL",70,3402731,"","","","","","","","","","","","","","","","","","","",,,"","","JB- Collected by CR","Gravid trap","","2025-04-16T07:00:00.000Z",16,1,1,false,"Fixed; Wildwood, W side of Lake","Culex restuans","2025-04-17T17:22:24.077Z",1032,0,0,9
"CNSL",70,3402731,"","","","","","","","","","","","","","","","","","","",,,"","","JB- Collected by CR","Gravid trap","","2025-04-16T07:00:00.000Z",16,1,1,false,"Fixed; Wildwood, W side of Lake","Culex thriambus","2025-04-17T17:22:24.077Z",1032,0,0,11
"CNSL",70,3402731,"","","","","","","","","","","","","","","","","","","",,,"","","JB- Collected by CR","Gravid trap","","2025-04-16T07:00:00.000Z",16,1,1,false,"Fixed; Wildwood, W side of Lake","Culiseta incidens","2025-04-17T17:22:24.077Z",1032,0,0,10
"CNSL",70,3402731,"","","","","","","","","","","","","","","","","","","",,,"","","JB- Collected by CR","Gravid trap","","2025-04-16T07:00:00.000Z",16,1,1,false,"Fixed; Wildwood, W side of Lake","Culex quinquefasciatus","2025-04-17T17:22:24.077Z",1032,0,0,1
"CNSL",72,3402748,"003116","142303-804","600 N. Piedra Road","Sanger","93657",222,"003116","142303-804","600 N. Piedra Road","Sanger","93657",222,"","","","","","","",-119.452083,36.743194,2,"","JB- Collected by CR","BG Sentinel","","2025-04-16T07:00:00.000Z",16,1,1,false,"SR77; 600 N Piedra Rd","Culex tarsalis","2025-04-17T17:32:17.652Z",1032,0,1,0
"CNSL",73,3402771,"003002","142309-807","17604 E Kings Canyon Rd","Sanger","93657",222,"003002","142309-807","17604 E Kings Canyon Rd","Sanger","93657",222,"","","","","","","",-119.467503,36.732221,2,"","JB- Collected by CR","BG Sentinel","","2025-04-16T07:00:00.000Z",16,1,1,false,"Fixed; Kings River Mobile Home","Culex tarsalis","2025-04-17T17:39:41.917Z",1032,0,1,0
"CNSL",74,3402803,"","","","","","","","","","","","","","","","","","","",,,"","","JB- Collected by CR","BG Sentinel","","2025-04-16T07:00:00.000Z",16,1,1,false,"Fixed; Sanger Cemetery","Culex quinquefasciatus","2025-04-17T18:29:56.284Z",1032,0,2,0
"CNSL",74,3402803,"","","","","","","","","","","","","","","","","","","",,,"","","JB- Collected by CR","BG Sentinel","","2025-04-16T07:00:00.000Z",16,1,1,false,"Fixed; Sanger Cemetery","Culex tarsalis","2025-04-17T18:29:56.284Z",1032,0,2,0
"CNSL",74,3402803,"","","","","","","","","","","","","","","","","","","",,,"","","JB- Collected by CR","BG Sentinel","","2025-04-16T07:00:00.000Z",16,1,1,false,"Fixed; Sanger Cemetery","Culex restuans","2025-04-17T18:29:56.284Z",1032,0,8,0
"CNSL",74,3402803,"","","","","","","","","","","","","","","","","","","",,,"","","JB- Collected by CR","BG Sentinel","","2025-04-16T07:00:00.000Z",16,1,1,false,"Fixed; Sanger Cemetery","Culicoides","2025-04-17T18:29:56.284Z",1032,0,1,0
"CNSL",75,3402805,"","","","","","","","","","","","","","","","","","","",,,"","","JB- Collected by CR","Carbon dioxide baited trap","","2025-04-16T07:00:00.000Z",16,1,1,false,"Fixed; Annadale and MacDonough, citrus orchard","Culex tarsalis","2025-04-17T18:31:00.273Z",1032,0,2,0
"CNSL",75,3402805,"","","","","","","","","","","","","","","","","","","",,,"","","JB- Collected by CR","Carbon dioxide baited trap","","2025-04-16T07:00:00.000Z",16,1,1,false,"Fixed; Annadale and MacDonough, citrus orchard","Culex thriambus","2025-04-17T18:31:00.273Z",1032,0,1,0
"CNSL",75,3402805,"","","","","","","","","","","","","","","","","","","",,,"","","JB- Collected by CR","Carbon dioxide baited trap","","2025-04-16T07:00:00.000Z",16,1,1,false,"Fixed; Annadale and MacDonough, citrus orchard","Aedes vexans","2025-04-17T18:31:00.273Z",1032,0,1,0
"CNSL",76,3402807,"","","","","","","","","","","","","","","","","","","",,,"","","JB- Collected by CR","Carbon dioxide baited trap","","2025-04-16T07:00:00.000Z",16,1,1,false,"Fixed; E of North and Newmark, orange orchard","Culex quinquefasciatus","2025-04-17T18:31:57.851Z",1032,0,5,0
"CNSL",76,3402807,"","","","","","","","","","","","","","","","","","","",,,"","","JB- Collected by CR","Carbon dioxide baited trap","","2025-04-16T07:00:00.000Z",16,1,1,false,"Fixed; E of North and Newmark, orange orchard","Culex stigmatosoma","2025-04-17T18:31:57.851Z",1032,0,2,0
"CNSL",76,3402807,"","","","","","","","","","","","","","","","","","","",,,"","","JB- Collected by CR","Carbon dioxide baited trap","","2025-04-16T07:00:00.000Z",16,1,1,false,"Fixed; E of North and Newmark, orange orchard","Culex tarsalis","2025-04-17T18:31:57.851Z",1032,0,6,0
"CNSL",76,3402807,"","","","","","","","","","","","","","","","","","","",,,"","","JB- Collected by CR","Carbon dioxide baited trap","","2025-04-16T07:00:00.000Z",16,1,1,false,"Fixed; E of North and Newmark, orange orchard","Anopheles freeborni","2025-04-17T18:31:57.851Z",1032,0,1,0
"CNSL",77,3402809,"","","","","","","","","","","","","","","","","","","",,,"","","JB- Collected by CR","Carbon dioxide baited trap","","2025-04-16T07:00:00.000Z",16,1,1,false,"Fixed; Wildwood, W side of Lake","Culex tarsalis","2025-04-17T18:33:05.363Z",1032,0,1,0
"CNSL",77,3402809,"","","","","","","","","","","","","","","","","","","",,,"","","JB- Collected by CR","Carbon dioxide baited trap","","2025-04-16T07:00:00.000Z",16,1,1,false,"Fixed; Wildwood, W side of Lake","Anopheles freeborni","2025-04-17T18:33:05.363Z",1032,0,3,0
"CNSL",77,3402809,"","","","","","","","","","","","","","","","","","","",,,"","","JB- Collected by CR","Carbon dioxide baited trap","","2025-04-16T07:00:00.000Z",16,1,1,false,"Fixed; Wildwood, W side of Lake","Culiseta incidens","2025-04-17T18:33:05.363Z",1032,0,5,0
"CNSL",77,3402809,"","","","","","","","","","","","","","","","","","","",,,"","","JB- Collected by CR","Carbon dioxide baited trap","","2025-04-16T07:00:00.000Z",16,1,1,false,"Fixed; Wildwood, W side of Lake","Aedes sierrensis","2025-04-17T18:33:05.363Z",1032,1,0,0
"CNSL",77,3402809,"","","","","","","","","","","","","","","","","","","",,,"","","JB- Collected by CR","Carbon dioxide baited trap","","2025-04-16T07:00:00.000Z",16,1,1,false,"Fixed; Wildwood, W side of Lake","Aedes sierrensis","2025-04-17T18:33:05.363Z",1032,0,3,0
"CNSL",78,3402810,"","","","","","","","","","","","","","","","","","","",,,"","","JB- Collected by CR","Carbon dioxide baited trap","","2025-04-16T07:00:00.000Z",16,1,1,false,"Fixed; Annadale curve on S side","Culex quinquefasciatus","2025-04-17T18:33:48.287Z",1032,0,1,0
"CNSL",78,3402810,"","","","","","","","","","","","","","","","","","","",,,"","","JB- Collected by CR","Carbon dioxide baited trap","","2025-04-16T07:00:00.000Z",16,1,1,false,"Fixed; Annadale curve on S side","Culex tarsalis","2025-04-17T18:33:48.287Z",1032,0,1,0
"CNSL",78,3402810,"","","","","","","","","","","","","","","","","","","",,,"","","JB- Collected by CR","Carbon dioxide baited trap","","2025-04-16T07:00:00.000Z",16,1,1,false,"Fixed; Annadale curve on S side","Culex stigmatosoma","2025-04-17T18:33:48.287Z",1032,0,1,0
"CNSL",79,3402811,"003051","142302-805","Frankwood and Belmont Avenue","Sanger","93657",222,"003051","142302-805","Frankwood and Belmont Avenue","Sanger","93657",222,"","","","","","","",-119.446139,36.743444,2,"","JB- Collected by CR","Carbon dioxide baited trap","","2025-04-16T07:00:00.000Z",16,1,1,false,"Fixed; Frankwood Ave Ne of Sherwood, Golf Club","Aedes sierrensis","2025-04-17T18:34:23.147Z",1032,18,0,0
"CNSL",79,3402811,"003051","142302-805","Frankwood and Belmont Avenue","Sanger","93657",222,"003051","142302-805","Frankwood and Belmont Avenue","Sanger","93657",222,"","","","","","","",-119.446139,36.743444,2,"","JB- Collected by CR","Carbon dioxide baited trap","","2025-04-16T07:00:00.000Z",16,1,1,false,"Fixed; Frankwood Ave Ne of Sherwood, Golf Club","Aedes sierrensis","2025-04-17T18:34:23.147Z",1032,0,1,0
"CNSL",80,3402812,"002066","142307-804","Smith and Rainbow","Sanger","93657",222,"002066","142307-804","Smith and Rainbow","Sanger","93657",222,"","","","","","","",-119.502072,36.724283,2,"","JB- Collected by CR","Carbon dioxide baited trap","","2025-04-16T07:00:00.000Z",16,1,1,false,"Fixed; China Creek","Culex tarsalis","2025-04-17T18:35:12.252Z",1032,0,3,0
"CNSL",80,3402812,"002066","142307-804","Smith and Rainbow","Sanger","93657",222,"002066","142307-804","Smith and Rainbow","Sanger","93657",222,"","","","","","","",-119.502072,36.724283,2,"","JB- Collected by CR","Carbon dioxide baited trap","","2025-04-16T07:00:00.000Z",16,1,1,false,"Fixed; China Creek","Culex erythrothorax","2025-04-17T18:35:12.252Z",1032,0,2,0
"CNSL",80,3402812,"002066","142307-804","Smith and Rainbow","Sanger","93657",222,"002066","142307-804","Smith and Rainbow","Sanger","93657",222,"","","","","","","",-119.502072,36.724283,2,"","JB- Collected by CR","Carbon dioxide baited trap","","2025-04-16T07:00:00.000Z",16,1,1,false,"Fixed; China Creek","Aedes melanimon","2025-04-17T18:35:12.252Z",1032,0,1,0
"CNSL",80,3402812,"002066","142307-804","Smith and Rainbow","Sanger","93657",222,"002066","142307-804","Smith and Rainbow","Sanger","93657",222,"","","","","","","",-119.502072,36.724283,2,"","JB- Collected by CR","Carbon dioxide baited trap","","2025-04-16T07:00:00.000Z",16,1,1,false,"Fixed; China Creek","Anopheles freeborni","2025-04-17T18:35:12.252Z",1032,0,3,0
"CNSL",80,3402812,"002066","142307-804","Smith and Rainbow","Sanger","93657",222,"002066","142307-804","Smith and Rainbow","Sanger","93657",222,"","","","","","","",-119.502072,36.724283,2,"","JB- Collected by CR","Carbon dioxide baited trap","","2025-04-16T07:00:00.000Z",16,1,1,false,"Fixed; China Creek","Culiseta incidens","2025-04-17T18:35:12.252Z",1032,0,17,0
"CNSL",81,3402813,"","","","","","","","","","","","","","","","","","","",,,"","","JB- Collected by CR","Carbon dioxide baited trap","","2025-04-16T07:00:00.000Z",16,1,1,false,"Fixed; SW corner of Annadale and Channel","Culex tarsalis","2025-04-17T18:36:05.900Z",1032,0,1,0
"CNSL",81,3402813,"","","","","","","","","","","","","","","","","","","",,,"","","JB- Collected by CR","Carbon dioxide baited trap","","2025-04-16T07:00:00.000Z",16,1,1,false,"Fixed; SW corner of Annadale and Channel","Culex restuans","2025-04-17T18:36:05.900Z",1032,0,1,0
"CNSL",82,3402815,"","","","","","","","","","","","","","","","","","","",,,"","","JB- Collected by CR","Carbon dioxide baited trap","","2025-04-16T07:00:00.000Z",16,1,1,false,"Fixed; Collins Creek/ Paxton's middle of trail","Culex thriambus","2025-04-17T18:37:05.683Z",1032,0,1,0
"CNSL",82,3402815,"","","","","","","","","","","","","","","","","","","",,,"","","JB- Collected by CR","Carbon dioxide baited trap","","2025-04-16T07:00:00.000Z",16,1,1,false,"Fixed; Collins Creek/ Paxton's middle of trail","Aedes melanimon","2025-04-17T18:37:05.683Z",1032,0,1,0
"CNSL",83,3403895,"","","","","","","","","","","","","","","","","","","",,,"","","JB- Collected by CR","Carbon dioxide baited trap","","2025-04-16T07:00:00.000Z",16,1,1,false,"Fixed; Collins Creek/ Paxton's middle of trail","Culex thriambus","2025-04-21T14:12:04.682Z",1032,0,1,0
"CNSL",83,3403895,"","","","","","","","","","","","","","","","","","","",,,"","","JB- Collected by CR","Carbon dioxide baited trap","","2025-04-16T07:00:00.000Z",16,1,1,false,"Fixed; Collins Creek/ Paxton's middle of trail","Aedes melanimon","2025-04-21T14:12:04.682Z",1032,0,1,0
"CNSL",84,3403898,"","","","","","","","","","","","","","","","","","","",,,"","","JB- Collected by CR","Gravid trap","","2025-04-17T07:00:00.000Z",16,1,1,false,"Fixed; 762 Howard st","Culex quinquefasciatus","2025-04-21T15:14:01.587Z",1032,0,0,4
"CNSL",88,3403902,"004070","162231-807","McCall and Elkhorn Avenue","Selma","93662",222,"004070","162231-807","McCall and Elkhorn Avenue","Selma","93662",222,"","","","","","","",-119.620194,36.493,2,"","JB- Collected by CR","Gravid trap","","2025-04-17T07:00:00.000Z",16,1,1,false,"Fixed; SW of Harris Ranch, orchard","Culex quinquefasciatus","2025-04-21T15:20:16.012Z",1032,0,0,10
"CNSL",90,3403907,"","","","","","","","","","","","","","","","","","","",,,"","","JB- Collected by CR","Gravid trap","","2025-04-17T07:00:00.000Z",16,1,1,false,"Fixed; E of Bethel on N side of Clarkson, orchard","Culex quinquefasciatus","2025-04-21T15:26:15.809Z",1032,5,0,0
"CNSL",90,3403907,"","","","","","","","","","","","","","","","","","","",,,"","","JB- Collected by CR","Gravid trap","","2025-04-17T07:00:00.000Z",16,1,1,false,"Fixed; E of Bethel on N side of Clarkson, orchard","Culex quinquefasciatus","2025-04-21T15:26:15.809Z",1032,0,0,7
"CNSL",91,3403910,"","","","","","","","","","","","","","","","","","","",,,"","","JB- Collected by CR","Gravid trap","","2025-04-17T07:00:00.000Z",16,1,1,false,"Fixed; SE corner of Nebraska and Smith, W of canal in almonds","Culex quinquefasciatus","2025-04-21T15:27:42.750Z",1032,0,0,3
"CNSL",91,3403910,"","","","","","","","","","","","","","","","","","","",,,"","","JB- Collected by CR","Gravid trap","","2025-04-17T07:00:00.000Z",16,1,1,false,"Fixed; SE corner of Nebraska and Smith, W of canal in almonds","Culex stigmatosoma","2025-04-21T15:27:42.750Z",1032,0,0,1
"CNSL",92,3403914,"","","","","","","","","","","","","","","","","","","",,,"","","JB- Collected by CR","Gravid trap","","2025-04-17T07:00:00.000Z",16,1,1,false,"Fixed; E of North 5 1/2 Ave and Benecia, orchard","Culex quinquefasciatus","2025-04-21T15:28:50.866Z",1032,0,0,13
"CNSL",92,3403914,"","","","","","","","","","","","","","","","","","","",,,"","","JB- Collected by CR","Gravid trap","","2025-04-17T07:00:00.000Z",16,1,1,false,"Fixed; E of North 5 1/2 Ave and Benecia, orchard","Culex stigmatosoma","2025-04-21T15:28:50.866Z",1032,0,0,6
"CNSL",93,3403916,"","","","","","","","","","","","","","","","","","","",,,"","","JB- Collected by CR","Gravid trap","","2025-04-17T07:00:00.000Z",16,1,1,false,"Fixed; E of Kamm and Madsen on S side, orchard","Culex quinquefasciatus","2025-04-21T15:30:10.127Z",1032,0,0,20
"CNSL",93,3403916,"","","","","","","","","","","","","","","","","","","",,,"","","JB- Collected by CR","Gravid trap","","2025-04-17T07:00:00.000Z",16,1,1,false,"Fixed; E of Kamm and Madsen on S side, orchard","Culex erythrothorax","2025-04-21T15:30:10.127Z",1032,0,0,1
"CNSL",93,3403916,"","","","","","","","","","","","","","","","","","","",,,"","","JB- Collected by CR","Gravid trap","","2025-04-17T07:00:00.000Z",16,1,1,false,"Fixed; E of Kamm and Madsen on S side, orchard","Culex stigmatosoma","2025-04-21T15:30:10.127Z",1032,0,0,1
"CNSL",95,3403918,"","","","","","","","","","","","","","","","","","","",,,"","","JB- Collected by CR","Gravid trap","","2025-04-17T07:00:00.000Z",16,1,1,false,"Fixed; E of Burris Park, orchard","Culex quinquefasciatus","2025-04-21T15:31:51.054Z",1032,0,0,5
"CNSL",95,3403918,"","","","","","","","","","","","","","","","","","","",,,"","","JB- Collected by CR","Gravid trap","","2025-04-17T07:00:00.000Z",16,1,1,false,"Fixed; E of Burris Park, orchard","Culex stigmatosoma","2025-04-21T15:31:51.054Z",1032,0,0,2
"CNSL",98,3403951,"","","","","","","","","","","","","","","","","","","",,,"","","JB- Collected by CR","BG Sentinel","","2025-04-17T07:00:00.000Z",16,1,1,false,"Fixed; 2396 17th Ave","Culex quinquefasciatus","2025-04-21T15:39:46.859Z",1032,0,4,0
"CNSL",101,3403956,"","","","","","","","","","","","","","","","","","","",,,"","","JB- Collected by CR","Carbon dioxide baited trap","","2025-04-17T07:00:00.000Z",16,1,1,false,"Fixed; E of 6th Ave and Clinton, orchard","Culex tarsalis","2025-04-21T15:55:39.816Z",1032,0,1,0
"CNSL",102,3403957,"","","","","","","","","","","","","","","","","","","",,,"","","JB- Collected by CR","Carbon dioxide baited trap","","2025-04-17T07:00:00.000Z",16,1,1,false,"Fixed; E of Bethel on N side of Clarkson, orchard","Culex quinquefasciatus","2025-04-21T15:56:22.579Z",1032,5,0,0
"CNSL",102,3403957,"","","","","","","","","","","","","","","","","","","",,,"","","JB- Collected by CR","Carbon dioxide baited trap","","2025-04-17T07:00:00.000Z",16,1,1,false,"Fixed; E of Bethel on N side of Clarkson, orchard","Culex quinquefasciatus","2025-04-21T15:56:22.579Z",1032,0,0,7
"CNSL",103,3403958,"","","","","","","","","","","","","","","","","","","",,,"","","JB- Collected by CR","Carbon dioxide baited trap","","2025-04-17T07:00:00.000Z",16,1,1,false,"Fixed; SE corner of Nebraska and Smith, W of canal in almonds","Culiseta inornata","2025-04-21T15:57:21.331Z",1032,0,1,0
"CNSL",104,3403959,"","","","","","","","","","","","","","","","","","","",,,"","","JB- Collected by CR","Carbon dioxide baited trap","","2025-04-17T07:00:00.000Z",16,1,1,false,"Fixed; W of North 5 1/2 Ave and Benecia, orchard","Culex quinquefasciatus","2025-04-21T15:57:59.011Z",1032,0,1,0
"CNSL",105,3403960,"","","","","","","","","","","","","","","","","","","",,,"","","JB- Collected by CR","Carbon dioxide baited trap","","2025-04-17T07:00:00.000Z",16,1,1,false,"Fixed; E of Kamm and Madsen on S side, orchard","Culex quinquefasciatus","2025-04-21T15:58:35.220Z",1032,0,5,0
"CNSL",105,3403960,"","","","","","","","","","","","","","","","","","","",,,"","","JB- Collected by CR","Carbon dioxide baited trap","","2025-04-17T07:00:00.000Z",16,1,1,false,"Fixed; E of Kamm and Madsen on S side, orchard","Culex stigmatosoma","2025-04-21T15:58:35.220Z",1032,0,1,0
"CNSL",108,3403964,"001118","122027-802","Friant and Audubon","Fresno","93720",222,"001118","122027-802","Friant and Audubon","Fresno","93720",222,"","","","","","","",-119.781875,36.865925,2,"","JB- Collected by CR","Gravid trap","","2025-04-18T07:00:00.000Z",16,1,1,false,"Fixed; WWP, Japanese Garden","Culex quinquefasciatus","2025-04-21T16:00:43.180Z",1032,1,0,0
"CNSL",108,3403964,"001118","122027-802","Friant and Audubon","Fresno","93720",222,"001118","122027-802","Friant and Audubon","Fresno","93720",222,"","","","","","","",-119.781875,36.865925,2,"","JB- Collected by CR","Gravid trap","","2025-04-18T07:00:00.000Z",16,1,1,false,"Fixed; WWP, Japanese Garden","Culex quinquefasciatus","2025-04-21T16:00:43.180Z",1032,0,0,6
"CNSL",110,3403966,"","","","","","","","","","","","","","","","","","","",,,"","","JB- Collected by CR","Gravid trap","","2025-04-18T07:00:00.000Z",16,1,1,false,"Fixed; Clovis Community College","Culex quinquefasciatus","2025-04-21T16:03:01.570Z",1032,0,0,7
"CNSL",110,3403966,"","","","","","","","","","","","","","","","","","","",,,"","","JB- Collected by CR","Gravid trap","","2025-04-18T07:00:00.000Z",16,1,1,false,"Fixed; Clovis Community College","Culex stigmatosoma","2025-04-21T16:03:01.570Z",1032,0,0,1
"CNSL",111,3403968,"","","","","","","","","","","","","","","","","","","",,,"","","JB- Collected by CR","Gravid trap","","2025-04-18T07:00:00.000Z",16,1,1,false,"Fixed; 3950 Marcus","Culex quinquefasciatus","2025-04-21T16:04:07.970Z",1032,0,0,1
"CNSL",111,3403968,"","","","","","","","","","","","","","","","","","","",,,"","","JB- Collected by CR","Gravid trap","","2025-04-18T07:00:00.000Z",16,1,1,false,"Fixed; 3950 Marcus","Culex tarsalis","2025-04-21T16:04:07.970Z",1032,0,0,1
"CNSL",111,3403968,"","","","","","","","","","","","","","","","","","","",,,"","","JB- Collected by CR","Gravid trap","","2025-04-18T07:00:00.000Z",16,1,1,false,"Fixed; 3950 Marcus","Culex stigmatosoma","2025-04-21T16:04:07.970Z",1032,1,0,0
"CNSL",113,3403970,"","","","","","","","","","","","","","","","","","","",,,"","","JB- Collected by CR","Gravid trap","","2025-04-18T07:00:00.000Z",16,1,1,false,"Fixed; Friant, bt houses and treatment ponds","Culex quinquefasciatus","2025-04-21T16:05:47.491Z",1032,0,0,8
"CNSL",114,3403972,"","","","","","","","","","","","","","","","","","","",,,"","","JB- Collected by CR","Gravid trap","","2025-04-18T07:00:00.000Z",16,1,1,false,"Fixed; Friant, Fish Hatchery","Culex quinquefasciatus","2025-04-21T16:06:21.809Z",1032,0,0,4
"CNSL",115,3403974,"001118","122027-802","Friant and Audubon","Fresno","93720",222,"001118","122027-802","Friant and Audubon","Fresno","93720",222,"","","","","","","",-119.781875,36.865925,2,"","JB- Collected by CR","BG Sentinel","","2025-04-18T07:00:00.000Z",16,1,1,false,"Fixed; WWP, Japanese Garden","Culex quinquefasciatus","2025-04-21T16:07:56.453Z",1032,0,2,0
"CNSL",115,3403974,"001118","122027-802","Friant and Audubon","Fresno","93720",222,"001118","122027-802","Friant and Audubon","Fresno","93720",222,"","","","","","","",-119.781875,36.865925,2,"","JB- Collected by CR","BG Sentinel","","2025-04-18T07:00:00.000Z",16,1,1,false,"Fixed; WWP, Japanese Garden","Culex tarsalis","2025-04-21T16:07:56.453Z",1032,1,0,0
"CNSL",115,3403974,"001118","122027-802","Friant and Audubon","Fresno","93720",222,"001118","122027-802","Friant and Audubon","Fresno","93720",222,"","","","","","","",-119.781875,36.865925,2,"","JB- Collected by CR","BG Sentinel","","2025-04-18T07:00:00.000Z",16,1,1,false,"Fixed; WWP, Japanese Garden","Culex tarsalis","2025-04-21T16:07:56.453Z",1032,0,1,0
"CNSL",115,3403974,"001118","122027-802","Friant and Audubon","Fresno","93720",222,"001118","122027-802","Friant and Audubon","Fresno","93720",222,"","","","","","","",-119.781875,36.865925,2,"","JB- Collected by CR","BG Sentinel","","2025-04-18T07:00:00.000Z",16,1,1,false,"Fixed; WWP, Japanese Garden","Culex stigmatosoma","2025-04-21T16:07:56.453Z",1032,0,1,0
"CNSL",116,3403975,"","","","","","","","","","","","","","","","","","","",,,"","","JB- Collected by CR","BG Sentinel","","2025-04-18T07:00:00.000Z",16,1,1,false,"Fixed; Clovis Community College","Culex tarsalis","2025-04-21T16:09:51.564Z",1032,0,7,0
"CNSL",116,3403975,"","","","","","","","","","","","","","","","","","","",,,"","","JB- Collected by CR","BG Sentinel","","2025-04-18T07:00:00.000Z",16,1,1,false,"Fixed; Clovis Community College","Culex stigmatosoma","2025-04-21T16:09:51.564Z",1032,0,3,0
"CNSL",117,3403977,"","","","","","","","","","","","","","","","","","","",,,"","","JB- Collected by CR","BG Sentinel","","2025-04-18T07:00:00.000Z",16,1,1,false,"Fixed;; 3950 Marcus","Culex quinquefasciatus","2025-04-21T16:10:28.473Z",1032,0,1,0
"CNSL",117,3403977,"","","","","","","","","","","","","","","","","","","",,,"","","JB- Collected by CR","BG Sentinel","","2025-04-18T07:00:00.000Z",16,1,1,false,"Fixed;; 3950 Marcus","Culex tarsalis","2025-04-21T16:10:28.473Z",1032,1,0,0
"CNSL",118,3403978,"","","","","","","","","","","","","","","","","","","",,,"","","JB- Collected by CR","BG Sentinel","","2025-04-18T07:00:00.000Z",16,1,1,false,"Fixed; 8215 N Yorktown","Culex quinquefasciatus","2025-04-21T16:10:57.398Z",1032,0,6,0
"CNSL",119,3403980,"001119","122022-803","Friant and Audubon","Fresno","93720",222,"001119","122022-803","Friant and Audubon","Fresno","93720",222,"","","","","","","",-119.782428,36.868803,2,"","JB- Collected by CR","Carbon dioxide baited trap","","2025-04-18T07:00:00.000Z",16,1,1,false,"Fixed; WWP, down hill in shrubs","Culex quinquefasciatus","2025-04-21T16:13:11.390Z",1032,0,2,0
"CNSL",119,3403980,"001119","122022-803","Friant and Audubon","Fresno","93720",222,"001119","122022-803","Friant and Audubon","Fresno","93720",222,"","","","","","","",-119.782428,36.868803,2,"","JB- Collected by CR","Carbon dioxide baited trap","","2025-04-18T07:00:00.000Z",16,1,1,false,"Fixed; WWP, down hill in shrubs","Culex tarsalis","2025-04-21T16:13:11.390Z",1032,0,6,0
"CNSL",121,3403983,"","","","","","","","","","","","","","","","","","","",,,"","","JB- Collected by CR","Carbon dioxide baited trap","","2025-04-18T07:00:00.000Z",16,1,1,false,"Fixed; Friant, Fish Hatchery","Culex stigmatosoma","2025-04-21T16:14:51.567Z",1032,0,1,0
"CNSL",121,3403983,"","","","","","","","","","","","","","","","","","","",,,"","","JB- Collected by CR","Carbon dioxide baited trap","","2025-04-18T07:00:00.000Z",16,1,1,false,"Fixed; Friant, Fish Hatchery","Culex tarsalis","2025-04-21T16:14:51.567Z",1032,0,1,0
"CNSL",122,3403989,"","","","","","","","","","","","","","","","","","","",,,"","","JB- Collected by CR","Carbon dioxide baited trap","","2025-04-16T07:00:00.000Z",16,1,1,false,"Fixed; Collins Creek/ Paxton's middle of trail","Culex thriambus","2025-04-21T16:18:00.358Z",1032,0,1,0
"CNSL",122,3403989,"","","","","","","","","","","","","","","","","","","",,,"","","JB- Collected by CR","Carbon dioxide baited trap","","2025-04-16T07:00:00.000Z",16,1,1,false,"Fixed; Collins Creek/ Paxton's middle of trail","Aedes melanimon","2025-04-21T16:18:00.358Z",1032,0,1,0
"CNSL",123,3404008,"","","","","","","","","","","","","","","","","","","",,,"","","JB- Collected by MT","Gravid trap","","2025-04-18T07:00:00.000Z",16,1,1,false,"Random; 3187 Palo Alto","Culex quinquefasciatus","2025-04-21T16:31:00.545Z",1032,0,0,10
"CNSL",124,3404013,"","","","","","","","","","","","","","","","","","","",,,"","","JB- Collected by MT","Gravid trap","","2025-04-18T07:00:00.000Z",16,1,1,false,"CSUF; Shaw and Chestnut, PB Site A","Culex quinquefasciatus","2025-04-21T16:33:32.049Z",1032,2,0,0
"CNSL",124,3404013,"","","","","","","","","","","","","","","","","","","",,,"","","JB- Collected by MT","Gravid trap","","2025-04-18T07:00:00.000Z",16,1,1,false,"CSUF; Shaw and Chestnut, PB Site A","Culex quinquefasciatus","2025-04-21T16:33:32.049Z",1032,0,0,16
"CNSL",125,3404018,"","","","","","","","","","","","","","","","","","","",,,"","","JB- Collected by MT","Gravid trap","","2025-04-18T07:00:00.000Z",16,1,1,false,"CSUF; Shaw and Chestnut, PB Site B","Culex quinquefasciatus","2025-04-21T16:34:50.034Z",1032,0,0,5
"CNSL",127,3404022,"001087","132106-801","North/East of Chestnut and Bullard; CSUF","Fresno","93710",222,"001087","132106-801","North/East of Chestnut and Bullard; CSUF","Fresno","93710",222,"","","","","","","",-119.732597,36.826664,2,"","JB- Collected by MT","Gravid trap","","2025-04-18T07:00:00.000Z",16,1,1,false,"CSUF; Chestnut and Bullard, olive orchard","Culex quinquefasciatus","2025-04-21T16:37:09.424Z",1032,0,0,16
"CNSL",127,3404022,"001087","132106-801","North/East of Chestnut and Bullard; CSUF","Fresno","93710",222,"001087","132106-801","North/East of Chestnut and Bullard; CSUF","Fresno","93710",222,"","","","","","","",-119.732597,36.826664,2,"","JB- Collected by MT","Gravid trap","","2025-04-18T07:00:00.000Z",16,1,1,false,"CSUF; Chestnut and Bullard, olive orchard","Culex stigmatosoma","2025-04-21T16:37:09.424Z",1032,0,0,1
"CNSL",128,3404026,"","","","","","","","","","","","","","","","","","","",,,"","","JB- Collected by MT","BG Sentinel","","2025-04-18T07:00:00.000Z",16,1,1,false,"Random; 3187 Palo Alto","Culex quinquefasciatus","2025-04-21T16:38:13.695Z",1032,0,6,0
"CNSL",128,3404026,"","","","","","","","","","","","","","","","","","","",,,"","","JB- Collected by MT","BG Sentinel","","2025-04-18T07:00:00.000Z",16,1,1,false,"Random; 3187 Palo Alto","Culex tarsalis","2025-04-21T16:38:13.695Z",1032,0,3,0
"CNSL",129,3404029,"","","","","","","","","","","","","","","","","","","",,,"","","JB- Collected by MT","Carbon dioxide baited trap","","2025-04-18T07:00:00.000Z",16,1,1,false,"CSUF; Shaw and Chestnut, PB Site A","Culex quinquefasciatus","2025-04-21T16:39:54.441Z",1032,0,2,0
"CNSL",129,3404029,"","","","","","","","","","","","","","","","","","","",,,"","","JB- Collected by MT","Carbon dioxide baited trap","","2025-04-18T07:00:00.000Z",16,1,1,false,"CSUF; Shaw and Chestnut, PB Site A","Culex erythrothorax","2025-04-21T16:39:54.441Z",1032,0,2,0
"CNSL",129,3404029,"","","","","","","","","","","","","","","","","","","",,,"","","JB- Collected by MT","Carbon dioxide baited trap","","2025-04-18T07:00:00.000Z",16,1,1,false,"CSUF; Shaw and Chestnut, PB Site A","Culex tarsalis","2025-04-21T16:39:54.441Z",1032,0,5,0
"CNSL",129,3404029,"","","","","","","","","","","","","","","","","","","",,,"","","JB- Collected by MT","Carbon dioxide baited trap","","2025-04-18T07:00:00.000Z",16,1,1,false,"CSUF; Shaw and Chestnut, PB Site A","Anopheles freeborni","2025-04-21T16:39:54.441Z",1032,0,4,0
"CNSL",129,3404029,"","","","","","","","","","","","","","","","","","","",,,"","","JB- Collected by MT","Carbon dioxide baited trap","","2025-04-18T07:00:00.000Z",16,1,1,false,"CSUF; Shaw and Chestnut, PB Site A","Culiseta inornata","2025-04-21T16:39:54.441Z",1032,0,1,0
"CNSL",130,3404032,"","","","","","","","","","","","","","","","","","","",,,"","","JB- Collected by MT","Carbon dioxide baited trap","","2025-04-18T07:00:00.000Z",16,1,1,false,"CSUF; Shaw and Chestnut, PB Site B","Culex tarsalis","2025-04-21T16:41:55.164Z",1032,0,51,0
"CNSL",130,3404032,"","","","","","","","","","","","","","","","","","","",,,"","","JB- Collected by MT","Carbon dioxide baited trap","","2025-04-18T07:00:00.000Z",16,1,1,false,"CSUF; Shaw and Chestnut, PB Site B","Culex erythrothorax","2025-04-21T16:41:55.164Z",1032,0,342,0
"CNSL",130,3404032,"","","","","","","","","","","","","","","","","","","",,,"","","JB- Collected by MT","Carbon dioxide baited trap","","2025-04-18T07:00:00.000Z",16,1,1,false,"CSUF; Shaw and Chestnut, PB Site B","Anopheles freeborni","2025-04-21T16:41:55.164Z",1032,0,1,0
"CNSL",131,3404034,"001210","132011-801","1620 Bulldog Lane; CSUF","Fresno","93740",222,"001210","132011-801","1620 Bulldog Lane; CSUF","Fresno","93740",222,"","","","","","","",-119.758989,36.812867,2,"","JB- Collected by MT","Carbon dioxide baited trap","","2025-04-18T07:00:00.000Z",16,1,1,false,"CSUF; Cedar and Bulldog, Stadium PB","Culex tarsalis","2025-04-21T16:42:43.388Z",1032,0,7,0
"CNSL",132,3404037,"001087","132106-801","North/East of Chestnut and Bullard; CSUF","Fresno","93710",222,"001087","132106-801","North/East of Chestnut and Bullard; CSUF","Fresno","93710",222,"","","","","","","",-119.732597,36.826664,2,"","JB- Collected by MT","Carbon dioxide baited trap","","2025-04-18T07:00:00.000Z",16,1,1,false,"CSUF; Chestnut and Bullard, olive orchard","Culex quinquefasciatus","2025-04-21T16:43:48.790Z",1032,0,9,0
"CNSL",132,3404037,"001087","132106-801","North/East of Chestnut and Bullard; CSUF","Fresno","93710",222,"001087","132106-801","North/East of Chestnut and Bullard; CSUF","Fresno","93710",222,"","","","","","","",-119.732597,36.826664,2,"","JB- Collected by MT","Carbon dioxide baited trap","","2025-04-18T07:00:00.000Z",16,1,1,false,"CSUF; Chestnut and Bullard, olive orchard","Culex stigmatosoma","2025-04-21T16:43:48.790Z",1032,0,2,0
"CNSL",132,3404037,"001087","132106-801","North/East of Chestnut and Bullard; CSUF","Fresno","93710",222,"001087","132106-801","North/East of Chestnut and Bullard; CSUF","Fresno","93710",222,"","","","","","","",-119.732597,36.826664,2,"","JB- Collected by MT","Carbon dioxide baited trap","","2025-04-18T07:00:00.000Z",16,1,1,false,"CSUF; Chestnut and Bullard, olive orchard","Culex tarsalis","2025-04-21T16:43:48.790Z",1032,0,17,0
"CNSL",18,3396986,"","","","","","","","","","","","","","","","","","","",,,"","","KR - collected by CR","Gravid trap","","2025-04-10T07:00:00.000Z",15,1,1,false,"SR45; 2357 Goshen Ave; 1","Culex quinquefasciatus","2025-04-10T22:17:14.668Z",517,1,0,0
"CNSL",18,3396986,"","","","","","","","","","","","","","","","","","","",,,"","","KR - collected by CR","Gravid trap","","2025-04-10T07:00:00.000Z",15,1,1,false,"SR45; 2357 Goshen Ave; 1","Culex quinquefasciatus","2025-04-10T22:17:14.668Z",517,0,0,43
"CNSL",18,3396986,"","","","","","","","","","","","","","","","","","","",,,"","","KR - collected by CR","Gravid trap","","2025-04-10T07:00:00.000Z",15,1,1,false,"SR45; 2357 Goshen Ave; 1","Culex stigmatosoma","2025-04-10T22:17:14.668Z",517,0,0,8
"CNSL",19,3396987,"","","","","","","","","","","","","","","","","","","",,,"","","KR - collected by CR","Gravid trap","","2025-04-10T07:00:00.000Z",15,1,1,false,"CSUF; Ponding Basin Site B; 2","Culex quinquefasciatus","2025-04-10T22:18:34.541Z",517,0,0,24
"CNSL",19,3396987,"","","","","","","","","","","","","","","","","","","",,,"","","KR - collected by CR","Gravid trap","","2025-04-10T07:00:00.000Z",15,1,1,false,"CSUF; Ponding Basin Site B; 2","Culex tarsalis","2025-04-10T22:18:34.541Z",517,0,0,1
"CNSL",22,3396990,"","","","","","","","","","","","","","","","","","","",,,"","","KR - collected by CR","Gravid trap","","2025-04-10T07:00:00.000Z",15,1,1,false,"CSUF; Ponding Basin Site A; 2","Culex quinquefasciatus","2025-04-10T22:22:39.247Z",517,2,0,0
"CNSL",22,3396990,"","","","","","","","","","","","","","","","","","","",,,"","","KR - collected by CR","Gravid trap","","2025-04-10T07:00:00.000Z",15,1,1,false,"CSUF; Ponding Basin Site A; 2","Culex quinquefasciatus","2025-04-10T22:22:39.247Z",517,0,0,20
"CNSL",22,3396990,"","","","","","","","","","","","","","","","","","","",,,"","","KR - collected by CR","Gravid trap","","2025-04-10T07:00:00.000Z",15,1,1,false,"CSUF; Ponding Basin Site A; 2","Culex stigmatosoma","2025-04-10T22:22:39.247Z",517,0,0,2
"CNSL",22,3396990,"","","","","","","","","","","","","","","","","","","",,,"","","KR - collected by CR","Gravid trap","","2025-04-10T07:00:00.000Z",15,1,1,false,"CSUF; Ponding Basin Site A; 2","Culiseta inornata","2025-04-10T22:22:39.247Z",517,0,0,1
"CNSL",12,3396978,"001062","132012-801","North/West of Shaw and Woodrow; CSUF","Fresno","93740",222,"001062","132012-801","North/West of Shaw and Woodrow; CSUF","Fresno","93740",222,"","","","","","","",-119.742726,36.810553,2,"","KR - collected by CR","BG Sentinel","","2025-04-10T07:00:00.000Z",15,1,1,false,"Fixed; CSUF Allergy Free Garden; 3","Culex tarsalis","2025-04-10T22:07:20.911Z",517,0,23,0
"CNSL",12,3396978,"001062","132012-801","North/West of Shaw and Woodrow; CSUF","Fresno","93740",222,"001062","132012-801","North/West of Shaw and Woodrow; CSUF","Fresno","93740",222,"","","","","","","",-119.742726,36.810553,2,"","KR - collected by CR","BG Sentinel","","2025-04-10T07:00:00.000Z",15,1,1,false,"Fixed; CSUF Allergy Free Garden; 3","Culex quinquefasciatus","2025-04-10T22:07:20.911Z",517,0,17,0
"CNSL",14,3396981,"001068","132107-803","South/East of Chestnut and Bullard; CSUF","Fresno","93710",222,"001068","132107-803","South/East of Chestnut and Bullard; CSUF","Fresno","93710",222,"","","","","","","",-119.733492,36.819506,2,"","KR - collected by CR","Gravid trap","","2025-04-10T07:00:00.000Z",15,1,1,false,"Fixed; CSUF Oranges; 4","Culex quinquefasciatus","2025-04-10T22:09:23.649Z",517,1,0,0
"CNSL",14,3396981,"001068","132107-803","South/East of Chestnut and Bullard; CSUF","Fresno","93710",222,"001068","132107-803","South/East of Chestnut and Bullard; CSUF","Fresno","93710",222,"","","","","","","",-119.733492,36.819506,2,"","KR - collected by CR","Gravid trap","","2025-04-10T07:00:00.000Z",15,1,1,false,"Fixed; CSUF Oranges; 4","Culex quinquefasciatus","2025-04-10T22:09:23.649Z",517,0,0,41
"CNSL",14,3396981,"001068","132107-803","South/East of Chestnut and Bullard; CSUF","Fresno","93710",222,"001068","132107-803","South/East of Chestnut and Bullard; CSUF","Fresno","93710",222,"","","","","","","",-119.733492,36.819506,2,"","KR - collected by CR","Gravid trap","","2025-04-10T07:00:00.000Z",15,1,1,false,"Fixed; CSUF Oranges; 4","Culex tarsalis","2025-04-10T22:09:23.649Z",517,0,0,1
"CNSL",26,3397384,"","","","","","","","","","","","","","","","","","","",,,"","","KR - collected by CR","BG Sentinel","","2025-04-11T07:00:00.000Z",15,1,1,false,"2025 Clovis; 1441 Jasmine; 5","Culex quinquefasciatus","2025-04-11T21:06:06.692Z",517,0,21,0
"CNSL",26,3397384,"","","","","","","","","","","","","","","","","","","",,,"","","KR - collected by CR","BG Sentinel","","2025-04-11T07:00:00.000Z",15,1,1,false,"2025 Clovis; 1441 Jasmine; 5","Culex tarsalis","2025-04-11T21:06:06.692Z",517,0,27,0
"CNSL",26,3397384,"","","","","","","","","","","","","","","","","","","",,,"","","KR - collected by CR","BG Sentinel","","2025-04-11T07:00:00.000Z",15,1,1,false,"2025 Clovis; 1441 Jasmine; 5","Culex stigmatosoma","2025-04-11T21:06:06.692Z",517,0,4,0
"CNSL",48,3402617,"","","","","","","","","","","","","","","","","","","",,,"","","JB- Collected by CR","Gravid trap","","2025-04-15T07:00:00.000Z",16,1,1,false,"SR74; 3819 Willow St; 6","Culex quinquefasciatus","2025-04-17T16:42:03.581Z",1032,0,0,39
"CNSL",48,3402617,"","","","","","","","","","","","","","","","","","","",,,"","","JB- Collected by CR","Gravid trap","","2025-04-15T07:00:00.000Z",16,1,1,false,"SR74; 3819 Willow St; 6","Culex stigmatosoma","2025-04-17T16:42:03.581Z",1032,3,0,0
"CNSL",48,3402617,"","","","","","","","","","","","","","","","","","","",,,"","","JB- Collected by CR","Gravid trap","","2025-04-15T07:00:00.000Z",16,1,1,false,"SR74; 3819 Willow St; 6","Culex stigmatosoma","2025-04-17T16:42:03.581Z",1032,0,0,10
"CNSL",48,3402617,"","","","","","","","","","","","","","","","","","","",,,"","","JB- Collected by CR","Gravid trap","","2025-04-15T07:00:00.000Z",16,1,1,false,"SR74; 3819 Willow St; 6","Culex tarsalis","2025-04-17T16:42:03.581Z",1032,1,0,0
"CNSL",48,3402617,"","","","","","","","","","","","","","","","","","","",,,"","","JB- Collected by CR","Gravid trap","","2025-04-15T07:00:00.000Z",16,1,1,false,"SR74; 3819 Willow St; 6","Culex tarsalis","2025-04-17T16:42:03.581Z",1032,0,0,1
"CNSL",39,3402559,"","","","","","","","","","","","","","","","","","","",,,"","","JB- Collected by CR","Gravid trap","","2025-04-15T07:00:00.000Z",16,1,1,false,"Fixed; 1714 Aspen St; 7","Culex quinquefasciatus","2025-04-17T15:45:58.446Z",1032,11,0,0
"CNSL",39,3402559,"","","","","","","","","","","","","","","","","","","",,,"","","JB- Collected by CR","Gravid trap","","2025-04-15T07:00:00.000Z",16,1,1,false,"Fixed; 1714 Aspen St; 7","Culex quinquefasciatus","2025-04-17T15:45:58.446Z",1032,0,0,75
"CNSL",39,3402559,"","","","","","","","","","","","","","","","","","","",,,"","","JB- Collected by CR","Gravid trap","","2025-04-15T07:00:00.000Z",16,1,1,false,"Fixed; 1714 Aspen St; 7","Culex stigmatosoma","2025-04-17T15:45:58.446Z",1032,3,0,0
"CNSL",39,3402559,"","","","","","","","","","","","","","","","","","","",,,"","","JB- Collected by CR","Gravid trap","","2025-04-15T07:00:00.000Z",16,1,1,false,"Fixed; 1714 Aspen St; 7","Culex stigmatosoma","2025-04-17T15:45:58.446Z",1032,0,0,12
"CNSL",39,3402559,"","","","","","","","","","","","","","","","","","","",,,"","","JB- Collected by CR","Gravid trap","","2025-04-15T07:00:00.000Z",16,1,1,false,"Fixed; 1714 Aspen St; 7","Culex tarsalis","2025-04-17T15:45:58.446Z",1032,1,0,0
"CNSL",40,3402561,"","","","","","","","","","","","","","","","","","","",,,"","","JB- Collected by CR","Gravid trap","","2025-04-15T07:00:00.000Z",16,1,1,false,"Fixed; 3701 Olive Ln; 8","Culex quinquefasciatus","2025-04-17T15:48:03.921Z",1032,4,0,0
"CNSL",40,3402561,"","","","","","","","","","","","","","","","","","","",,,"","","JB- Collected by CR","Gravid trap","","2025-04-15T07:00:00.000Z",16,1,1,false,"Fixed; 3701 Olive Ln; 8","Culex quinquefasciatus","2025-04-17T15:48:03.921Z",1032,0,0,120
"CNSL",40,3402561,"","","","","","","","","","","","","","","","","","","",,,"","","JB- Collected by CR","Gravid trap","","2025-04-15T07:00:00.000Z",16,1,1,false,"Fixed; 3701 Olive Ln; 8","Culex stigmatosoma","2025-04-17T15:48:03.921Z",1032,0,0,28
"CNSL",40,3402561,"","","","","","","","","","","","","","","","","","","",,,"","","JB- Collected by CR","Gravid trap","","2025-04-15T07:00:00.000Z",16,1,1,false,"Fixed; 3701 Olive Ln; 8","Culex tarsalis","2025-04-17T15:48:03.921Z",1032,0,0,31
"CNSL",40,3402561,"","","","","","","","","","","","","","","","","","","",,,"","","JB- Collected by CR","Gravid trap","","2025-04-15T07:00:00.000Z",16,1,1,false,"Fixed; 3701 Olive Ln; 8","Aedes aegypti","2025-04-17T15:48:03.921Z",1032,3,0,0
"CNSL",40,3402561,"","","","","","","","","","","","","","","","","","","",,,"","","JB- Collected by CR","Gravid trap","","2025-04-15T07:00:00.000Z",16,1,1,false,"Fixed; 3701 Olive Ln; 8","Aedes aegypti","2025-04-17T15:48:03.921Z",1032,0,0,2
"CNSL",71,3402747,"003116","142303-804","600 N. Piedra Road","Sanger","93657",222,"003116","142303-804","600 N. Piedra Road","Sanger","93657",222,"","","","","","","",-119.452083,36.743194,2,"","JB- Collected by CR","Gravid trap","","2025-04-16T07:00:00.000Z",16,1,1,false,"SR77; 600 N Piedra Rd; 9","Culex quinquefasciatus","2025-04-17T17:31:27.823Z",1032,0,0,1
"CNSL",71,3402747,"003116","142303-804","600 N. Piedra Road","Sanger","93657",222,"003116","142303-804","600 N. Piedra Road","Sanger","93657",222,"","","","","","","",-119.452083,36.743194,2,"","JB- Collected by CR","Gravid trap","","2025-04-16T07:00:00.000Z",16,1,1,false,"SR77; 600 N Piedra Rd; 9","Culex stigmatosoma","2025-04-17T17:31:27.823Z",1032,0,0,88
"CNSL",71,3402747,"003116","142303-804","600 N. Piedra Road","Sanger","93657",222,"003116","142303-804","600 N. Piedra Road","Sanger","93657",222,"","","","","","","",-119.452083,36.743194,2,"","JB- Collected by CR","Gravid trap","","2025-04-16T07:00:00.000Z",16,1,1,false,"SR77; 600 N Piedra Rd; 9","Culex thriambus","2025-04-17T17:31:27.823Z",1032,0,0,17
"CNSL",71,3402747,"003116","142303-804","600 N. Piedra Road","Sanger","93657",222,"003116","142303-804","600 N. Piedra Road","Sanger","93657",222,"","","","","","","",-119.452083,36.743194,2,"","JB- Collected by CR","Gravid trap","","2025-04-16T07:00:00.000Z",16,1,1,false,"SR77; 600 N Piedra Rd; 9","Culex restuans","2025-04-17T17:31:27.823Z",1032,0,0,12
"CNSL",71,3402747,"003116","142303-804","600 N. Piedra Road","Sanger","93657",222,"003116","142303-804","600 N. Piedra Road","Sanger","93657",222,"","","","","","","",-119.452083,36.743194,2,"","JB- Collected by CR","Gravid trap","","2025-04-16T07:00:00.000Z",16,1,1,false,"SR77; 600 N Piedra Rd; 9","Culiseta incidens","2025-04-17T17:31:27.823Z",1032,0,0,2
"CNSL",85,3403899,"","","","","","","","","","","","","","","","","","","",,,"","","JB- Collected by CR","Gravid trap","","2025-04-17T07:00:00.000Z",16,1,1,false,"Fixed; 2391 Skansen St; 10","Culex quinquefasciatus","2025-04-21T15:15:24.885Z",1032,0,0,21
"CNSL",86,3403900,"","","","","","","","","","","","","","","","","","","",,,"","","JB- Collected by CR","Gravid trap","","2025-04-17T07:00:00.000Z",16,1,1,false,"Fixed; 2396 17th Ave; 11","Culex quinquefasciatus","2025-04-21T15:17:18.954Z",1032,0,0,42
"CNSL",86,3403900,"","","","","","","","","","","","","","","","","","","",,,"","","JB- Collected by CR","Gravid trap","","2025-04-17T07:00:00.000Z",16,1,1,false,"Fixed; 2396 17th Ave; 11","Culex stigmatosoma","2025-04-21T15:17:18.954Z",1032,0,0,2
"CNSL",126,3404020,"001210","132011-801","1620 Bulldog Lane; CSUF","Fresno","93740",222,"001210","132011-801","1620 Bulldog Lane; CSUF","Fresno","93740",222,"","","","","","","",-119.758989,36.812867,2,"","JB- Collected by MT","Gravid trap","","2025-04-18T07:00:00.000Z",16,1,1,false,"CSUF; Cedar and Bulldog, Stadium PB; 12","Culex quinquefasciatus","2025-04-21T16:36:08.954Z",1032,3,0,0
"CNSL",126,3404020,"001210","132011-801","1620 Bulldog Lane; CSUF","Fresno","93740",222,"001210","132011-801","1620 Bulldog Lane; CSUF","Fresno","93740",222,"","","","","","","",-119.758989,36.812867,2,"","JB- Collected by MT","Gravid trap","","2025-04-18T07:00:00.000Z",16,1,1,false,"CSUF; Cedar and Bulldog, Stadium PB; 12","Culex quinquefasciatus","2025-04-21T16:36:08.954Z",1032,0,0,60
"CNSL",126,3404020,"001210","132011-801","1620 Bulldog Lane; CSUF","Fresno","93740",222,"001210","132011-801","1620 Bulldog Lane; CSUF","Fresno","93740",222,"","","","","","","",-119.758989,36.812867,2,"","JB- Collected by MT","Gravid trap","","2025-04-18T07:00:00.000Z",16,1,1,false,"CSUF; Cedar and Bulldog, Stadium PB; 12","Culex tarsalis","2025-04-21T16:36:08.954Z",1032,0,0,2
"CNSL",109,3403965,"001119","122022-803","Friant and Audubon","Fresno","93720",222,"001119","122022-803","Friant and Audubon","Fresno","93720",222,"","","","","","","",-119.782428,36.868803,2,"","JB- Collected by CR","Gravid trap","","2025-04-18T07:00:00.000Z",16,1,1,false,"Fixed; WWP, down hill in shrubs; 13","Culex quinquefasciatus","2025-04-21T16:02:06.957Z",1032,3,0,0
"CNSL",109,3403965,"001119","122022-803","Friant and Audubon","Fresno","93720",222,"001119","122022-803","Friant and Audubon","Fresno","93720",222,"","","","","","","",-119.782428,36.868803,2,"","JB- Collected by CR","Gravid trap","","2025-04-18T07:00:00.000Z",16,1,1,false,"Fixed; WWP, down hill in shrubs; 13","Culex quinquefasciatus","2025-04-21T16:02:06.957Z",1032,0,0,33
"CNSL",109,3403965,"001119","122022-803","Friant and Audubon","Fresno","93720",222,"001119","122022-803","Friant and Audubon","Fresno","93720",222,"","","","","","","",-119.782428,36.868803,2,"","JB- Collected by CR","Gravid trap","","2025-04-18T07:00:00.000Z",16,1,1,false,"Fixed; WWP, down hill in shrubs; 13","Culex stigmatosoma","2025-04-21T16:02:06.957Z",1032,1,0,0
"CNSL",109,3403965,"001119","122022-803","Friant and Audubon","Fresno","93720",222,"001119","122022-803","Friant and Audubon","Fresno","93720",222,"","","","","","","",-119.782428,36.868803,2,"","JB- Collected by CR","Gravid trap","","2025-04-18T07:00:00.000Z",16,1,1,false,"Fixed; WWP, down hill in shrubs; 13","Culex stigmatosoma","2025-04-21T16:02:06.957Z",1032,0,0,8
"CNSL",109,3403965,"001119","122022-803","Friant and Audubon","Fresno","93720",222,"001119","122022-803","Friant and Audubon","Fresno","93720",222,"","","","","","","",-119.782428,36.868803,2,"","JB- Collected by CR","Gravid trap","","2025-04-18T07:00:00.000Z",16,1,1,false,"Fixed; WWP, down hill in shrubs; 13","Culex tarsalis","2025-04-21T16:02:06.957Z",1032,0,0,1
"CNSL",112,3403969,"","","","","","","","","","","","","","","","","","","",,,"","","JB- Collected by CR","Gravid trap","","2025-04-18T07:00:00.000Z",16,1,1,false,"Fixed; 8215 N Yorktown; 14","Culex quinquefasciatus","2025-04-21T16:05:04.739Z",1032,2,0,0
"CNSL",112,3403969,"","","","","","","","","","","","","","","","","","","",,,"","","JB- Collected by CR","Gravid trap","","2025-04-18T07:00:00.000Z",16,1,1,false,"Fixed; 8215 N Yorktown; 14","Culex quinquefasciatus","2025-04-21T16:05:04.739Z",1032,0,0,39
"CNSL",120,3403982,"","","","","","","","","","","","","","","","","","","",,,"","","JB- Collected by CR","Carbon dioxide baited trap","","2025-04-18T07:00:00.000Z",16,1,1,false,"Fixed; Friant, bt houses and treatment ponds; 15","Culex quinquefasciatus","2025-04-21T16:14:10.957Z",1032,0,29,0
"CNSL",120,3403982,"","","","","","","","","","","","","","","","","","","",,,"","","JB- Collected by CR","Carbon dioxide baited trap","","2025-04-18T07:00:00.000Z",16,1,1,false,"Fixed; Friant, bt houses and treatment ponds; 15","Culex tarsalis","2025-04-21T16:14:10.957Z",1032,0,19,0
"CNSL",120,3403982,"","","","","","","","","","","","","","","","","","","",,,"","","JB- Collected by CR","Carbon dioxide baited trap","","2025-04-18T07:00:00.000Z",16,1,1,false,"Fixed; Friant, bt houses and treatment ponds; 15","Culex stigmatosoma","2025-04-21T16:14:10.957Z",1032,0,2,0
"CNSL",133,3405135,"","","","","","","","","","","","","","","","","","","",,,"","","KR- Collected by MT","Gravid trap","","2025-04-22T07:00:00.000Z",17,1,1,false,"Fixed; almond orchard N of Levee and Fowler, S of canal","Culex quinquefasciatus","2025-04-23T15:14:11.203Z",1032,6,0,0
"CNSL",133,3405135,"","","","","","","","","","","","","","","","","","","",,,"","","KR- Collected by MT","Gravid trap","","2025-04-22T07:00:00.000Z",17,1,1,false,"Fixed; almond orchard N of Levee and Fowler, S of canal","Culex quinquefasciatus","2025-04-23T15:14:11.203Z",1032,0,0,11
"CNSL",133,3405135,"","","","","","","","","","","","","","","","","","","",,,"","","KR- Collected by MT","Gravid trap","","2025-04-22T07:00:00.000Z",17,1,1,false,"Fixed; almond orchard N of Levee and Fowler, S of canal","Culex tarsalis","2025-04-23T15:14:11.203Z",1032,0,0,1
"CNSL",133,3405135,"","","","","","","","","","","","","","","","","","","",,,"","","KR- Collected by MT","Gravid trap","","2025-04-22T07:00:00.000Z",17,1,1,false,"Fixed; almond orchard N of Levee and Fowler, S of canal","Culex stigmatosoma","2025-04-23T15:14:11.203Z",1032,3,0,0
"CNSL",133,3405135,"","","","","","","","","","","","","","","","","","","",,,"","","KR- Collected by MT","Gravid trap","","2025-04-22T07:00:00.000Z",17,1,1,false,"Fixed; almond orchard N of Levee and Fowler, S of canal","Culex stigmatosoma","2025-04-23T15:14:11.203Z",1032,0,0,4
"CNSL",134,3405137,"","","","","","","","","","","","","","","","","","","",,,"","","KR- Collected by MT","Gravid trap","","2025-04-22T07:00:00.000Z",17,1,1,false,"Fixed; 6822 De Woody Ave","Culex quinquefasciatus","2025-04-23T15:15:20.360Z",1032,0,0,10
"CNSL",134,3405137,"","","","","","","","","","","","","","","","","","","",,,"","","KR- Collected by MT","Gravid trap","","2025-04-22T07:00:00.000Z",17,1,1,false,"Fixed; 6822 De Woody Ave","Culex stigmatosoma","2025-04-23T15:15:20.360Z",1032,0,0,2
"CNSL",134,3405137,"","","","","","","","","","","","","","","","","","","",,,"","","KR- Collected by MT","Gravid trap","","2025-04-22T07:00:00.000Z",17,1,1,false,"Fixed; 6822 De Woody Ave","Culicoides","2025-04-23T15:15:20.360Z",1032,0,0,4
"CNSL",135,3405138,"","","","","","","","","","","","","","","","","","","",,,"","","KR- Collected by MT","Gravid trap","","2025-04-22T07:00:00.000Z",17,1,1,false,"Fixed; orchard W of Mnt Whitney and Latonia","Culex quinquefasciatus","2025-04-23T15:16:45.369Z",1032,2,0,0
"CNSL",135,3405138,"","","","","","","","","","","","","","","","","","","",,,"","","KR- Collected by MT","Gravid trap","","2025-04-22T07:00:00.000Z",17,1,1,false,"Fixed; orchard W of Mnt Whitney and Latonia","Culex quinquefasciatus","2025-04-23T15:16:45.369Z",1032,0,0,7
"CNSL",135,3405138,"","","","","","","","","","","","","","","","","","","",,,"","","KR- Collected by MT","Gravid trap","","2025-04-22T07:00:00.000Z",17,1,1,false,"Fixed; orchard W of Mnt Whitney and Latonia","Culex tarsalis","2025-04-23T15:16:45.369Z",1032,2,0,0
"CNSL",135,3405138,"","","","","","","","","","","","","","","","","","","",,,"","","KR- Collected by MT","Gravid trap","","2025-04-22T07:00:00.000Z",17,1,1,false,"Fixed; orchard W of Mnt Whitney and Latonia","Culex stigmatosoma","2025-04-23T15:16:45.369Z",1032,1,0,0
"CNSL",135,3405138,"","","","","","","","","","","","","","","","","","","",,,"","","KR- Collected by MT","Gravid trap","","2025-04-22T07:00:00.000Z",17,1,1,false,"Fixed; orchard W of Mnt Whitney and Latonia","Culiseta inornata","2025-04-23T15:16:45.369Z",1032,0,0,1
"CNSL",135,3405138,"","","","","","","","","","","","","","","","","","","",,,"","","KR- Collected by MT","Gravid trap","","2025-04-22T07:00:00.000Z",17,1,1,false,"Fixed; orchard W of Mnt Whitney and Latonia","Culicoides","2025-04-23T15:16:45.369Z",1032,0,0,1
"CNSL",136,3405139,"","","","","","","","","","","","","","","","","","","",,,"","","KR- Collected by MT","Gravid trap","","2025-04-22T07:00:00.000Z",17,1,1,false,"2025 South; Davis and Elm, almond orchard","Culex quinquefasciatus","2025-04-23T15:17:45.763Z",1032,0,0,1
"CNSL",136,3405139,"","","","","","","","","","","","","","","","","","","",,,"","","KR- Collected by MT","Gravid trap","","2025-04-22T07:00:00.000Z",17,1,1,false,"2025 South; Davis and Elm, almond orchard","Culiseta inornata","2025-04-23T15:17:45.763Z",1032,0,0,1
"CNSL",137,3405140,"","","","","","","","","","","","","","","","","","","",,,"","","KR- Collected by MT","Gravid trap","","2025-04-22T07:00:00.000Z",17,1,1,false,"Fixed; almond orchard N of canal on E side of Fowler Ave","Culex quinquefasciatus","2025-04-23T15:19:32.017Z",1032,5,0,0
"CNSL",137,3405140,"","","","","","","","","","","","","","","","","","","",,,"","","KR- Collected by MT","Gravid trap","","2025-04-22T07:00:00.000Z",17,1,1,false,"Fixed; almond orchard N of canal on E side of Fowler Ave","Culex quinquefasciatus","2025-04-23T15:19:32.017Z",1032,0,0,17
"CNSL",137,3405140,"","","","","","","","","","","","","","","","","","","",,,"","","KR- Collected by MT","Gravid trap","","2025-04-22T07:00:00.000Z",17,1,1,false,"Fixed; almond orchard N of canal on E side of Fowler Ave","Culiseta inornata","2025-04-23T15:19:32.017Z",1032,0,0,1
"CNSL",137,3405140,"","","","","","","","","","","","","","","","","","","",,,"","","KR- Collected by MT","Gravid trap","","2025-04-22T07:00:00.000Z",17,1,1,false,"Fixed; almond orchard N of canal on E side of Fowler Ave","Culex stigmatosoma","2025-04-23T15:19:32.017Z",1032,0,0,13
"CNSL",138,3405141,"","","","","","","","","","","","","","","","","","","",,,"","","KR- Collected by MT","Gravid trap","","2025-04-22T07:00:00.000Z",17,1,1,false,"Fixed; NW corner of Mnt Whitney and Laton, almond orchard","Culex quinquefasciatus","2025-04-23T15:21:09.526Z",1032,1,0,0
"CNSL",138,3405141,"","","","","","","","","","","","","","","","","","","",,,"","","KR- Collected by MT","Gravid trap","","2025-04-22T07:00:00.000Z",17,1,1,false,"Fixed; NW corner of Mnt Whitney and Laton, almond orchard","Culex quinquefasciatus","2025-04-23T15:21:09.526Z",1032,0,0,6
"CNSL",139,3405142,"","","","","","","","","","","","","","","","","","","",,,"","","KR- Collected by MT","Gravid trap","","2025-04-22T07:00:00.000Z",17,1,1,false,"Fixed; SW of Mt Whitney and W of Old Kingston, almonds N of canal","Culex quinquefasciatus","2025-04-23T15:22:22.242Z",1032,0,0,2
"CNSL",140,3405146,"","","","","","","","","","","","","","","","","","","",,,"","","KR- Collected by MT","Gravid trap","","2025-04-22T07:00:00.000Z",17,1,1,false,"Fixed; E of Tiburcio S of Mt Whitney, District boarder","Culex quinquefasciatus","2025-04-23T15:24:09.460Z",1032,0,0,11
"CNSL",141,3405149,"","","","","","","","","","","","","","","","","","","",,,"","","KR- Collected by MT","Gravid trap","","2025-04-22T07:00:00.000Z",17,1,1,false,"Fixed; Orchard W of Riverdale Ave and Fatima Ave","Culex quinquefasciatus","2025-04-23T15:25:11.459Z",1032,0,0,10
"CNSL",141,3405149,"","","","","","","","","","","","","","","","","","","",,,"","","KR- Collected by MT","Gravid trap","","2025-04-22T07:00:00.000Z",17,1,1,false,"Fixed; Orchard W of Riverdale Ave and Fatima Ave","Culex stigmatosoma","2025-04-23T15:25:11.459Z",1032,0,0,1
"CNSL",142,3405151,"","","","","","","","","","","","","","","","","","","",,,"","","KR- Collected by MT","Gravid trap","","2025-04-22T07:00:00.000Z",17,1,1,false,"Fixed; stonefruit orchard E of Clovis N side of Hochderffer, W of corn and eucalyptus","Culex quinquefasciatus","2025-04-23T15:27:45.474Z",1032,2,0,0
"CNSL",142,3405151,"","","","","","","","","","","","","","","","","","","",,,"","","KR- Collected by MT","Gravid trap","","2025-04-22T07:00:00.000Z",17,1,1,false,"Fixed; stonefruit orchard E of Clovis N side of Hochderffer, W of corn and eucalyptus","Culex quinquefasciatus","2025-04-23T15:27:45.474Z",1032,0,0,2
"CNSL",142,3405151,"","","","","","","","","","","","","","","","","","","",,,"","","KR- Collected by MT","Gravid trap","","2025-04-22T07:00:00.000Z",17,1,1,false,"Fixed; stonefruit orchard E of Clovis N side of Hochderffer, W of corn and eucalyptus","Culex stigmatosoma","2025-04-23T15:27:45.474Z",1032,1,0,0
"CNSL",142,3405151,"","","","","","","","","","","","","","","","","","","",,,"","","KR- Collected by MT","Gravid trap","","2025-04-22T07:00:00.000Z",17,1,1,false,"Fixed; stonefruit orchard E of Clovis N side of Hochderffer, W of corn and eucalyptus","Culex tarsalis","2025-04-23T15:27:45.474Z",1032,1,0,0
"CNSL",143,3405152,"","","","","","","","","","","","","","","","","","","",,,"","","JB- Collected by CR","Gravid trap","","2025-04-22T07:00:00.000Z",17,1,1,false,"Fixed; SW corner Weldon and Armstrong","Culex quinquefasciatus","2025-04-23T15:29:06.981Z",1032,2,0,0
"CNSL",143,3405152,"","","","","","","","","","","","","","","","","","","",,,"","","JB- Collected by CR","Gravid trap","","2025-04-22T07:00:00.000Z",17,1,1,false,"Fixed; SW corner Weldon and Armstrong","Culex quinquefasciatus","2025-04-23T15:29:06.981Z",1032,0,0,42
"CNSL",143,3405152,"","","","","","","","","","","","","","","","","","","",,,"","","JB- Collected by CR","Gravid trap","","2025-04-22T07:00:00.000Z",17,1,1,false,"Fixed; SW corner Weldon and Armstrong","Culex stigmatosoma","2025-04-23T15:29:06.981Z",1032,0,0,7
"CNSL",143,3405152,"","","","","","","","","","","","","","","","","","","",,,"","","JB- Collected by CR","Gravid trap","","2025-04-22T07:00:00.000Z",17,1,1,false,"Fixed; SW corner Weldon and Armstrong","Culex tarsalis","2025-04-23T15:29:06.981Z",1032,0,0,2
"CNSL",144,3405153,"","","","","","","","","","","","","","","","","","","",,,"","","JB- Collected by CR","Gravid trap","","2025-04-22T07:00:00.000Z",17,1,1,false,"Fixed; Belmont Country Club","Culex quinquefasciatus","2025-04-23T15:30:28.114Z",1032,3,0,0
"CNSL",144,3405153,"","","","","","","","","","","","","","","","","","","",,,"","","JB- Collected by CR","Gravid trap","","2025-04-22T07:00:00.000Z",17,1,1,false,"Fixed; Belmont Country Club","Culex quinquefasciatus","2025-04-23T15:30:28.114Z",1032,0,0,34
"CNSL",144,3405153,"","","","","","","","","","","","","","","","","","","",,,"","","JB- Collected by CR","Gravid trap","","2025-04-22T07:00:00.000Z",17,1,1,false,"Fixed; Belmont Country Club","Culex stigmatosoma","2025-04-23T15:30:28.114Z",1032,0,0,1
"CNSL",145,3405154,"","","","","","","","","","","","","","","","","","","",,,"","","JB- Collected by CR","Gravid trap","","2025-04-22T07:00:00.000Z",17,1,1,false,"Fixed;SW corner Shields and Dewolf","Culex quinquefasciatus","2025-04-23T15:31:08.797Z",1032,5,0,0
"CNSL",145,3405154,"","","","","","","","","","","","","","","","","","","",,,"","","JB- Collected by CR","Gravid trap","","2025-04-22T07:00:00.000Z",17,1,1,false,"Fixed;SW corner Shields and Dewolf","Culex quinquefasciatus","2025-04-23T15:31:08.797Z",1032,0,0,30
"CNSL",145,3405154,"","","","","","","","","","","","","","","","","","","",,,"","","JB- Collected by CR","Gravid trap","","2025-04-22T07:00:00.000Z",17,1,1,false,"Fixed;SW corner Shields and Dewolf","Culex stigmatosoma","2025-04-23T15:31:08.797Z",1032,1,0,0
"CNSL",145,3405154,"","","","","","","","","","","","","","","","","","","",,,"","","JB- Collected by CR","Gravid trap","","2025-04-22T07:00:00.000Z",17,1,1,false,"Fixed;SW corner Shields and Dewolf","Culex stigmatosoma","2025-04-23T15:31:08.797Z",1032,0,0,8
"CNSL",146,3405155,"","","","","","","","","","","","","","","","","","","",,,"","","JB- Collected by CR","Gravid trap","","2025-04-22T07:00:00.000Z",17,1,1,false,"Fixed; deadend of pine citrus orchard, between McKinley and Olive","Culex quinquefasciatus","2025-04-23T15:32:32.056Z",1032,3,0,0
"CNSL",146,3405155,"","","","","","","","","","","","","","","","","","","",,,"","","JB- Collected by CR","Gravid trap","","2025-04-22T07:00:00.000Z",17,1,1,false,"Fixed; deadend of pine citrus orchard, between McKinley and Olive","Culex quinquefasciatus","2025-04-23T15:32:32.056Z",1032,0,0,14
"CNSL",147,3405156,"","","","","","","","","","","","","","","","","","","",,,"","","JB- Collected by CR","Gravid trap","","2025-04-22T07:00:00.000Z",17,1,1,false,"Fixed; orchard N of RR tracks on W side of Leonard","Culex quinquefasciatus","2025-04-23T15:34:11.730Z",1032,2,0,0
"CNSL",147,3405156,"","","","","","","","","","","","","","","","","","","",,,"","","JB- Collected by CR","Gravid trap","","2025-04-22T07:00:00.000Z",17,1,1,false,"Fixed; orchard N of RR tracks on W side of Leonard","Culex quinquefasciatus","2025-04-23T15:34:11.730Z",1032,0,0,11
"CNSL",147,3405156,"","","","","","","","","","","","","","","","","","","",,,"","","JB- Collected by CR","Gravid trap","","2025-04-22T07:00:00.000Z",17,1,1,false,"Fixed; orchard N of RR tracks on W side of Leonard","Culex stigmatosoma","2025-04-23T15:34:11.730Z",1032,4,0,0
"CNSL",147,3405156,"","","","","","","","","","","","","","","","","","","",,,"","","JB- Collected by CR","Gravid trap","","2025-04-22T07:00:00.000Z",17,1,1,false,"Fixed; orchard N of RR tracks on W side of Leonard","Culex stigmatosoma","2025-04-23T15:34:11.730Z",1032,0,0,5
"CNSL",147,3405156,"","","","","","","","","","","","","","","","","","","",,,"","","JB- Collected by CR","Gravid trap","","2025-04-22T07:00:00.000Z",17,1,1,false,"Fixed; orchard N of RR tracks on W side of Leonard","Culex restuans","2025-04-23T15:34:11.730Z",1032,0,0,3
"CNSL",147,3405156,"","","","","","","","","","","","","","","","","","","",,,"","","JB- Collected by CR","Gravid trap","","2025-04-22T07:00:00.000Z",17,1,1,false,"Fixed; orchard N of RR tracks on W side of Leonard","Culiseta inornata","2025-04-23T15:34:11.730Z",1032,1,0,0
"CNSL",148,3405158,"","","","","","","","","","","","","","","","","","","",,,"","","JB- Collected by CR","Gravid trap","","2025-04-22T07:00:00.000Z",17,1,1,false,"Fixed; orchard NW of Belmont Nursery, E of Locan neighborhood","Culex quinquefasciatus","2025-04-23T15:35:28.669Z",1032,0,0,1
"CNSL",148,3405158,"","","","","","","","","","","","","","","","","","","",,,"","","JB- Collected by CR","Gravid trap","","2025-04-22T07:00:00.000Z",17,1,1,false,"Fixed; orchard NW of Belmont Nursery, E of Locan neighborhood","Culex stigmatosoma","2025-04-23T15:35:28.669Z",1032,0,0,1
"CNSL",149,3405159,"","","","","","","","","","","","","","","","","","","",,,"","","JB- Collected by CR","Gravid trap","","2025-04-22T07:00:00.000Z",17,1,1,false,"Fixed; orchard NW of DeWolf and Hwy 180","Culex quinquefasciatus","2025-04-23T15:36:49.172Z",1032,0,0,18
"CNSL",149,3405159,"","","","","","","","","","","","","","","","","","","",,,"","","JB- Collected by CR","Gravid trap","","2025-04-22T07:00:00.000Z",17,1,1,false,"Fixed; orchard NW of DeWolf and Hwy 180","Culex stigmatosoma","2025-04-23T15:36:49.172Z",1032,0,0,6
"CNSL",149,3405159,"","","","","","","","","","","","","","","","","","","",,,"","","JB- Collected by CR","Gravid trap","","2025-04-22T07:00:00.000Z",17,1,1,false,"Fixed; orchard NW of DeWolf and Hwy 180","Culiseta inornata","2025-04-23T15:36:49.172Z",1032,1,0,0
"CNSL",149,3405159,"","","","","","","","","","","","","","","","","","","",,,"","","JB- Collected by CR","Gravid trap","","2025-04-22T07:00:00.000Z",17,1,1,false,"Fixed; orchard NW of DeWolf and Hwy 180","Culiseta inornata","2025-04-23T15:36:49.172Z",1032,0,0,1
"CNSL",150,3405160,"","","","","","","","","","","","","","","","","","","",,,"","","JB- Collected by CR","Carbon dioxide baited trap","","2025-04-22T07:00:00.000Z",17,1,1,false,"Fixed; orchard NW of Belmont Nursery, E of Locan neighborhood","Culex quinquefasciatus","2025-04-23T15:38:13.300Z",1032,0,3,0
"CNSL",150,3405160,"","","","","","","","","","","","","","","","","","","",,,"","","JB- Collected by CR","Carbon dioxide baited trap","","2025-04-22T07:00:00.000Z",17,1,1,false,"Fixed; orchard NW of Belmont Nursery, E of Locan neighborhood","Culex tarsalis","2025-04-23T15:38:13.300Z",1032,0,2,0
"CNSL",150,3405160,"","","","","","","","","","","","","","","","","","","",,,"","","JB- Collected by CR","Carbon dioxide baited trap","","2025-04-22T07:00:00.000Z",17,1,1,false,"Fixed; orchard NW of Belmont Nursery, E of Locan neighborhood","Culex stigmatosoma","2025-04-23T15:38:13.300Z",1032,0,2,0
"CNSL",151,3405161,"","","","","","","","","","","","","","","","","","","",,,"","","JB- Collected by CR","Carbon dioxide baited trap","","2025-04-22T07:00:00.000Z",17,1,1,false,"Fixed; orchard NW of DeWolf and Hwy 180","Culex quinquefasciatus","2025-04-23T15:39:38.183Z",1032,0,21,0
"CNSL",151,3405161,"","","","","","","","","","","","","","","","","","","",,,"","","JB- Collected by CR","Carbon dioxide baited trap","","2025-04-22T07:00:00.000Z",17,1,1,false,"Fixed; orchard NW of DeWolf and Hwy 180","Culex stigmatosoma","2025-04-23T15:39:38.183Z",1032,0,2,0
"CNSL",151,3405161,"","","","","","","","","","","","","","","","","","","",,,"","","JB- Collected by CR","Carbon dioxide baited trap","","2025-04-22T07:00:00.000Z",17,1,1,false,"Fixed; orchard NW of DeWolf and Hwy 180","Culex tarsalis","2025-04-23T15:39:38.183Z",1032,0,6,0
"CNSL",151,3405161,"","","","","","","","","","","","","","","","","","","",,,"","","JB- Collected by CR","Carbon dioxide baited trap","","2025-04-22T07:00:00.000Z",17,1,1,false,"Fixed; orchard NW of DeWolf and Hwy 180","Culiseta inornata","2025-04-23T15:39:38.183Z",1032,0,2,0
"CNSL",152,3405162,"","","","","","","","","","","","","","","","","","","",,,"","","JB- Collected by CR","Carbon dioxide baited trap","","2025-04-22T07:00:00.000Z",17,1,1,false,"Fixed; SW corner Weldon and Armstrong","Culex quinquefasciatus","2025-04-23T15:41:59.940Z",1032,1,0,0
"CNSL",152,3405162,"","","","","","","","","","","","","","","","","","","",,,"","","JB- Collected by CR","Carbon dioxide baited trap","","2025-04-22T07:00:00.000Z",17,1,1,false,"Fixed; SW corner Weldon and Armstrong","Culex quinquefasciatus","2025-04-23T15:41:59.940Z",1032,0,20,0
"CNSL",152,3405162,"","","","","","","","","","","","","","","","","","","",,,"","","JB- Collected by CR","Carbon dioxide baited trap","","2025-04-22T07:00:00.000Z",17,1,1,false,"Fixed; SW corner Weldon and Armstrong","Culex tarsalis","2025-04-23T15:41:59.940Z",1032,0,6,0
"CNSL",152,3405162,"","","","","","","","","","","","","","","","","","","",,,"","","JB- Collected by CR","Carbon dioxide baited trap","","2025-04-22T07:00:00.000Z",17,1,1,false,"Fixed; SW corner Weldon and Armstrong","Culiseta inornata","2025-04-23T15:41:59.940Z",1032,0,1,0
"CNSL",153,3405163,"","","","","","","","","","","","","","","","","","","",,,"","","JB- Collected by CR","BG Sentinel","","2025-04-22T07:00:00.000Z",17,1,1,false,"Fixed; Belmont Country Club","Culex quinquefasciatus","2025-04-23T15:42:54.170Z",1032,0,7,0
"CNSL",153,3405163,"","","","","","","","","","","","","","","","","","","",,,"","","JB- Collected by CR","BG Sentinel","","2025-04-22T07:00:00.000Z",17,1,1,false,"Fixed; Belmont Country Club","Culex tarsalis","2025-04-23T15:42:54.170Z",1032,0,3,0
"CNSL",153,3405163,"","","","","","","","","","","","","","","","","","","",,,"","","JB- Collected by CR","BG Sentinel","","2025-04-22T07:00:00.000Z",17,1,1,false,"Fixed; Belmont Country Club","Aedes aegypti","2025-04-23T15:42:54.170Z",1032,0,1,0
"CNSL",156,3405167,"","","","","","","","","","","","","","","","","","","",,,"","","JB- Collected by CR","Carbon dioxide baited trap","","2025-04-22T07:00:00.000Z",17,1,1,false,"Fixed; orchard N of RR tracks on W side of Leonard","Culex quinquefasciatus","2025-04-23T15:45:57.861Z",1032,0,1,0
"CNSL",156,3405167,"","","","","","","","","","","","","","","","","","","",,,"","","JB- Collected by CR","Carbon dioxide baited trap","","2025-04-22T07:00:00.000Z",17,1,1,false,"Fixed; orchard N of RR tracks on W side of Leonard","Culex stigmatosoma","2025-04-23T15:45:57.861Z",1032,0,1,0
"CNSL",156,3405167,"","","","","","","","","","","","","","","","","","","",,,"","","JB- Collected by CR","Carbon dioxide baited trap","","2025-04-22T07:00:00.000Z",17,1,1,false,"Fixed; orchard N of RR tracks on W side of Leonard","Culex tarsalis","2025-04-23T15:45:57.861Z",1032,0,4,0
"CNSL",155,3405166,"","","","","","","","","","","","","","","","","","","",,,"","","JB- Collected by CR","Carbon dioxide baited trap","","2025-04-22T07:00:00.000Z",17,1,1,false,"Fixed; deadend of Pine, citrus orchard between McKinley and Olive","Culex quinquefasciatus","2025-04-23T15:44:41.289Z",1032,0,1,0
"CNSL",155,3405166,"","","","","","","","","","","","","","","","","","","",,,"","","JB- Collected by CR","Carbon dioxide baited trap","","2025-04-22T07:00:00.000Z",17,1,1,false,"Fixed; deadend of Pine, citrus orchard between McKinley and Olive","Culex tarsalis","2025-04-23T15:44:41.289Z",1032,0,1,0
"CNSL",154,3405164,"","","","","","","","","","","","","","","","","","","",,,"","","JB- Collected by CR","Carbon dioxide baited trap","","2025-04-22T07:00:00.000Z",17,1,1,false,"Fixed; SW corner Shields and Dewolf","Culex quinquefasciatus","2025-04-23T15:43:38.681Z",1032,1,0,0
"CNSL",154,3405164,"","","","","","","","","","","","","","","","","","","",,,"","","JB- Collected by CR","Carbon dioxide baited trap","","2025-04-22T07:00:00.000Z",17,1,1,false,"Fixed; SW corner Shields and Dewolf","Culex quinquefasciatus","2025-04-23T15:43:38.681Z",1032,0,1,0
"CNSL",154,3405164,"","","","","","","","","","","","","","","","","","","",,,"","","JB- Collected by CR","Carbon dioxide baited trap","","2025-04-22T07:00:00.000Z",17,1,1,false,"Fixed; SW corner Shields and Dewolf","Culex tarsalis","2025-04-23T15:43:38.681Z",1032,0,2,0
"CNSL",157,3405168,"","","","","","","","","","","","","","","","","","","",,,"","","KR- Collected by MT","Carbon dioxide baited trap","","2025-04-22T07:00:00.000Z",17,1,1,false,"Fixed; almond orchard N of canal on E side of Fowler Ave","Culex quinquefasciatus","2025-04-23T15:48:34.998Z",1032,0,1,0
"CNSL",157,3405168,"","","","","","","","","","","","","","","","","","","",,,"","","KR- Collected by MT","Carbon dioxide baited trap","","2025-04-22T07:00:00.000Z",17,1,1,false,"Fixed; almond orchard N of canal on E side of Fowler Ave","Culex tarsalis","2025-04-23T15:48:34.998Z",1032,0,1,0
"CNSL",157,3405168,"","","","","","","","","","","","","","","","","","","",,,"","","KR- Collected by MT","Carbon dioxide baited trap","","2025-04-22T07:00:00.000Z",17,1,1,false,"Fixed; almond orchard N of canal on E side of Fowler Ave","Culex stigmatosoma","2025-04-23T15:48:34.998Z",1032,0,1,0
"CNSL",157,3405168,"","","","","","","","","","","","","","","","","","","",,,"","","KR- Collected by MT","Carbon dioxide baited trap","","2025-04-22T07:00:00.000Z",17,1,1,false,"Fixed; almond orchard N of canal on E side of Fowler Ave","Culiseta inornata","2025-04-23T15:48:34.998Z",1032,0,1,0
"CNSL",158,3405169,"","","","","","","","","","","","","","","","","","","",,,"","","KR- Collected by MT","Carbon dioxide baited trap","","2025-04-22T07:00:00.000Z",17,1,1,false,"Fixed; NW corner of Mnt Whitney and Locan, almond orchard","Culex quinquefasciatus","2025-04-23T15:49:29.099Z",1032,0,4,0
"CNSL",158,3405169,"","","","","","","","","","","","","","","","","","","",,,"","","KR- Collected by MT","Carbon dioxide baited trap","","2025-04-22T07:00:00.000Z",17,1,1,false,"Fixed; NW corner of Mnt Whitney and Locan, almond orchard","Aedes aegypti","2025-04-23T15:49:29.099Z",1032,0,1,0
"CNSL",158,3405169,"","","","","","","","","","","","","","","","","","","",,,"","","KR- Collected by MT","Carbon dioxide baited trap","","2025-04-22T07:00:00.000Z",17,1,1,false,"Fixed; NW corner of Mnt Whitney and Locan, almond orchard","Culex tarsalis","2025-04-23T15:49:29.099Z",1032,0,7,0
"CNSL",158,3405169,"","","","","","","","","","","","","","","","","","","",,,"","","KR- Collected by MT","Carbon dioxide baited trap","","2025-04-22T07:00:00.000Z",17,1,1,false,"Fixed; NW corner of Mnt Whitney and Locan, almond orchard","Culiseta inornata","2025-04-23T15:49:29.099Z",1032,0,1,0
"CNSL",159,3405170,"","","","","","","","","","","","","","","","","","","",,,"","","KR- Collected by MT","Carbon dioxide baited trap","","2025-04-22T07:00:00.000Z",17,1,1,false,"Fixed; SW of Mt Whitney and W of Old Kingston, almonds N of canal","Culex quinquefasciatus","2025-04-23T15:50:16.839Z",1032,0,2,0
"CNSL",161,3405173,"","","","","","","","","","","","","","","","","","","",,,"","","KR- Collected by MT","Carbon dioxide baited trap","","2025-04-22T07:00:00.000Z",17,1,1,false,"Fixed; orchard W of Riverdale Ave and Fatima Ave","Culex tarsalis","2025-04-23T15:52:37.377Z",1032,0,1,0
"CNSL",161,3405173,"","","","","","","","","","","","","","","","","","","",,,"","","KR- Collected by MT","Carbon dioxide baited trap","","2025-04-22T07:00:00.000Z",17,1,1,false,"Fixed; orchard W of Riverdale Ave and Fatima Ave","Culiseta inornata","2025-04-23T15:52:37.377Z",1032,0,2,0
"CNSL",162,3405175,"","","","","","","","","","","","","","","","","","","",,,"","","KR- Collected by MT","Carbon dioxide baited trap","","2025-04-22T07:00:00.000Z",17,1,1,false,"Fixed; Stonefruit orchard E of Clovis on N side of Hochderffer, W of corn and eucalyptus","Culex quinquefasciatus","2025-04-23T15:54:07.275Z",1032,0,9,0
"CNSL",162,3405175,"","","","","","","","","","","","","","","","","","","",,,"","","KR- Collected by MT","Carbon dioxide baited trap","","2025-04-22T07:00:00.000Z",17,1,1,false,"Fixed; Stonefruit orchard E of Clovis on N side of Hochderffer, W of corn and eucalyptus","Culex tarsalis","2025-04-23T15:54:07.275Z",1032,0,3,0
"CNSL",162,3405175,"","","","","","","","","","","","","","","","","","","",,,"","","KR- Collected by MT","Carbon dioxide baited trap","","2025-04-22T07:00:00.000Z",17,1,1,false,"Fixed; Stonefruit orchard E of Clovis on N side of Hochderffer, W of corn and eucalyptus","Culex stigmatosoma","2025-04-23T15:54:07.275Z",1032,0,1,0
"CNSL",162,3405175,"","","","","","","","","","","","","","","","","","","",,,"","","KR- Collected by MT","Carbon dioxide baited trap","","2025-04-22T07:00:00.000Z",17,1,1,false,"Fixed; Stonefruit orchard E of Clovis on N side of Hochderffer, W of corn and eucalyptus","Aedes nigromaculis","2025-04-23T15:54:07.275Z",1032,0,1,0
"CNSL",163,3405176,"","","","","","","","","","","","","","","","","","","",,,"","","KR- Collected by MT","Carbon dioxide baited trap","","2025-04-22T07:00:00.000Z",17,1,1,false,"Fixed; almond orchard N of Levee and Fowler, S of canal","Culex quinquefasciatus","2025-04-23T15:55:32.136Z",1032,0,9,0
"CNSL",163,3405176,"","","","","","","","","","","","","","","","","","","",,,"","","KR- Collected by MT","Carbon dioxide baited trap","","2025-04-22T07:00:00.000Z",17,1,1,false,"Fixed; almond orchard N of Levee and Fowler, S of canal","Culex tarsalis","2025-04-23T15:55:32.136Z",1032,0,5,0
"CNSL",163,3405176,"","","","","","","","","","","","","","","","","","","",,,"","","KR- Collected by MT","Carbon dioxide baited trap","","2025-04-22T07:00:00.000Z",17,1,1,false,"Fixed; almond orchard N of Levee and Fowler, S of canal","Culex stigmatosoma","2025-04-23T15:55:32.136Z",1032,0,2,0
"CNSL",164,3405177,"","","","","","","","","","","","","","","","","","","",,,"","","KR- Collected by MT","Carbon dioxide baited trap","","2025-04-22T07:00:00.000Z",17,1,1,false,"Fixed; orchard W of Mnt Whitney and Latonia","Culex tarsalis","2025-04-23T15:57:54.425Z",1032,0,4,0
"CNSL",164,3405177,"","","","","","","","","","","","","","","","","","","",,,"","","KR- Collected by MT","Carbon dioxide baited trap","","2025-04-22T07:00:00.000Z",17,1,1,false,"Fixed; orchard W of Mnt Whitney and Latonia","Culex stigmatosoma","2025-04-23T15:57:54.425Z",1032,0,2,0
"CNSL",164,3405177,"","","","","","","","","","","","","","","","","","","",,,"","","KR- Collected by MT","Carbon dioxide baited trap","","2025-04-22T07:00:00.000Z",17,1,1,false,"Fixed; orchard W of Mnt Whitney and Latonia","Culex quinquefasciatus","2025-04-23T15:57:54.425Z",1032,0,3,0
"CNSL",165,3405178,"","","","","","","","","","","","","","","","","","","",,,"","","KR- Collected by MT","Carbon dioxide baited trap","","2025-04-22T07:00:00.000Z",17,1,1,false,"2025 South; Davis and Elm, almond orchard","Culex quinquefasciatus","2025-04-23T15:58:39.380Z",1032,0,2,0
"CNSL",165,3405178,"","","","","","","","","","","","","","","","","","","",,,"","","KR- Collected by MT","Carbon dioxide baited trap","","2025-04-22T07:00:00.000Z",17,1,1,false,"2025 South; Davis and Elm, almond orchard","Culex tarsalis","2025-04-23T15:58:39.380Z",1032,0,5,0
"CNSL",166,3405180,"","","","","","","","","","","","","","","","","","","",,,"","","KR- Collected by MT","BG Sentinel","","2025-04-22T07:00:00.000Z",17,1,1,false,"Fixed; 6822 De Woody Ave","Culex quinquefasciatus","2025-04-23T16:00:13.880Z",1032,0,2,0
"CNSL",166,3405180,"","","","","","","","","","","","","","","","","","","",,,"","","KR- Collected by MT","BG Sentinel","","2025-04-22T07:00:00.000Z",17,1,1,false,"Fixed; 6822 De Woody Ave","Aedes aegypti","2025-04-23T16:00:13.880Z",1032,0,2,0
"CNSL",167,3406102,"","","","","","","","","","","","","","","","","","","",,,"","","JB- Collected by MT","Gravid trap","","2025-04-23T07:00:00.000Z",17,1,1,false,"SR90; 2814 Birch St","Culex quinquefasciatus","2025-04-24T16:16:53.356Z",1032,0,0,7
"CNSL",168,3406103,"","","","","","","","","","","","","","","","","","","",,,"","","JB- Collected by MT","Gravid trap","","2025-04-23T07:00:00.000Z",17,1,1,false,"SR113; 8126 N Maroa Ave","Culex quinquefasciatus","2025-04-24T16:18:40.442Z",1032,2,0,0
"CNSL",168,3406103,"","","","","","","","","","","","","","","","","","","",,,"","","JB- Collected by MT","Gravid trap","","2025-04-23T07:00:00.000Z",17,1,1,false,"SR113; 8126 N Maroa Ave","Culex quinquefasciatus","2025-04-24T16:18:40.442Z",1032,0,0,8
"CNSL",169,3406104,"003164","142302-807","800 N Piedra Road","Sanger","93657",222,"003164","142302-807","800 N Piedra Road","Sanger","93657",222,"","","","","","","",-119.443806,36.746111,2,"","JB- Collected by CR","Gravid trap","","2025-04-23T07:00:00.000Z",17,1,1,false,"SR103; 734 N Piedra Rd","Culex quinquefasciatus","2025-04-24T16:20:27.768Z",1032,0,0,4
"CNSL",169,3406104,"003164","142302-807","800 N Piedra Road","Sanger","93657",222,"003164","142302-807","800 N Piedra Road","Sanger","93657",222,"","","","","","","",-119.443806,36.746111,2,"","JB- Collected by CR","Gravid trap","","2025-04-23T07:00:00.000Z",17,1,1,false,"SR103; 734 N Piedra Rd","Culex stigmatosoma","2025-04-24T16:20:27.768Z",1032,0,0,11
"CNSL",169,3406104,"003164","142302-807","800 N Piedra Road","Sanger","93657",222,"003164","142302-807","800 N Piedra Road","Sanger","93657",222,"","","","","","","",-119.443806,36.746111,2,"","JB- Collected by CR","Gravid trap","","2025-04-23T07:00:00.000Z",17,1,1,false,"SR103; 734 N Piedra Rd","Culex thriambus","2025-04-24T16:20:27.768Z",1032,0,0,4
"CNSL",169,3406104,"003164","142302-807","800 N Piedra Road","Sanger","93657",222,"003164","142302-807","800 N Piedra Road","Sanger","93657",222,"","","","","","","",-119.443806,36.746111,2,"","JB- Collected by CR","Gravid trap","","2025-04-23T07:00:00.000Z",17,1,1,false,"SR103; 734 N Piedra Rd","Culex restuans","2025-04-24T16:20:27.768Z",1032,0,0,2
"CNSL",169,3406104,"003164","142302-807","800 N Piedra Road","Sanger","93657",222,"003164","142302-807","800 N Piedra Road","Sanger","93657",222,"","","","","","","",-119.443806,36.746111,2,"","JB- Collected by CR","Gravid trap","","2025-04-23T07:00:00.000Z",17,1,1,false,"SR103; 734 N Piedra Rd","Culiseta incidens","2025-04-24T16:20:27.768Z",1032,0,0,1
"CNSL",169,3406104,"003164","142302-807","800 N Piedra Road","Sanger","93657",222,"003164","142302-807","800 N Piedra Road","Sanger","93657",222,"","","","","","","",-119.443806,36.746111,2,"","JB- Collected by CR","Gravid trap","","2025-04-23T07:00:00.000Z",17,1,1,false,"SR103; 734 N Piedra Rd","Culiseta particeps","2025-04-24T16:20:27.768Z",1032,0,0,1
"CNSL",170,3406105,"003164","142302-807","800 N Piedra Road","Sanger","93657",222,"003164","142302-807","800 N Piedra Road","Sanger","93657",222,"","","","","","","",-119.443806,36.746111,2,"","JB- Collected by CR","BG Sentinel","","2025-04-23T07:00:00.000Z",17,1,1,false,"SR103; 734 N Piedra Rd","Aedes melanimon","2025-04-24T16:21:44.232Z",1032,0,1,0
"CNSL",171,3406106,"","","","","","","","","","","","","","","","","","","",,,"","","JB- Collected by MT","BG Sentinel","","2025-04-23T07:00:00.000Z",17,1,1,false,"SR90; 2814 Birch St","Culex quinquefasciatus","2025-04-24T16:22:37.141Z",1032,0,1,0
"CNSL",172,3406108,"","","","","","","","","","","","","","","","","","","",,,"","","JB- Collected by MT","BG Sentinel","","2025-04-23T07:00:00.000Z",17,1,1,false,"SR113; 8126 N Maroa Ave","Culex quinquefasciatus","2025-04-24T16:23:32.803Z",1032,0,5,0
"CNSL",172,3406108,"","","","","","","","","","","","","","","","","","","",,,"","","JB- Collected by MT","BG Sentinel","","2025-04-23T07:00:00.000Z",17,1,1,false,"SR113; 8126 N Maroa Ave","Culex tarsalis","2025-04-24T16:23:32.803Z",1032,0,2,0
"CNSL",172,3406108,"","","","","","","","","","","","","","","","","","","",,,"","","JB- Collected by MT","BG Sentinel","","2025-04-23T07:00:00.000Z",17,1,1,false,"SR113; 8126 N Maroa Ave","Aedes aegypti","2025-04-24T16:23:32.803Z",1032,0,1,0
"CNSL",173,3406109,"","","","","","","","","","","","","","","","","","","",,,"","","JB- Collected by CR","Gravid trap","","2025-04-23T07:00:00.000Z",17,1,1,false,"Fixed; Del Rey stonefruit orchard to the South","Culex quinquefasciatus","2025-04-24T16:27:19.116Z",1032,5,0,0
"CNSL",173,3406109,"","","","","","","","","","","","","","","","","","","",,,"","","JB- Collected by CR","Gravid trap","","2025-04-23T07:00:00.000Z",17,1,1,false,"Fixed; Del Rey stonefruit orchard to the South","Culex quinquefasciatus","2025-04-24T16:27:19.116Z",1032,0,0,9
"CNSL",173,3406109,"","","","","","","","","","","","","","","","","","","",,,"","","JB- Collected by CR","Gravid trap","","2025-04-23T07:00:00.000Z",17,1,1,false,"Fixed; Del Rey stonefruit orchard to the South","Culex stigmatosoma","2025-04-24T16:27:19.116Z",1032,1,0,0
"CNSL",173,3406109,"","","","","","","","","","","","","","","","","","","",,,"","","JB- Collected by CR","Gravid trap","","2025-04-23T07:00:00.000Z",17,1,1,false,"Fixed; Del Rey stonefruit orchard to the South","Culex tarsalis","2025-04-24T16:27:19.116Z",1032,1,0,0
"CNSL",174,3406110,"","","","","","","","","","","","","","","","","","","",,,"","","JB- Collected by CR","Gravid trap","","2025-04-23T07:00:00.000Z",17,1,1,false,"Fixed; persimmon orchard NE of Quality and 8th","Culex quinquefasciatus","2025-04-24T16:28:54.078Z",1032,0,0,53
"CNSL",174,3406110,"","","","","","","","","","","","","","","","","","","",,,"","","JB- Collected by CR","Gravid trap","","2025-04-23T07:00:00.000Z",17,1,1,false,"Fixed; persimmon orchard NE of Quality and 8th","Culex tarsalis","2025-04-24T16:28:54.078Z",1032,0,0,3
"CNSL",174,3406110,"","","","","","","","","","","","","","","","","","","",,,"","","JB- Collected by CR","Gravid trap","","2025-04-23T07:00:00.000Z",17,1,1,false,"Fixed; persimmon orchard NE of Quality and 8th","Culex stigmatosoma","2025-04-24T16:28:54.078Z",1032,0,0,2
"CNSL",175,3406111,"","","","","","","","","","","","","","","","","","","",,,"","","JB- Collected by CR","Gravid trap","","2025-04-23T07:00:00.000Z",17,1,1,false,"Fixed; orchard NE of Fairbanks and Oak","Culex quinquefasciatus","2025-04-24T16:30:27.964Z",1032,0,0,4
"CNSL",176,3406112,"","","","","","","","","","","","","","","","","","","",,,"","","JB- Collected by CR","Gravid trap","","2025-04-23T07:00:00.000Z",17,1,1,false,"Fixed; Del Rey almond orchard Portola/ American","Culex quinquefasciatus","2025-04-24T16:31:33.225Z",1032,1,0,0
"CNSL",176,3406112,"","","","","","","","","","","","","","","","","","","",,,"","","JB- Collected by CR","Gravid trap","","2025-04-23T07:00:00.000Z",17,1,1,false,"Fixed; Del Rey almond orchard Portola/ American","Culex quinquefasciatus","2025-04-24T16:31:33.225Z",1032,0,0,3
"CNSL",176,3406112,"","","","","","","","","","","","","","","","","","","",,,"","","JB- Collected by CR","Gravid trap","","2025-04-23T07:00:00.000Z",17,1,1,false,"Fixed; Del Rey almond orchard Portola/ American","Culex stigmatosoma","2025-04-24T16:31:33.225Z",1032,0,0,2
"CNSL",177,3406113,"","","","","","","","","","","","","","","","","","","",,,"","","JB- Collected by CR","Gravid trap","","2025-04-23T07:00:00.000Z",17,1,1,false,"Fixed; Holding Park, Greenwood and Church","Culex quinquefasciatus","2025-04-24T16:32:17.066Z",1032,3,0,0
"CNSL",177,3406113,"","","","","","","","","","","","","","","","","","","",,,"","","JB- Collected by CR","Gravid trap","","2025-04-23T07:00:00.000Z",17,1,1,false,"Fixed; Holding Park, Greenwood and Church","Culex quinquefasciatus","2025-04-24T16:32:17.066Z",1032,0,0,19
"CNSL",177,3406113,"","","","","","","","","","","","","","","","","","","",,,"","","JB- Collected by CR","Gravid trap","","2025-04-23T07:00:00.000Z",17,1,1,false,"Fixed; Holding Park, Greenwood and Church","Culex stigmatosoma","2025-04-24T16:32:17.066Z",1032,1,0,0
"CNSL",177,3406113,"","","","","","","","","","","","","","","","","","","",,,"","","JB- Collected by CR","Gravid trap","","2025-04-23T07:00:00.000Z",17,1,1,false,"Fixed; Holding Park, Greenwood and Church","Culex stigmatosoma","2025-04-24T16:32:17.066Z",1032,0,0,3
"CNSL",178,3406169,"002083","142222-803","2590 North","Sanger","93657",222,"002083","142222-803","2590 North","Sanger","93657",222,"","","","","","","",-119.573136,36.693394,2,"","JB- Collected by CR","Gravid trap","","2025-04-23T07:00:00.000Z",17,1,1,false,"Fixed; St. Mary's Church, NE North and Bethel","Culex quinquefasciatus","2025-04-24T16:59:33.604Z",1032,1,0,0
"CNSL",178,3406169,"002083","142222-803","2590 North","Sanger","93657",222,"002083","142222-803","2590 North","Sanger","93657",222,"","","","","","","",-119.573136,36.693394,2,"","JB- Collected by CR","Gravid trap","","2025-04-23T07:00:00.000Z",17,1,1,false,"Fixed; St. Mary's Church, NE North and Bethel","Culex quinquefasciatus","2025-04-24T16:59:33.604Z",1032,0,0,14
"CNSL",179,3406172,"","","","","","","","","","","","","","","","","","","",,,"","","JB- Collected by CR","Gravid trap","","2025-04-23T07:00:00.000Z",17,1,1,false,"Fixed; 489 Brehler","Culex quinquefasciatus","2025-04-24T17:00:16.203Z",1032,3,0,0
"CNSL",179,3406172,"","","","","","","","","","","","","","","","","","","",,,"","","JB- Collected by CR","Gravid trap","","2025-04-23T07:00:00.000Z",17,1,1,false,"Fixed; 489 Brehler","Culex quinquefasciatus","2025-04-24T17:00:16.203Z",1032,0,0,34
"CNSL",179,3406172,"","","","","","","","","","","","","","","","","","","",,,"","","JB- Collected by CR","Gravid trap","","2025-04-23T07:00:00.000Z",17,1,1,false,"Fixed; 489 Brehler","Culex stigmatosoma","2025-04-24T17:00:16.203Z",1032,0,0,9
"CNSL",180,3406174,"002086","142227-801","3545 Greenwood Ave.","Sanger","93657",222,"002086","142227-801","3545 Greenwood Ave.","Sanger","93657",222,"","","","","","","",-119.566456,36.684236,2,"","JB- Collected by CR","Gravid trap","","2025-04-23T07:00:00.000Z",17,1,1,false,"Fixed; 3545 Greenwood Ave","Culex quinquefasciatus","2025-04-24T17:00:52.777Z",1032,2,0,0
"CNSL",180,3406174,"002086","142227-801","3545 Greenwood Ave.","Sanger","93657",222,"002086","142227-801","3545 Greenwood Ave.","Sanger","93657",222,"","","","","","","",-119.566456,36.684236,2,"","JB- Collected by CR","Gravid trap","","2025-04-23T07:00:00.000Z",17,1,1,false,"Fixed; 3545 Greenwood Ave","Culex quinquefasciatus","2025-04-24T17:00:52.777Z",1032,0,0,33
"CNSL",181,3406178,"","","","","","","","","","","","","","","","","","","",,,"","","JB- Collected by CR","Gravid trap","","2025-04-23T07:00:00.000Z",17,1,1,false,"Fixed; SE of CA and Indianola, oranges","Culex quinquefasciatus","2025-04-24T17:01:45.162Z",1032,0,0,13
"CNSL",182,3406180,"","","","","","","","","","","","","","","","","","","",,,"","","JB- Collected by CR","Gravid trap","","2025-04-23T07:00:00.000Z",17,1,1,false,"Fixed; W of Annadale and Indianola on S side oranges","Culex quinquefasciatus","2025-04-24T17:02:30.993Z",1032,2,0,0
"CNSL",182,3406180,"","","","","","","","","","","","","","","","","","","",,,"","","JB- Collected by CR","Gravid trap","","2025-04-23T07:00:00.000Z",17,1,1,false,"Fixed; W of Annadale and Indianola on S side oranges","Culex quinquefasciatus","2025-04-24T17:02:30.993Z",1032,0,0,12
"CNSL",183,3406185,"","","","","","","","","","","","","","","","","","","",,,"","","JB- Collected by CR","Gravid trap","","2025-04-23T07:00:00.000Z",17,1,1,false,"Fixed; SW of Church and Indianola, almonds","Culex quinquefasciatus","2025-04-24T17:03:22.200Z",1032,1,0,0
"CNSL",183,3406185,"","","","","","","","","","","","","","","","","","","",,,"","","JB- Collected by CR","Gravid trap","","2025-04-23T07:00:00.000Z",17,1,1,false,"Fixed; SW of Church and Indianola, almonds","Culex quinquefasciatus","2025-04-24T17:03:22.200Z",1032,0,0,3
"CNSL",183,3406185,"","","","","","","","","","","","","","","","","","","",,,"","","JB- Collected by CR","Gravid trap","","2025-04-23T07:00:00.000Z",17,1,1,false,"Fixed; SW of Church and Indianola, almonds","Culex stigmatosoma","2025-04-24T17:03:22.200Z",1032,0,0,1
"CNSL",183,3406185,"","","","","","","","","","","","","","","","","","","",,,"","","JB- Collected by CR","Gravid trap","","2025-04-23T07:00:00.000Z",17,1,1,false,"Fixed; SW of Church and Indianola, almonds","Culex tarsalis","2025-04-24T17:03:22.200Z",1032,0,0,1
"CNSL",184,3406187,"002020","132217-804","North/East of Ashlan and Quail Lake Drive","Clovis","93611",222,"002020","132217-804","North/East of Ashlan and Quail Lake Drive","Clovis","93611",222,"","","","","","","",-119.595,36.795,2,"","JB- Collected by MT","Gravid trap","","2025-04-23T07:00:00.000Z",17,1,1,false,"Fixed; QL, Red Bank Slough","Culex quinquefasciatus","2025-04-24T17:04:42.020Z",1032,2,0,0
"CNSL",184,3406187,"002020","132217-804","North/East of Ashlan and Quail Lake Drive","Clovis","93611",222,"002020","132217-804","North/East of Ashlan and Quail Lake Drive","Clovis","93611",222,"","","","","","","",-119.595,36.795,2,"","JB- Collected by MT","Gravid trap","","2025-04-23T07:00:00.000Z",17,1,1,false,"Fixed; QL, Red Bank Slough","Culex quinquefasciatus","2025-04-24T17:04:42.020Z",1032,0,0,11
"CNSL",184,3406187,"002020","132217-804","North/East of Ashlan and Quail Lake Drive","Clovis","93611",222,"002020","132217-804","North/East of Ashlan and Quail Lake Drive","Clovis","93611",222,"","","","","","","",-119.595,36.795,2,"","JB- Collected by MT","Gravid trap","","2025-04-23T07:00:00.000Z",17,1,1,false,"Fixed; QL, Red Bank Slough","Culex stigmatosoma","2025-04-24T17:04:42.020Z",1032,0,0,17
"CNSL",184,3406187,"002020","132217-804","North/East of Ashlan and Quail Lake Drive","Clovis","93611",222,"002020","132217-804","North/East of Ashlan and Quail Lake Drive","Clovis","93611",222,"","","","","","","",-119.595,36.795,2,"","JB- Collected by MT","Gravid trap","","2025-04-23T07:00:00.000Z",17,1,1,false,"Fixed; QL, Red Bank Slough","Culex thriambus","2025-04-24T17:04:42.020Z",1032,0,0,2
"CNSL",185,3406189,"","","","","","","","","","","","","","","","","","","",,,"","","JB- Collected by MT","Gravid trap","","2025-04-23T07:00:00.000Z",17,1,1,false,"Fixed; NE of Ashlan and Thompson in almond orchard","Culex quinquefasciatus","2025-04-24T17:06:12.848Z",1032,2,0,0
"CNSL",185,3406189,"","","","","","","","","","","","","","","","","","","",,,"","","JB- Collected by MT","Gravid trap","","2025-04-23T07:00:00.000Z",17,1,1,false,"Fixed; NE of Ashlan and Thompson in almond orchard","Culex quinquefasciatus","2025-04-24T17:06:12.848Z",1032,0,0,21
"CNSL",185,3406189,"","","","","","","","","","","","","","","","","","","",,,"","","JB- Collected by MT","Gravid trap","","2025-04-23T07:00:00.000Z",17,1,1,false,"Fixed; NE of Ashlan and Thompson in almond orchard","Culex stigmatosoma","2025-04-24T17:06:12.848Z",1032,0,0,6
"CNSL",185,3406189,"","","","","","","","","","","","","","","","","","","",,,"","","JB- Collected by MT","Gravid trap","","2025-04-23T07:00:00.000Z",17,1,1,false,"Fixed; NE of Ashlan and Thompson in almond orchard","Culiseta inornata","2025-04-24T17:06:12.848Z",1032,0,0,1
"CNSL",186,3406190,"","","","","","","","","","","","","","","","","","","",,,"","","JB- Collected by MT","Gravid trap","","2025-04-23T07:00:00.000Z",17,1,1,false,"Fixed; Wolf Lakes","Culex quinquefasciatus","2025-04-24T17:06:59.251Z",1032,1,0,0
"CNSL",186,3406190,"","","","","","","","","","","","","","","","","","","",,,"","","JB- Collected by MT","Gravid trap","","2025-04-23T07:00:00.000Z",17,1,1,false,"Fixed; Wolf Lakes","Culex quinquefasciatus","2025-04-24T17:06:59.251Z",1032,0,0,8
"CNSL",186,3406190,"","","","","","","","","","","","","","","","","","","",,,"","","JB- Collected by MT","Gravid trap","","2025-04-23T07:00:00.000Z",17,1,1,false,"Fixed; Wolf Lakes","Culex stigmatosoma","2025-04-24T17:06:59.251Z",1032,0,0,7
"CNSL",186,3406190,"","","","","","","","","","","","","","","","","","","",,,"","","JB- Collected by MT","Gravid trap","","2025-04-23T07:00:00.000Z",17,1,1,false,"Fixed; Wolf Lakes","Culex tarsalis","2025-04-24T17:06:59.251Z",1032,0,0,1
"CNSL",187,3406193,"","","","","","","","","","","","","","","","","","","",,,"","","JB- Collected by MT","Gravid trap","","2025-04-23T07:00:00.000Z",17,1,1,false,"Fixed; Orchard N of Shields Ave, on E side of Indianola Ave","Culex quinquefasciatus","2025-04-24T17:08:01.835Z",1032,3,0,0
"CNSL",187,3406193,"","","","","","","","","","","","","","","","","","","",,,"","","JB- Collected by MT","Gravid trap","","2025-04-23T07:00:00.000Z",17,1,1,false,"Fixed; Orchard N of Shields Ave, on E side of Indianola Ave","Culex quinquefasciatus","2025-04-24T17:08:01.835Z",1032,0,0,4
"CNSL",187,3406193,"","","","","","","","","","","","","","","","","","","",,,"","","JB- Collected by MT","Gravid trap","","2025-04-23T07:00:00.000Z",17,1,1,false,"Fixed; Orchard N of Shields Ave, on E side of Indianola Ave","Culex stigmatosoma","2025-04-24T17:08:01.835Z",1032,0,0,4
"CNSL",187,3406193,"","","","","","","","","","","","","","","","","","","",,,"","","JB- Collected by MT","Gravid trap","","2025-04-23T07:00:00.000Z",17,1,1,false,"Fixed; Orchard N of Shields Ave, on E side of Indianola Ave","Culex tarsalis","2025-04-24T17:08:01.835Z",1032,1,0,0
"CNSL",188,3406195,"","","","","","","","","","","","","","","","","","","",,,"","","JB- Collected by MT","Gravid trap","","2025-04-23T07:00:00.000Z",17,1,1,false,"Fixed; NW corner Bullard/ Leonard","Culex quinquefasciatus","2025-04-24T17:10:32.321Z",1032,2,0,0
"CNSL",188,3406195,"","","","","","","","","","","","","","","","","","","",,,"","","JB- Collected by MT","Gravid trap","","2025-04-23T07:00:00.000Z",17,1,1,false,"Fixed; NW corner Bullard/ Leonard","Culex quinquefasciatus","2025-04-24T17:10:32.321Z",1032,0,0,34
"CNSL",188,3406195,"","","","","","","","","","","","","","","","","","","",,,"","","JB- Collected by MT","Gravid trap","","2025-04-23T07:00:00.000Z",17,1,1,false,"Fixed; NW corner Bullard/ Leonard","Culex stigmatosoma","2025-04-24T17:10:32.321Z",1032,0,0,30
"CNSL",189,3406196,"002083","142222-803","2590 North","Sanger","93657",222,"002083","142222-803","2590 North","Sanger","93657",222,"","","","","","","",-119.573136,36.693394,2,"","JB- Collected by CR","BG Sentinel","","2025-04-23T07:00:00.000Z",17,1,1,false,"Fixed; St. Mary's Church, NE North and Bethel","Culex quinquefasciatus","2025-04-24T17:11:37.985Z",1032,0,2,0
"CNSL",189,3406196,"002083","142222-803","2590 North","Sanger","93657",222,"002083","142222-803","2590 North","Sanger","93657",222,"","","","","","","",-119.573136,36.693394,2,"","JB- Collected by CR","BG Sentinel","","2025-04-23T07:00:00.000Z",17,1,1,false,"Fixed; St. Mary's Church, NE North and Bethel","Aedes aegypti","2025-04-24T17:11:37.985Z",1032,1,0,0
"CNSL",190,3406200,"","","","","","","","","","","","","","","","","","","",,,"","","JB- Collected by CR","BG Sentinel","","2025-04-23T07:00:00.000Z",17,1,1,false,"Fixed; 489 Brehler","Culex quinquefasciatus","2025-04-24T17:14:39.475Z",1032,0,2,0
"CNSL",190,3406200,"","","","","","","","","","","","","","","","","","","",,,"","","JB- Collected by CR","BG Sentinel","","2025-04-23T07:00:00.000Z",17,1,1,false,"Fixed; 489 Brehler","Culex tarsalis","2025-04-24T17:14:39.475Z",1032,0,3,0
"CNSL",191,3406201,"002086","142227-801","3545 Greenwood Ave.","Sanger","93657",222,"002086","142227-801","3545 Greenwood Ave.","Sanger","93657",222,"","","","","","","",-119.566456,36.684236,2,"","JB- Collected by CR","BG Sentinel","","2025-04-23T07:00:00.000Z",17,1,1,false,"Fixed; 3545 Greenwood Ave","Culex quinquefasciatus","2025-04-24T17:15:15.266Z",1032,0,1,0
"CNSL",191,3406201,"002086","142227-801","3545 Greenwood Ave.","Sanger","93657",222,"002086","142227-801","3545 Greenwood Ave.","Sanger","93657",222,"","","","","","","",-119.566456,36.684236,2,"","JB- Collected by CR","BG Sentinel","","2025-04-23T07:00:00.000Z",17,1,1,false,"Fixed; 3545 Greenwood Ave","Culex tarsalis","2025-04-24T17:15:15.266Z",1032,0,1,0
"CNSL",192,3406204,"","","","","","","","","","","","","","","","","","","",,,"","","JB- Collected by CR","Carbon dioxide baited trap","","2025-04-23T07:00:00.000Z",17,1,1,false,"Fixed; SE of CA and Indianola, oranges","Culex quinquefasciatus","2025-04-24T17:17:17.080Z",1032,0,28,0
"CNSL",192,3406204,"","","","","","","","","","","","","","","","","","","",,,"","","JB- Collected by CR","Carbon dioxide baited trap","","2025-04-23T07:00:00.000Z",17,1,1,false,"Fixed; SE of CA and Indianola, oranges","Culex tarsalis","2025-04-24T17:17:17.080Z",1032,0,11,0
"CNSL",192,3406204,"","","","","","","","","","","","","","","","","","","",,,"","","JB- Collected by CR","Carbon dioxide baited trap","","2025-04-23T07:00:00.000Z",17,1,1,false,"Fixed; SE of CA and Indianola, oranges","Culex stigmatosoma","2025-04-24T17:17:17.080Z",1032,0,32,0
"CNSL",193,3406223,"","","","","","","","","","","","","","","","","","","",,,"","","JB- Collected by CR","Carbon dioxide baited trap","","2025-04-23T07:00:00.000Z",17,1,1,false,"Fixed; W of Annadale and Indianola on S side, oranges","Culex quinquefasciatus","2025-04-24T17:33:27.020Z",1032,0,41,0
"CNSL",193,3406223,"","","","","","","","","","","","","","","","","","","",,,"","","JB- Collected by CR","Carbon dioxide baited trap","","2025-04-23T07:00:00.000Z",17,1,1,false,"Fixed; W of Annadale and Indianola on S side, oranges","Culex stigmatosoma","2025-04-24T17:33:27.020Z",1032,0,34,0
"CNSL",193,3406223,"","","","","","","","","","","","","","","","","","","",,,"","","JB- Collected by CR","Carbon dioxide baited trap","","2025-04-23T07:00:00.000Z",17,1,1,false,"Fixed; W of Annadale and Indianola on S side, oranges","Culex tarsalis","2025-04-24T17:33:27.020Z",1032,0,13,0
"CNSL",193,3406223,"","","","","","","","","","","","","","","","","","","",,,"","","JB- Collected by CR","Carbon dioxide baited trap","","2025-04-23T07:00:00.000Z",17,1,1,false,"Fixed; W of Annadale and Indianola on S side, oranges","Culiseta inornata","2025-04-24T17:33:27.020Z",1032,0,1,0
"CNSL",194,3406225,"","","","","","","","","","","","","","","","","","","",,,"","","JB- Collected by CR","Carbon dioxide baited trap","","2025-04-23T07:00:00.000Z",17,1,1,false,"Fixed; SW of Church and Indianola, almonds","Culex quinquefasciatus","2025-04-24T17:34:18.065Z",1032,0,3,0
"CNSL",194,3406225,"","","","","","","","","","","","","","","","","","","",,,"","","JB- Collected by CR","Carbon dioxide baited trap","","2025-04-23T07:00:00.000Z",17,1,1,false,"Fixed; SW of Church and Indianola, almonds","Culex tarsalis","2025-04-24T17:34:18.065Z",1032,0,4,0
"CNSL",194,3406225,"","","","","","","","","","","","","","","","","","","",,,"","","JB- Collected by CR","Carbon dioxide baited trap","","2025-04-23T07:00:00.000Z",17,1,1,false,"Fixed; SW of Church and Indianola, almonds","Culex stigmatosoma","2025-04-24T17:34:18.065Z",1032,0,2,0
"CNSL",196,3406833,"","","","","","","","","","","","","","","","","","","",,,"","","JB- Collected by CR","Carbon dioxide baited trap","","2025-04-23T07:00:00.000Z",17,1,1,false,"Fixed; persimmon orchard NE of Quality and 8th","Culex quinquefasciatus","2025-04-25T15:23:52.894Z",1032,0,2,0
"CNSL",196,3406833,"","","","","","","","","","","","","","","","","","","",,,"","","JB- Collected by CR","Carbon dioxide baited trap","","2025-04-23T07:00:00.000Z",17,1,1,false,"Fixed; persimmon orchard NE of Quality and 8th","Culex tarsalis","2025-04-25T15:23:52.894Z",1032,0,3,0
"CNSL",196,3406833,"","","","","","","","","","","","","","","","","","","",,,"","","JB- Collected by CR","Carbon dioxide baited trap","","2025-04-23T07:00:00.000Z",17,1,1,false,"Fixed; persimmon orchard NE of Quality and 8th","Culiseta inornata","2025-04-25T15:23:52.894Z",1032,0,1,0
"CNSL",197,3406836,"","","","","","","","","","","","","","","","","","","",,,"","","JB- Collected by CR","Carbon dioxide baited trap","","2025-04-23T07:00:00.000Z",17,1,1,false,"Fixed; Orchard NE of Fairbanks and Oak","Culex quinquefasciatus","2025-04-25T15:26:52.824Z",1032,0,4,0
"CNSL",197,3406836,"","","","","","","","","","","","","","","","","","","",,,"","","JB- Collected by CR","Carbon dioxide baited trap","","2025-04-23T07:00:00.000Z",17,1,1,false,"Fixed; Orchard NE of Fairbanks and Oak","Culex stigmatosoma","2025-04-25T15:26:52.824Z",1032,0,1,0
"CNSL",197,3406836,"","","","","","","","","","","","","","","","","","","",,,"","","JB- Collected by CR","Carbon dioxide baited trap","","2025-04-23T07:00:00.000Z",17,1,1,false,"Fixed; Orchard NE of Fairbanks and Oak","Culex tarsalis","2025-04-25T15:26:52.824Z",1032,0,1,0
"CNSL",199,3406844,"","","","","","","","","","","","","","","","","","","",,,"","","JB- Collected by CR","Carbon dioxide baited trap","","2025-04-23T07:00:00.000Z",17,1,1,false,"Fixed; Holding Park, Greenwood and Church","Culex tarsalis","2025-04-25T15:28:30.536Z",1032,0,1,0
"CNSL",199,3406844,"","","","","","","","","","","","","","","","","","","",,,"","","JB- Collected by CR","Carbon dioxide baited trap","","2025-04-23T07:00:00.000Z",17,1,1,false,"Fixed; Holding Park, Greenwood and Church","Culex stigmatosoma","2025-04-25T15:28:30.536Z",1032,0,2,0
"CNSL",200,3406848,"002020","132217-804","North/East of Ashlan and Quail Lake Drive","Clovis","93611",222,"002020","132217-804","North/East of Ashlan and Quail Lake Drive","Clovis","93611",222,"","","","","","","",-119.595,36.795,2,"","JB- Collected by MT","Carbon dioxide baited trap","","2025-04-23T07:00:00.000Z",17,1,1,false,"Fixed; QL Red Bank Slough","Culex quinquefasciatus","2025-04-25T15:30:28.417Z",1032,0,3,0
"CNSL",200,3406848,"002020","132217-804","North/East of Ashlan and Quail Lake Drive","Clovis","93611",222,"002020","132217-804","North/East of Ashlan and Quail Lake Drive","Clovis","93611",222,"","","","","","","",-119.595,36.795,2,"","JB- Collected by MT","Carbon dioxide baited trap","","2025-04-23T07:00:00.000Z",17,1,1,false,"Fixed; QL Red Bank Slough","Culex tarsalis","2025-04-25T15:30:28.417Z",1032,1,0,0
"CNSL",200,3406848,"002020","132217-804","North/East of Ashlan and Quail Lake Drive","Clovis","93611",222,"002020","132217-804","North/East of Ashlan and Quail Lake Drive","Clovis","93611",222,"","","","","","","",-119.595,36.795,2,"","JB- Collected by MT","Carbon dioxide baited trap","","2025-04-23T07:00:00.000Z",17,1,1,false,"Fixed; QL Red Bank Slough","Culex tarsalis","2025-04-25T15:30:28.417Z",1032,0,24,0
"CNSL",201,3406854,"","","","","","","","","","","","","","","","","","","",,,"","","JB- Collected by MT","Carbon dioxide baited trap","","2025-04-23T07:00:00.000Z",17,1,1,false,"Fixed; NW of Ashlan and Thompson in almond orchard","Culex quinquefasciatus","2025-04-25T15:32:08.755Z",1032,0,1,0
"CNSL",201,3406854,"","","","","","","","","","","","","","","","","","","",,,"","","JB- Collected by MT","Carbon dioxide baited trap","","2025-04-23T07:00:00.000Z",17,1,1,false,"Fixed; NW of Ashlan and Thompson in almond orchard","Culex tarsalis","2025-04-25T15:32:08.755Z",1032,0,5,0
"CNSL",202,3406858,"","","","","","","","","","","","","","","","","","","",,,"","","JB- Collected by MT","Carbon dioxide baited trap","","2025-04-23T07:00:00.000Z",17,1,1,false,"Fixed; Wolf Lakes","Culex quinquefasciatus","2025-04-25T15:33:03.365Z",1032,0,2,0
"CNSL",202,3406858,"","","","","","","","","","","","","","","","","","","",,,"","","JB- Collected by MT","Carbon dioxide baited trap","","2025-04-23T07:00:00.000Z",17,1,1,false,"Fixed; Wolf Lakes","Culex stigmatosoma","2025-04-25T15:33:03.365Z",1032,0,1,0
"CNSL",202,3406858,"","","","","","","","","","","","","","","","","","","",,,"","","JB- Collected by MT","Carbon dioxide baited trap","","2025-04-23T07:00:00.000Z",17,1,1,false,"Fixed; Wolf Lakes","Culex tarsalis","2025-04-25T15:33:03.365Z",1032,0,19,0
"CNSL",202,3406858,"","","","","","","","","","","","","","","","","","","",,,"","","JB- Collected by MT","Carbon dioxide baited trap","","2025-04-23T07:00:00.000Z",17,1,1,false,"Fixed; Wolf Lakes","Aedes aegypti","2025-04-25T15:33:03.365Z",1032,0,1,0
"CNSL",203,3406860,"","","","","","","","","","","","","","","","","","","",,,"","","JB- Collected by MT","Carbon dioxide baited trap","","2025-04-23T07:00:00.000Z",17,1,1,false,"Fixed; orchard N of Shields Ave on E side of Indianola Ave","Culex quinquefasciatus","2025-04-25T15:34:01.830Z",1032,0,3,0
"CNSL",203,3406860,"","","","","","","","","","","","","","","","","","","",,,"","","JB- Collected by MT","Carbon dioxide baited trap","","2025-04-23T07:00:00.000Z",17,1,1,false,"Fixed; orchard N of Shields Ave on E side of Indianola Ave","Culex tarsalis","2025-04-25T15:34:01.830Z",1032,0,9,0
"CNSL",204,3406863,"","","","","","","","","","","","","","","","","","","",,,"","","JB- Collected by MT","Carbon dioxide baited trap","","2025-04-23T07:00:00.000Z",17,1,1,false,"Fixed; NW corner Bullard/Leonard","Culex quinquefasciatus","2025-04-25T15:35:05.789Z",1032,1,0,0
"CNSL",204,3406863,"","","","","","","","","","","","","","","","","","","",,,"","","JB- Collected by MT","Carbon dioxide baited trap","","2025-04-23T07:00:00.000Z",17,1,1,false,"Fixed; NW corner Bullard/Leonard","Culex quinquefasciatus","2025-04-25T15:35:05.789Z",1032,0,4,0
"CNSL",204,3406863,"","","","","","","","","","","","","","","","","","","",,,"","","JB- Collected by MT","Carbon dioxide baited trap","","2025-04-23T07:00:00.000Z",17,1,1,false,"Fixed; NW corner Bullard/Leonard","Culex tarsalis","2025-04-25T15:35:05.789Z",1032,0,22,0
"CNSL",204,3406863,"","","","","","","","","","","","","","","","","","","",,,"","","JB- Collected by MT","Carbon dioxide baited trap","","2025-04-23T07:00:00.000Z",17,1,1,false,"Fixed; NW corner Bullard/Leonard","Culex stigmatosoma","2025-04-25T15:35:05.789Z",1032,0,5,0
"CNSL",205,3406903,"","","","","","","","","","","","","","","","","","","",,,"","","JB- Collected by CR","Gravid trap","","2025-04-24T07:00:00.000Z",17,1,1,false,"Fixed; 669 4th St","Culex quinquefasciatus","2025-04-25T15:49:23.772Z",1032,4,0,0
"CNSL",205,3406903,"","","","","","","","","","","","","","","","","","","",,,"","","JB- Collected by CR","Gravid trap","","2025-04-24T07:00:00.000Z",17,1,1,false,"Fixed; 669 4th St","Culex quinquefasciatus","2025-04-25T15:49:23.772Z",1032,0,49,0
"CNSL",205,3406903,"","","","","","","","","","","","","","","","","","","",,,"","","JB- Collected by CR","Gravid trap","","2025-04-24T07:00:00.000Z",17,1,1,false,"Fixed; 669 4th St","Culex stigmatosoma","2025-04-25T15:49:23.772Z",1032,0,12,0
"CNSL",205,3406903,"","","","","","","","","","","","","","","","","","","",,,"","","JB- Collected by CR","Gravid trap","","2025-04-24T07:00:00.000Z",17,1,1,false,"Fixed; 669 4th St","Culex thriambus","2025-04-25T15:49:23.772Z",1032,0,5,0
"CNSL",206,3407000,"","","","","","","","","","","","","","","","","","","",,,"","","JB- Collected by CR","Gravid trap","","2025-04-24T07:00:00.000Z",17,1,1,false,"Fixed; 838 N Acacia","Culex quinquefasciatus","2025-04-25T16:03:45.714Z",1032,0,0,28
"CNSL",206,3407000,"","","","","","","","","","","","","","","","","","","",,,"","","JB- Collected by CR","Gravid trap","","2025-04-24T07:00:00.000Z",17,1,1,false,"Fixed; 838 N Acacia","Culex stigmatosoma","2025-04-25T16:03:45.714Z",1032,1,0,0
"CNSL",206,3407000,"","","","","","","","","","","","","","","","","","","",,,"","","JB- Collected by CR","Gravid trap","","2025-04-24T07:00:00.000Z",17,1,1,false,"Fixed; 838 N Acacia","Culex stigmatosoma","2025-04-25T16:03:45.714Z",1032,0,0,5
"CNSL",206,3407000,"","","","","","","","","","","","","","","","","","","",,,"","","JB- Collected by CR","Gravid trap","","2025-04-24T07:00:00.000Z",17,1,1,false,"Fixed; 838 N Acacia","Culex thriambus","2025-04-25T16:03:45.714Z",1032,0,0,1
"CNSL",207,3407016,"","","","","","","","","","","","","","","","","","","",,,"","","JB- Collected by CR","Gravid trap","","2025-04-24T07:00:00.000Z",17,1,1,false,"Fixed; W side of Zumwalt bt Duff and Early Ave, W side of sidewalk","Culex quinquefasciatus","2025-04-25T16:07:00.465Z",1032,0,0,18
"CNSL",207,3407016,"","","","","","","","","","","","","","","","","","","",,,"","","JB- Collected by CR","Gravid trap","","2025-04-24T07:00:00.000Z",17,1,1,false,"Fixed; W side of Zumwalt bt Duff and Early Ave, W side of sidewalk","Culex stigmatosoma","2025-04-25T16:07:00.465Z",1032,1,0,0
"CNSL",207,3407016,"","","","","","","","","","","","","","","","","","","",,,"","","JB- Collected by CR","Gravid trap","","2025-04-24T07:00:00.000Z",17,1,1,false,"Fixed; W side of Zumwalt bt Duff and Early Ave, W side of sidewalk","Culex stigmatosoma","2025-04-25T16:07:00.465Z",1032,0,0,1
"CNSL",207,3407016,"","","","","","","","","","","","","","","","","","","",,,"","","JB- Collected by CR","Gravid trap","","2025-04-24T07:00:00.000Z",17,1,1,false,"Fixed; W side of Zumwalt bt Duff and Early Ave, W side of sidewalk","Culicoides","2025-04-25T16:07:00.465Z",1032,0,0,2
"CNSL",208,3407027,"","","","","","","","","","","","","","","","","","","",,,"","","JB- Collected by CR","Gravid trap","","2025-04-24T07:00:00.000Z",17,1,1,false,"Fixed; 1409 N Riverview","Culex quinquefasciatus","2025-04-25T16:13:43.475Z",1032,1,0,0
"CNSL",208,3407027,"","","","","","","","","","","","","","","","","","","",,,"","","JB- Collected by CR","Gravid trap","","2025-04-24T07:00:00.000Z",17,1,1,false,"Fixed; 1409 N Riverview","Culex quinquefasciatus","2025-04-25T16:13:43.475Z",1032,0,0,13
"CNSL",208,3407027,"","","","","","","","","","","","","","","","","","","",,,"","","JB- Collected by CR","Gravid trap","","2025-04-24T07:00:00.000Z",17,1,1,false,"Fixed; 1409 N Riverview","Culicoides","2025-04-25T16:13:43.475Z",1032,1,0,0
"CNSL",209,3407028,"","","","","","","","","","","","","","","","","","","",,,"","","JB- Collected by CR","Gravid trap","","2025-04-24T07:00:00.000Z",17,1,1,false,"Fixed; 4492 S Frankwood","Culex quinquefasciatus","2025-04-25T16:14:44.845Z",1032,1,0,0
"CNSL",209,3407028,"","","","","","","","","","","","","","","","","","","",,,"","","JB- Collected by CR","Gravid trap","","2025-04-24T07:00:00.000Z",17,1,1,false,"Fixed; 4492 S Frankwood","Culex quinquefasciatus","2025-04-25T16:14:44.845Z",1032,0,0,10
"CNSL",209,3407028,"","","","","","","","","","","","","","","","","","","",,,"","","JB- Collected by CR","Gravid trap","","2025-04-24T07:00:00.000Z",17,1,1,false,"Fixed; 4492 S Frankwood","Culiseta inornata","2025-04-25T16:14:44.845Z",1032,0,0,1
"CNSL",209,3407028,"","","","","","","","","","","","","","","","","","","",,,"","","JB- Collected by CR","Gravid trap","","2025-04-24T07:00:00.000Z",17,1,1,false,"Fixed; 4492 S Frankwood","Culex stigmatosoma","2025-04-25T16:14:44.845Z",1032,2,0,0
"CNSL",209,3407028,"","","","","","","","","","","","","","","","","","","",,,"","","JB- Collected by CR","Gravid trap","","2025-04-24T07:00:00.000Z",17,1,1,false,"Fixed; 4492 S Frankwood","Culex stigmatosoma","2025-04-25T16:14:44.845Z",1032,0,0,24
"CNSL",209,3407028,"","","","","","","","","","","","","","","","","","","",,,"","","JB- Collected by CR","Gravid trap","","2025-04-24T07:00:00.000Z",17,1,1,false,"Fixed; 4492 S Frankwood","Culex thriambus","2025-04-25T16:14:44.845Z",1032,0,0,3
"CNSL",210,3407029,"","","","","","","","","","","","","","","","","","","",,,"","","JB- Collected by CR","Gravid trap","","2025-04-24T07:00:00.000Z",17,1,1,false,"2025 Central; E of Sumner and Monson on S side, orchard","Culex quinquefasciatus","2025-04-25T16:15:50.520Z",1032,0,0,12
"CNSL",210,3407029,"","","","","","","","","","","","","","","","","","","",,,"","","JB- Collected by CR","Gravid trap","","2025-04-24T07:00:00.000Z",17,1,1,false,"2025 Central; E of Sumner and Monson on S side, orchard","Culex stigmatosoma","2025-04-25T16:15:50.520Z",1032,1,0,0
"CNSL",210,3407029,"","","","","","","","","","","","","","","","","","","",,,"","","JB- Collected by CR","Gravid trap","","2025-04-24T07:00:00.000Z",17,1,1,false,"2025 Central; E of Sumner and Monson on S side, orchard","Culex stigmatosoma","2025-04-25T16:15:50.520Z",1032,0,0,19
"CNSL",211,3407070,"","","","","","","","","","","","","","","","","","","",,,"","","JB- Collected by CR","Gravid trap","","2025-04-24T07:00:00.000Z",17,1,1,false,"Fixed; NW corner of Anchor and Floral, orange orchard","Culex quinquefasciatus","2025-04-25T16:43:19.855Z",1032,0,0,11
"CNSL",211,3407070,"","","","","","","","","","","","","","","","","","","",,,"","","JB- Collected by CR","Gravid trap","","2025-04-24T07:00:00.000Z",17,1,1,false,"Fixed; NW corner of Anchor and Floral, orange orchard","Culex thriambus","2025-04-25T16:43:19.855Z",1032,0,0,1
"CNSL",212,3407072,"","","","","","","","","","","","","","","","","","","",,,"","","JB- Collected by CR","Gravid trap","","2025-04-24T07:00:00.000Z",17,1,1,false,"Fixed; 1057 Adams Ave","Culex quinquefasciatus","2025-04-25T16:43:52.647Z",1032,1,0,0
"CNSL",212,3407072,"","","","","","","","","","","","","","","","","","","",,,"","","JB- Collected by CR","Gravid trap","","2025-04-24T07:00:00.000Z",17,1,1,false,"Fixed; 1057 Adams Ave","Culex quinquefasciatus","2025-04-25T16:43:52.647Z",1032,0,0,15
"CNSL",213,3407074,"","","","","","","","","","","","","","","","","","","",,,"","","JB- Collected by CR","Gravid trap","","2025-04-24T07:00:00.000Z",17,1,1,false,"Fixed; Wahtoke Lake","Culex stigmatosoma","2025-04-25T16:44:40.333Z",1032,0,0,2
"CNSL",214,3407075,"","","","","","","","","","","","","","","","","","","",,,"","","JB- Collected by CR","Gravid trap","","2025-04-24T07:00:00.000Z",17,1,1,false,"Fixed; 218 N Kingswood Pkwy","Culex quinquefasciatus","2025-04-25T16:45:30.048Z",1032,0,0,1
"CNSL",214,3407075,"","","","","","","","","","","","","","","","","","","",,,"","","JB- Collected by CR","Gravid trap","","2025-04-24T07:00:00.000Z",17,1,1,false,"Fixed; 218 N Kingswood Pkwy","Culex stigmatosoma","2025-04-25T16:45:30.048Z",1032,0,0,1
"CNSL",216,3407078,"","","","","","","","","","","","","","","","","","","",,,"","","JB- Collected by CR","Gravid trap","","2025-04-24T07:00:00.000Z",17,1,1,false,"Fixed; SE corner Anchor and Parlier, citrus S of School","Culex quinquefasciatus","2025-04-25T16:47:15.722Z",1032,2,0,0
"CNSL",216,3407078,"","","","","","","","","","","","","","","","","","","",,,"","","JB- Collected by CR","Gravid trap","","2025-04-24T07:00:00.000Z",17,1,1,false,"Fixed; SE corner Anchor and Parlier, citrus S of School","Culex quinquefasciatus","2025-04-25T16:47:15.722Z",1032,0,0,9
"CNSL",216,3407078,"","","","","","","","","","","","","","","","","","","",,,"","","JB- Collected by CR","Gravid trap","","2025-04-24T07:00:00.000Z",17,1,1,false,"Fixed; SE corner Anchor and Parlier, citrus S of School","Culex stigmatosoma","2025-04-25T16:47:15.722Z",1032,1,0,0
"CNSL",216,3407078,"","","","","","","","","","","","","","","","","","","",,,"","","JB- Collected by CR","Gravid trap","","2025-04-24T07:00:00.000Z",17,1,1,false,"Fixed; SE corner Anchor and Parlier, citrus S of School","Culex stigmatosoma","2025-04-25T16:47:15.722Z",1032,0,0,7
"CNSL",217,3407127,"","","","","","","","","","","","","","","","","","","",,,"","","JB- Collected by CR","Carbon dioxide baited trap","","2025-04-24T07:00:00.000Z",17,1,1,false,"Fixed; NW corner of Anchor and Floral, orange orchard","Culex stigmatosoma","2025-04-25T17:25:10.812Z",1032,0,1,0
"CNSL",218,3407128,"","","","","","","","","","","","","","","","","","","",,,"","","JB- Collected by CR","Carbon dioxide baited trap","","2025-04-24T07:00:00.000Z",17,1,1,false,"Fixed; Wahtoke Lake","Culex quinquefasciatus","2025-04-25T17:25:51.141Z",1032,0,1,0
"CNSL",218,3407128,"","","","","","","","","","","","","","","","","","","",,,"","","JB- Collected by CR","Carbon dioxide baited trap","","2025-04-24T07:00:00.000Z",17,1,1,false,"Fixed; Wahtoke Lake","Culex tarsalis","2025-04-25T17:25:51.141Z",1032,0,4,0
"CNSL",218,3407128,"","","","","","","","","","","","","","","","","","","",,,"","","JB- Collected by CR","Carbon dioxide baited trap","","2025-04-24T07:00:00.000Z",17,1,1,false,"Fixed; Wahtoke Lake","Culex stigmatosoma","2025-04-25T17:25:51.141Z",1032,0,7,0
"CNSL",215,3407076,"","","","","","","","","","","","","","","","","","","",,,"","","JB- Collected by CR","Gravid trap","","2025-04-24T07:00:00.000Z",17,1,1,false,"Fixed; citrus orchard by Floral","Culex quinquefasciatus","2025-04-25T16:46:19.186Z",1032,0,0,1
"CNSL",219,3407129,"","","","","","","","","","","","","","","","","","","",,,"","","JB- Collected by CR","Carbon dioxide baited trap","","2025-04-24T07:00:00.000Z",17,1,1,false,"Fixed; citrus orchard by Floral","Culex quinquefasciatus","2025-04-25T17:27:38.325Z",1032,0,2,0
"CNSL",219,3407129,"","","","","","","","","","","","","","","","","","","",,,"","","JB- Collected by CR","Carbon dioxide baited trap","","2025-04-24T07:00:00.000Z",17,1,1,false,"Fixed; citrus orchard by Floral","Culex tarsalis","2025-04-25T17:27:38.325Z",1032,0,1,0
"CNSL",219,3407129,"","","","","","","","","","","","","","","","","","","",,,"","","JB- Collected by CR","Carbon dioxide baited trap","","2025-04-24T07:00:00.000Z",17,1,1,false,"Fixed; citrus orchard by Floral","Culex stigmatosoma","2025-04-25T17:27:38.325Z",1032,0,5,0
"CNSL",220,3407130,"","","","","","","","","","","","","","","","","","","",,,"","","JB- Collected by CR","Carbon dioxide baited trap","","2025-04-24T07:00:00.000Z",17,1,1,false,"Fixed; SE corner Anchor and Parlier, citrus orchard","Culex quinquefasciatus","2025-04-25T17:28:56.527Z",1032,0,4,0
"CNSL",220,3407130,"","","","","","","","","","","","","","","","","","","",,,"","","JB- Collected by CR","Carbon dioxide baited trap","","2025-04-24T07:00:00.000Z",17,1,1,false,"Fixed; SE corner Anchor and Parlier, citrus orchard","Culex stigmatosoma","2025-04-25T17:28:56.527Z",1032,0,3,0
"CNSL",220,3407130,"","","","","","","","","","","","","","","","","","","",,,"","","JB- Collected by CR","Carbon dioxide baited trap","","2025-04-24T07:00:00.000Z",17,1,1,false,"Fixed; SE corner Anchor and Parlier, citrus orchard","Culex tarsalis","2025-04-25T17:28:56.527Z",1032,0,4,0
"CNSL",221,3407131,"","","","","","","","","","","","","","","","","","","",,,"","","JB- Collected by CR","Carbon dioxide baited trap","","2025-04-24T07:00:00.000Z",17,1,1,false,"2025 Central; E of Sumner and Monson orchard","Culex quinquefasciatus","2025-04-25T17:30:29.552Z",1032,0,2,0
"CNSL",221,3407131,"","","","","","","","","","","","","","","","","","","",,,"","","JB- Collected by CR","Carbon dioxide baited trap","","2025-04-24T07:00:00.000Z",17,1,1,false,"2025 Central; E of Sumner and Monson orchard","Culex tarsalis","2025-04-25T17:30:29.552Z",1032,0,6,0
"CNSL",221,3407131,"","","","","","","","","","","","","","","","","","","",,,"","","JB- Collected by CR","Carbon dioxide baited trap","","2025-04-24T07:00:00.000Z",17,1,1,false,"2025 Central; E of Sumner and Monson orchard","Culex stigmatosoma","2025-04-25T17:30:29.552Z",1032,0,1,0
"CNSL",221,3407131,"","","","","","","","","","","","","","","","","","","",,,"","","JB- Collected by CR","Carbon dioxide baited trap","","2025-04-24T07:00:00.000Z",17,1,1,false,"2025 Central; E of Sumner and Monson orchard","Culiseta inornata","2025-04-25T17:30:29.552Z",1032,0,1,0
"CNSL",222,3407133,"","","","","","","","","","","","","","","","","","","",,,"","","JB- Collected by CR","BG Sentinel","","2025-04-24T07:00:00.000Z",17,1,1,false,"Fixed; 1057 Adams Ave","Culex quinquefasciatus","2025-04-25T17:31:31.958Z",1032,0,1,0
"CNSL",222,3407133,"","","","","","","","","","","","","","","","","","","",,,"","","JB- Collected by CR","BG Sentinel","","2025-04-24T07:00:00.000Z",17,1,1,false,"Fixed; 1057 Adams Ave","Culex tarsalis","2025-04-25T17:31:31.958Z",1032,0,2,0
"CNSL",223,3407135,"","","","","","","","","","","","","","","","","","","",,,"","","JB- Collected by CR","BG Sentinel","","2025-04-24T07:00:00.000Z",17,1,1,false,"Fixed; 218 N Kingswood Pkwy","Culex quinquefasciatus","2025-04-25T17:32:21.637Z",1032,0,1,0
"CNSL",223,3407135,"","","","","","","","","","","","","","","","","","","",,,"","","JB- Collected by CR","BG Sentinel","","2025-04-24T07:00:00.000Z",17,1,1,false,"Fixed; 218 N Kingswood Pkwy","Culex tarsalis","2025-04-25T17:32:21.637Z",1032,0,1,0
"CNSL",223,3407135,"","","","","","","","","","","","","","","","","","","",,,"","","JB- Collected by CR","BG Sentinel","","2025-04-24T07:00:00.000Z",17,1,1,false,"Fixed; 218 N Kingswood Pkwy","Aedes sierrensis","2025-04-25T17:32:21.637Z",1032,0,1,0
"CNSL",224,3407550,"","","","","","","","","","","","","","","","","","","",,,"","","JB- Collected by CR","BG Sentinel","","2025-04-24T07:00:00.000Z",17,1,1,false,"Fixed; 669 4th st","Culex quinquefasciatus","2025-04-25T23:39:47.214Z",1032,0,1,0
"CNSL",226,3407552,"","","","","","","","","","","","","","","","","","","",,,"","","JB- Collected by CR","BG Sentinel","","2025-04-24T07:00:00.000Z",17,1,1,false,"Fixed; W side of Zumwalt bt Duff and Early Ave, W side of sidewalk","Culex quinquefasciatus","2025-04-25T23:42:40.131Z",1032,0,2,0
"CNSL",226,3407552,"","","","","","","","","","","","","","","","","","","",,,"","","JB- Collected by CR","BG Sentinel","","2025-04-24T07:00:00.000Z",17,1,1,false,"Fixed; W side of Zumwalt bt Duff and Early Ave, W side of sidewalk","Aedes aegypti","2025-04-25T23:42:40.131Z",1032,1,0,0
"CNSL",226,3407552,"","","","","","","","","","","","","","","","","","","",,,"","","JB- Collected by CR","BG Sentinel","","2025-04-24T07:00:00.000Z",17,1,1,false,"Fixed; W side of Zumwalt bt Duff and Early Ave, W side of sidewalk","Aedes aegypti","2025-04-25T23:42:40.131Z",1032,0,2,0
"CNSL",227,3407553,"","","","","","","","","","","","","","","","","","","",,,"","","JB- Collected by CR","BG Sentinel","","2025-04-24T07:00:00.000Z",17,1,1,false,"Fixed; 1409 N Riverview","Culex quinquefasciatus","2025-04-25T23:43:25.630Z",1032,0,1,0
"CNSL",227,3407553,"","","","","","","","","","","","","","","","","","","",,,"","","JB- Collected by CR","BG Sentinel","","2025-04-24T07:00:00.000Z",17,1,1,false,"Fixed; 1409 N Riverview","Culex stigmatosoma","2025-04-25T23:43:25.630Z",1032,0,1,0
"CNSL",227,3407553,"","","","","","","","","","","","","","","","","","","",,,"","","JB- Collected by CR","BG Sentinel","","2025-04-24T07:00:00.000Z",17,1,1,false,"Fixed; 1409 N Riverview","Culex tarsalis","2025-04-25T23:43:25.630Z",1032,0,1,0
"CNSL",227,3407553,"","","","","","","","","","","","","","","","","","","",,,"","","JB- Collected by CR","BG Sentinel","","2025-04-24T07:00:00.000Z",17,1,1,false,"Fixed; 1409 N Riverview","Aedes aegypti","2025-04-25T23:43:25.630Z",1032,6,0,0
"CNSL",227,3407553,"","","","","","","","","","","","","","","","","","","",,,"","","JB- Collected by CR","BG Sentinel","","2025-04-24T07:00:00.000Z",17,1,1,false,"Fixed; 1409 N Riverview","Aedes aegypti","2025-04-25T23:43:25.630Z",1032,0,1,0
"CNSL",228,3407554,"","","","","","","","","","","","","","","","","","","",,,"","","JB- Collected by CR","BG Sentinel","","2025-04-24T07:00:00.000Z",17,1,1,false,"Fixed; 4492 S Frankwood","Culex tarsalis","2025-04-25T23:44:35.653Z",1032,0,2,0
"CNSL",228,3407554,"","","","","","","","","","","","","","","","","","","",,,"","","JB- Collected by CR","BG Sentinel","","2025-04-24T07:00:00.000Z",17,1,1,false,"Fixed; 4492 S Frankwood","Culex stigmatosoma","2025-04-25T23:44:35.653Z",1032,0,11,0
"CNSL",229,3407555,"","","","","","","","","","","","","","","","","","","",,,"","","JB- Collected by MT","BG Sentinel","","2025-04-24T07:00:00.000Z",17,1,1,false,"Fixed; Slough Chateau Fresno and Mnt Whitney","Culex quinquefasciatus","2025-04-25T23:45:58.945Z",1032,0,16,0
"CNSL",229,3407555,"","","","","","","","","","","","","","","","","","","",,,"","","JB- Collected by MT","BG Sentinel","","2025-04-24T07:00:00.000Z",17,1,1,false,"Fixed; Slough Chateau Fresno and Mnt Whitney","Culex tarsalis","2025-04-25T23:45:58.945Z",1032,0,364,0
"CNSL",229,3407555,"","","","","","","","","","","","","","","","","","","",,,"","","JB- Collected by MT","BG Sentinel","","2025-04-24T07:00:00.000Z",17,1,1,false,"Fixed; Slough Chateau Fresno and Mnt Whitney","Aedes nigromaculis","2025-04-25T23:45:58.945Z",1032,0,1,0
"CNSL",229,3407555,"","","","","","","","","","","","","","","","","","","",,,"","","JB- Collected by MT","BG Sentinel","","2025-04-24T07:00:00.000Z",17,1,1,false,"Fixed; Slough Chateau Fresno and Mnt Whitney","Culicoides","2025-04-25T23:45:58.945Z",1032,8,0,0
"CNSL",229,3407555,"","","","","","","","","","","","","","","","","","","",,,"","","JB- Collected by MT","BG Sentinel","","2025-04-24T07:00:00.000Z",17,1,1,false,"Fixed; Slough Chateau Fresno and Mnt Whitney","Culicoides","2025-04-25T23:45:58.945Z",1032,0,62,0
"CNSL",230,3407556,"","","","","","","","","","","","","","","","","","","",,,"","","JB- Collected by MT","Gravid trap","","2025-04-24T07:00:00.000Z",17,1,1,false,"Fixed; Almond orchard across from Caruthers fire dept","Culex quinquefasciatus","2025-04-25T23:47:01.626Z",1032,0,0,20
"CNSL",230,3407556,"","","","","","","","","","","","","","","","","","","",,,"","","JB- Collected by MT","Gravid trap","","2025-04-24T07:00:00.000Z",17,1,1,false,"Fixed; Almond orchard across from Caruthers fire dept","Culex tarsalis","2025-04-25T23:47:01.626Z",1032,1,0,0
"CNSL",231,3407557,"","","","","","","","","","","","","","","","","","","",,,"","","JB- Collected by MT","Gravid trap","","2025-04-24T07:00:00.000Z",17,1,1,false,"Fixed; slough Chateau Fresno and Mnt Whitney","Culex quinquefasciatus","2025-04-25T23:47:59.047Z",1032,3,0,0
"CNSL",231,3407557,"","","","","","","","","","","","","","","","","","","",,,"","","JB- Collected by MT","Gravid trap","","2025-04-24T07:00:00.000Z",17,1,1,false,"Fixed; slough Chateau Fresno and Mnt Whitney","Culex quinquefasciatus","2025-04-25T23:47:59.047Z",1032,0,0,4
"CNSL",231,3407557,"","","","","","","","","","","","","","","","","","","",,,"","","JB- Collected by MT","Gravid trap","","2025-04-24T07:00:00.000Z",17,1,1,false,"Fixed; slough Chateau Fresno and Mnt Whitney","Culex tarsalis","2025-04-25T23:47:59.047Z",1032,2,0,0
"CNSL",231,3407557,"","","","","","","","","","","","","","","","","","","",,,"","","JB- Collected by MT","Gravid trap","","2025-04-24T07:00:00.000Z",17,1,1,false,"Fixed; slough Chateau Fresno and Mnt Whitney","Culex tarsalis","2025-04-25T23:47:59.047Z",1032,0,0,2
"CNSL",232,3407558,"","","","","","","","","","","","","","","","","","","",,,"","","JB- Collected by MT","Gravid trap","","2025-04-24T07:00:00.000Z",17,1,1,false,"Fixed; Near Caruthers sewage settling ponds","Culex quinquefasciatus","2025-04-25T23:48:38.649Z",1032,1,0,0
"CNSL",232,3407558,"","","","","","","","","","","","","","","","","","","",,,"","","JB- Collected by MT","Gravid trap","","2025-04-24T07:00:00.000Z",17,1,1,false,"Fixed; Near Caruthers sewage settling ponds","Culex quinquefasciatus","2025-04-25T23:48:38.649Z",1032,0,0,10
"CNSL",233,3407559,"","","","","","","","","","","","","","","","","","","",,,"","","JB- Collected by MT","Gravid trap","","2025-04-24T07:00:00.000Z",17,1,1,false,"Fixed; Almond orchard W of Mnt Whitney and Brawley","Culex tarsalis","2025-04-25T23:49:21.427Z",1032,0,0,1
"CNSL",234,3407560,"","","","","","","","","","","","","","","","","","","",,,"","","JB- Collected by MT","Gravid trap","","2025-04-24T07:00:00.000Z",17,1,1,false,"2025 South; by slough","Culex quinquefasciatus","2025-04-25T23:50:49.717Z",1032,0,0,2
"CNSL",235,3407561,"","","","","","","","","","","","","","","","","","","",,,"","","JB- Collected by MT","Gravid trap","","2025-04-24T07:00:00.000Z",17,1,1,false,"Fixed; Murphy's Slough, Chateau Fresno and Davis","Culex quinquefasciatus","2025-04-25T23:51:29.101Z",1032,0,0,2
"CNSL",237,3407563,"","","","","","","","","","","","","","","","","","","",,,"","","JB- Collected by MT","Carbon dioxide baited trap","","2025-04-24T07:00:00.000Z",17,1,1,false,"Fixed; Near Caruthers sewage settling ponds","Culex quinquefasciatus","2025-04-25T23:54:16.244Z",1032,0,4,0
"CNSL",237,3407563,"","","","","","","","","","","","","","","","","","","",,,"","","JB- Collected by MT","Carbon dioxide baited trap","","2025-04-24T07:00:00.000Z",17,1,1,false,"Fixed; Near Caruthers sewage settling ponds","Culex tarsalis","2025-04-25T23:54:16.244Z",1032,0,3,0
"CNSL",238,3407564,"","","","","","","","","","","","","","","","","","","",,,"","","JB- Collected by MT","Carbon dioxide baited trap","","2025-04-24T07:00:00.000Z",17,1,1,false,"Fixed; almond orch W of Mnt Whitney and Brawley","Culex tarsalis","2025-04-25T23:55:01.506Z",1032,0,10,0
"CNSL",238,3407564,"","","","","","","","","","","","","","","","","","","",,,"","","JB- Collected by MT","Carbon dioxide baited trap","","2025-04-24T07:00:00.000Z",17,1,1,false,"Fixed; almond orch W of Mnt Whitney and Brawley","Culex quinquefasciatus","2025-04-25T23:55:01.506Z",1032,0,1,0
"CNSL",239,3407565,"","","","","","","","","","","","","","","","","","","",,,"","","JB- Collected by MT","Carbon dioxide baited trap","","2025-04-24T07:00:00.000Z",17,1,1,false,"2025 South; by slough","Culex tarsalis","2025-04-25T23:55:38.929Z",1032,0,4,0
"CNSL",240,3407566,"","","","","","","","","","","","","","","","","","","",,,"","","JB- Collected by MT","Carbon dioxide baited trap","","2025-04-24T07:00:00.000Z",17,1,1,false,"Fixed; Murphy's Slough, Chateau Fresno and Davis","Culex tarsalis","2025-04-25T23:56:18.806Z",1032,0,5,0
"CNSL",240,3407566,"","","","","","","","","","","","","","","","","","","",,,"","","JB- Collected by MT","Carbon dioxide baited trap","","2025-04-24T07:00:00.000Z",17,1,1,false,"Fixed; Murphy's Slough, Chateau Fresno and Davis","Culex quinquefasciatus","2025-04-25T23:56:18.806Z",1032,0,2,0
"CNSL",241,3408608,"","","","","","","","","","","","","","","","","","","",,,"","","JB- Collected by CR","Gravid trap","","2025-04-25T07:00:00.000Z",17,1,1,false,"SR125; 1667 Las Rosas","Culex quinquefasciatus","2025-04-28T18:21:22.390Z",1032,0,0,6
"CNSL",241,3408608,"","","","","","","","","","","","","","","","","","","",,,"","","JB- Collected by CR","Gravid trap","","2025-04-25T07:00:00.000Z",17,1,1,false,"SR125; 1667 Las Rosas","Culex stigmatosoma","2025-04-28T18:21:22.390Z",1032,0,0,2
"CNSL",242,3408609,"","","","","","","","","","","","","","","","","","","",,,"","","JB- Collected by CR","Gravid trap","","2025-04-25T07:00:00.000Z",17,1,1,false,"Fixed; 1012 Ahronian","Culex quinquefasciatus","2025-04-28T18:23:04.365Z",1032,3,0,0
"CNSL",242,3408609,"","","","","","","","","","","","","","","","","","","",,,"","","JB- Collected by CR","Gravid trap","","2025-04-25T07:00:00.000Z",17,1,1,false,"Fixed; 1012 Ahronian","Culex quinquefasciatus","2025-04-28T18:23:04.365Z",1032,0,0,21
"CNSL",242,3408609,"","","","","","","","","","","","","","","","","","","",,,"","","JB- Collected by CR","Gravid trap","","2025-04-25T07:00:00.000Z",17,1,1,false,"Fixed; 1012 Ahronian","Culex thriambus","2025-04-28T18:23:04.365Z",1032,0,0,1
"CNSL",242,3408609,"","","","","","","","","","","","","","","","","","","",,,"","","JB- Collected by CR","Gravid trap","","2025-04-25T07:00:00.000Z",17,1,1,false,"Fixed; 1012 Ahronian","Culex stigmatosoma","2025-04-28T18:23:04.365Z",1032,0,0,6
"CNSL",243,3408610,"","","","","","","","","","","","","","","","","","","",,,"","","JB- Collected by CR","Gravid trap","","2025-04-25T07:00:00.000Z",17,1,1,false,"Fixed; Presbyterian church of Fowler, 408 E Merced St","Culex quinquefasciatus","2025-04-28T18:24:11.074Z",1032,0,0,24
"CNSL",243,3408610,"","","","","","","","","","","","","","","","","","","",,,"","","JB- Collected by CR","Gravid trap","","2025-04-25T07:00:00.000Z",17,1,1,false,"Fixed; Presbyterian church of Fowler, 408 E Merced St","Culex stigmatosoma","2025-04-28T18:24:11.074Z",1032,2,0,0
"CNSL",243,3408610,"","","","","","","","","","","","","","","","","","","",,,"","","JB- Collected by CR","Gravid trap","","2025-04-25T07:00:00.000Z",17,1,1,false,"Fixed; Presbyterian church of Fowler, 408 E Merced St","Culex stigmatosoma","2025-04-28T18:24:11.074Z",1032,0,0,3
"CNSL",244,3408611,"","","","","","","","","","","","","","","","","","","",,,"","","JB- Collected by CR","Gravid trap","","2025-04-25T07:00:00.000Z",17,1,1,false,"Fixed; citrus orchard NW corner of Muscat and Locan","Culex quinquefasciatus","2025-04-28T18:24:48.351Z",1032,1,0,0
"CNSL",244,3408611,"","","","","","","","","","","","","","","","","","","",,,"","","JB- Collected by CR","Gravid trap","","2025-04-25T07:00:00.000Z",17,1,1,false,"Fixed; citrus orchard NW corner of Muscat and Locan","Culex quinquefasciatus","2025-04-28T18:24:48.351Z",1032,0,0,6
"CNSL",244,3408611,"","","","","","","","","","","","","","","","","","","",,,"","","JB- Collected by CR","Gravid trap","","2025-04-25T07:00:00.000Z",17,1,1,false,"Fixed; citrus orchard NW corner of Muscat and Locan","Culex stigmatosoma","2025-04-28T18:24:48.351Z",1032,0,0,1
"CNSL",245,3408612,"","","","","","","","","","","","","","","","","","","",,,"","","JB- Collected by CR","Gravid trap","","2025-04-25T07:00:00.000Z",17,1,1,false,"Fixed; Almonds, N of Clayton Ave, W of Temperance","Culex quinquefasciatus","2025-04-28T18:26:00.518Z",1032,0,0,15
"CNSL",245,3408612,"","","","","","","","","","","","","","","","","","","",,,"","","JB- Collected by CR","Gravid trap","","2025-04-25T07:00:00.000Z",17,1,1,false,"Fixed; Almonds, N of Clayton Ave, W of Temperance","Culex stigmatosoma","2025-04-28T18:26:00.518Z",1032,1,0,0
"CNSL",245,3408612,"","","","","","","","","","","","","","","","","","","",,,"","","JB- Collected by CR","Gravid trap","","2025-04-25T07:00:00.000Z",17,1,1,false,"Fixed; Almonds, N of Clayton Ave, W of Temperance","Culex tarsalis","2025-04-28T18:26:00.518Z",1032,0,0,1
"CNSL",246,3408613,"","","","","","","","","","","","","","","","","","","",,,"","","JB- Collected by CR","Gravid trap","","2025-04-25T07:00:00.000Z",17,1,1,false,"Fixed; citrus orchard N of Lone Star Elm, Jensen and Fowler","Culex quinquefasciatus","2025-04-28T18:26:49.887Z",1032,2,0,0
"CNSL",246,3408613,"","","","","","","","","","","","","","","","","","","",,,"","","JB- Collected by CR","Gravid trap","","2025-04-25T07:00:00.000Z",17,1,1,false,"Fixed; citrus orchard N of Lone Star Elm, Jensen and Fowler","Culex quinquefasciatus","2025-04-28T18:26:49.887Z",1032,0,0,21
"CNSL",246,3408613,"","","","","","","","","","","","","","","","","","","",,,"","","JB- Collected by CR","Gravid trap","","2025-04-25T07:00:00.000Z",17,1,1,false,"Fixed; citrus orchard N of Lone Star Elm, Jensen and Fowler","Culex stigmatosoma","2025-04-28T18:26:49.887Z",1032,1,0,0
"CNSL",246,3408613,"","","","","","","","","","","","","","","","","","","",,,"","","JB- Collected by CR","Gravid trap","","2025-04-25T07:00:00.000Z",17,1,1,false,"Fixed; citrus orchard N of Lone Star Elm, Jensen and Fowler","Culex stigmatosoma","2025-04-28T18:26:49.887Z",1032,0,0,12
"CNSL",247,3408614,"","","","","","","","","","","","","","","","","","","",,,"","","JB- Collected by CR","Gravid trap","","2025-04-25T07:00:00.000Z",17,1,1,false,"Fixed; W of Muscat and McCall, almond orchard W of blueberries","Culex quinquefasciatus","2025-04-28T18:27:54.861Z",1032,0,0,7
"CNSL",247,3408614,"","","","","","","","","","","","","","","","","","","",,,"","","JB- Collected by CR","Gravid trap","","2025-04-25T07:00:00.000Z",17,1,1,false,"Fixed; W of Muscat and McCall, almond orchard W of blueberries","Culex stigmatosoma","2025-04-28T18:27:54.861Z",1032,0,0,1
"CNSL",248,3408615,"","","","","","","","","","","","","","","","","","","",,,"","","JB- Collected by CR","Gravid trap","","2025-04-25T07:00:00.000Z",17,1,1,false,"Fixed; Harris and Mott, orchard","Culex quinquefasciatus","2025-04-28T18:28:34.352Z",1032,0,0,8
"CNSL",248,3408615,"","","","","","","","","","","","","","","","","","","",,,"","","JB- Collected by CR","Gravid trap","","2025-04-25T07:00:00.000Z",17,1,1,false,"Fixed; Harris and Mott, orchard","Culex stigmatosoma","2025-04-28T18:28:34.352Z",1032,0,0,2
"CNSL",249,3408616,"001062","132012-801","North/West of Shaw and Woodrow; CSUF","Fresno","93740",222,"001062","132012-801","North/West of Shaw and Woodrow; CSUF","Fresno","93740",222,"","","","","","","",-119.742726,36.810553,2,"","JB- Collected by MT","Gravid trap","","2025-04-25T07:00:00.000Z",17,1,1,false,"Fixed; Allergy Free Garden","Culex quinquefasciatus","2025-04-28T18:30:47.700Z",1032,1,0,0
"CNSL",249,3408616,"001062","132012-801","North/West of Shaw and Woodrow; CSUF","Fresno","93740",222,"001062","132012-801","North/West of Shaw and Woodrow; CSUF","Fresno","93740",222,"","","","","","","",-119.742726,36.810553,2,"","JB- Collected by MT","Gravid trap","","2025-04-25T07:00:00.000Z",17,1,1,false,"Fixed; Allergy Free Garden","Culex quinquefasciatus","2025-04-28T18:30:47.700Z",1032,0,0,11
"CNSL",250,3408617,"","","","","","","","","","","","","","","","","","","",,,"","","JB- Collected by MT","Gravid trap","","2025-04-25T07:00:00.000Z",17,1,1,false,"Fixed; CSUF Crim bldg","Culex quinquefasciatus","2025-04-28T18:31:31.337Z",1032,1,0,0
"CNSL",250,3408617,"","","","","","","","","","","","","","","","","","","",,,"","","JB- Collected by MT","Gravid trap","","2025-04-25T07:00:00.000Z",17,1,1,false,"Fixed; CSUF Crim bldg","Culex quinquefasciatus","2025-04-28T18:31:31.337Z",1032,0,0,11
"CNSL",250,3408617,"","","","","","","","","","","","","","","","","","","",,,"","","JB- Collected by MT","Gravid trap","","2025-04-25T07:00:00.000Z",17,1,1,false,"Fixed; CSUF Crim bldg","Culex stigmatosoma","2025-04-28T18:31:31.337Z",1032,0,0,1
"CNSL",253,3408620,"001041","132001-801","South/East Corner of Bullard and Cedar; CSUF","Fresno","93710",222,"001041","132001-801","South/East Corner of Bullard and Cedar; CSUF","Fresno","93710",222,"","","","","","","",-119.749722,36.826667,2,"","JB- Collected by MT","Gravid trap","","2025-04-25T07:00:00.000Z",17,1,1,false,"Fixed; CSUF 2025; Pistachio orchard","Culex quinquefasciatus","2025-04-28T18:47:05.111Z",1032,2,0,0
"CNSL",253,3408620,"001041","132001-801","South/East Corner of Bullard and Cedar; CSUF","Fresno","93710",222,"001041","132001-801","South/East Corner of Bullard and Cedar; CSUF","Fresno","93710",222,"","","","","","","",-119.749722,36.826667,2,"","JB- Collected by MT","Gravid trap","","2025-04-25T07:00:00.000Z",17,1,1,false,"Fixed; CSUF 2025; Pistachio orchard","Culex quinquefasciatus","2025-04-28T18:47:05.111Z",1032,0,0,27
"CNSL",254,3408621,"001210","132011-801","1620 Bulldog Lane; CSUF","Fresno","93740",222,"001210","132011-801","1620 Bulldog Lane; CSUF","Fresno","93740",222,"","","","","","","",-119.758989,36.812867,2,"","JB- Collected by MT","Gravid trap","","2025-04-25T07:00:00.000Z",17,1,1,false,"Fixed; CSUF 2025; Cedar and Bulldog","Culex quinquefasciatus","2025-04-28T18:47:57.046Z",1032,14,0,0
"CNSL",254,3408621,"001210","132011-801","1620 Bulldog Lane; CSUF","Fresno","93740",222,"001210","132011-801","1620 Bulldog Lane; CSUF","Fresno","93740",222,"","","","","","","",-119.758989,36.812867,2,"","JB- Collected by MT","Gravid trap","","2025-04-25T07:00:00.000Z",17,1,1,false,"Fixed; CSUF 2025; Cedar and Bulldog","Culex quinquefasciatus","2025-04-28T18:47:57.046Z",1032,0,0,63
"CNSL",254,3408621,"001210","132011-801","1620 Bulldog Lane; CSUF","Fresno","93740",222,"001210","132011-801","1620 Bulldog Lane; CSUF","Fresno","93740",222,"","","","","","","",-119.758989,36.812867,2,"","JB- Collected by MT","Gravid trap","","2025-04-25T07:00:00.000Z",17,1,1,false,"Fixed; CSUF 2025; Cedar and Bulldog","Culex stigmatosoma","2025-04-28T18:47:57.046Z",1032,1,0,0
"CNSL",254,3408621,"001210","132011-801","1620 Bulldog Lane; CSUF","Fresno","93740",222,"001210","132011-801","1620 Bulldog Lane; CSUF","Fresno","93740",222,"","","","","","","",-119.758989,36.812867,2,"","JB- Collected by MT","Gravid trap","","2025-04-25T07:00:00.000Z",17,1,1,false,"Fixed; CSUF 2025; Cedar and Bulldog","Culex stigmatosoma","2025-04-28T18:47:57.046Z",1032,0,0,5
"CNSL",255,3408622,"001068","132107-803","South/East of Chestnut and Bullard; CSUF","Fresno","93710",222,"001068","132107-803","South/East of Chestnut and Bullard; CSUF","Fresno","93710",222,"","","","","","","",-119.733492,36.819506,2,"","JB- Collected by MT","Gravid trap","","2025-04-25T07:00:00.000Z",17,1,1,false,"Fixed; CSUF oranges","Culex quinquefasciatus","2025-04-28T18:48:21.649Z",1032,1,0,0
"CNSL",255,3408622,"001068","132107-803","South/East of Chestnut and Bullard; CSUF","Fresno","93710",222,"001068","132107-803","South/East of Chestnut and Bullard; CSUF","Fresno","93710",222,"","","","","","","",-119.733492,36.819506,2,"","JB- Collected by MT","Gravid trap","","2025-04-25T07:00:00.000Z",17,1,1,false,"Fixed; CSUF oranges","Culex quinquefasciatus","2025-04-28T18:48:21.649Z",1032,0,0,12
"CNSL",256,3408623,"001087","132106-801","North/East of Chestnut and Bullard; CSUF","Fresno","93710",222,"001087","132106-801","North/East of Chestnut and Bullard; CSUF","Fresno","93710",222,"","","","","","","",-119.732597,36.826664,2,"","JB- Collected by MT","Gravid trap","","2025-04-25T07:00:00.000Z",17,1,1,false,"Fixed;CSUF 2025; Chestnut and Bullard","Culex quinquefasciatus","2025-04-28T18:48:56.759Z",1032,1,0,0
"CNSL",256,3408623,"001087","132106-801","North/East of Chestnut and Bullard; CSUF","Fresno","93710",222,"001087","132106-801","North/East of Chestnut and Bullard; CSUF","Fresno","93710",222,"","","","","","","",-119.732597,36.826664,2,"","JB- Collected by MT","Gravid trap","","2025-04-25T07:00:00.000Z",17,1,1,false,"Fixed;CSUF 2025; Chestnut and Bullard","Culex quinquefasciatus","2025-04-28T18:48:56.759Z",1032,0,0,42
"CNSL",256,3408623,"001087","132106-801","North/East of Chestnut and Bullard; CSUF","Fresno","93710",222,"001087","132106-801","North/East of Chestnut and Bullard; CSUF","Fresno","93710",222,"","","","","","","",-119.732597,36.826664,2,"","JB- Collected by MT","Gravid trap","","2025-04-25T07:00:00.000Z",17,1,1,false,"Fixed;CSUF 2025; Chestnut and Bullard","Culex tarsalis","2025-04-28T18:48:56.759Z",1032,1,0,0
"CNSL",257,3408624,"001210","132011-801","1620 Bulldog Lane; CSUF","Fresno","93740",222,"001210","132011-801","1620 Bulldog Lane; CSUF","Fresno","93740",222,"","","","","","","",-119.758989,36.812867,2,"","JB- Collected by MT","Carbon dioxide baited trap","","2025-04-25T07:00:00.000Z",17,1,1,false,"Fixed; CSUF 2025; Cedar and Bulldog","Culex quinquefasciatus","2025-04-28T18:50:00.496Z",1032,1,0,0
"CNSL",257,3408624,"001210","132011-801","1620 Bulldog Lane; CSUF","Fresno","93740",222,"001210","132011-801","1620 Bulldog Lane; CSUF","Fresno","93740",222,"","","","","","","",-119.758989,36.812867,2,"","JB- Collected by MT","Carbon dioxide baited trap","","2025-04-25T07:00:00.000Z",17,1,1,false,"Fixed; CSUF 2025; Cedar and Bulldog","Culex quinquefasciatus","2025-04-28T18:50:00.496Z",1032,0,2,0
"CNSL",257,3408624,"001210","132011-801","1620 Bulldog Lane; CSUF","Fresno","93740",222,"001210","132011-801","1620 Bulldog Lane; CSUF","Fresno","93740",222,"","","","","","","",-119.758989,36.812867,2,"","JB- Collected by MT","Carbon dioxide baited trap","","2025-04-25T07:00:00.000Z",17,1,1,false,"Fixed; CSUF 2025; Cedar and Bulldog","Culex tarsalis","2025-04-28T18:50:00.496Z",1032,0,1,0
"CNSL",258,3408625,"001068","132107-803","South/East of Chestnut and Bullard; CSUF","Fresno","93710",222,"001068","132107-803","South/East of Chestnut and Bullard; CSUF","Fresno","93710",222,"","","","","","","",-119.733492,36.819506,2,"","JB- Collected by MT","Carbon dioxide baited trap","","2025-04-25T07:00:00.000Z",17,1,1,false,"Fixed; CSUF oranges","Culex quinquefasciatus","2025-04-28T18:50:43.732Z",1032,0,10,0
"CNSL",258,3408625,"001068","132107-803","South/East of Chestnut and Bullard; CSUF","Fresno","93710",222,"001068","132107-803","South/East of Chestnut and Bullard; CSUF","Fresno","93710",222,"","","","","","","",-119.733492,36.819506,2,"","JB- Collected by MT","Carbon dioxide baited trap","","2025-04-25T07:00:00.000Z",17,1,1,false,"Fixed; CSUF oranges","Culex tarsalis","2025-04-28T18:50:43.732Z",1032,0,15,0
"CNSL",258,3408625,"001068","132107-803","South/East of Chestnut and Bullard; CSUF","Fresno","93710",222,"001068","132107-803","South/East of Chestnut and Bullard; CSUF","Fresno","93710",222,"","","","","","","",-119.733492,36.819506,2,"","JB- Collected by MT","Carbon dioxide baited trap","","2025-04-25T07:00:00.000Z",17,1,1,false,"Fixed; CSUF oranges","Culiseta inornata","2025-04-28T18:50:43.732Z",1032,0,1,0
"CNSL",259,3408626,"001087","132106-801","North/East of Chestnut and Bullard; CSUF","Fresno","93710",222,"001087","132106-801","North/East of Chestnut and Bullard; CSUF","Fresno","93710",222,"","","","","","","",-119.732597,36.826664,2,"","JB- Collected by MT","Carbon dioxide baited trap","","2025-04-25T07:00:00.000Z",17,1,1,false,"Fixed; CSUF 2025; Chestnut and Bullard","Culex quinquefasciatus","2025-04-28T18:51:18.873Z",1032,0,10,0
"CNSL",259,3408626,"001087","132106-801","North/East of Chestnut and Bullard; CSUF","Fresno","93710",222,"001087","132106-801","North/East of Chestnut and Bullard; CSUF","Fresno","93710",222,"","","","","","","",-119.732597,36.826664,2,"","JB- Collected by MT","Carbon dioxide baited trap","","2025-04-25T07:00:00.000Z",17,1,1,false,"Fixed; CSUF 2025; Chestnut and Bullard","Culex tarsalis","2025-04-28T18:51:18.873Z",1032,0,20,0
"CNSL",251,3408618,"","","","","","","","","","","","","","","","","","","",,,"","","JB- Collected by MT","Gravid trap","","2025-04-25T07:00:00.000Z",17,1,1,false,"Fixed; CSUF 2025; Shaw and Chestnut, PB1","Culex quinquefasciatus","2025-04-28T18:33:47.672Z",1032,3,0,0
"CNSL",251,3408618,"","","","","","","","","","","","","","","","","","","",,,"","","JB- Collected by MT","Gravid trap","","2025-04-25T07:00:00.000Z",17,1,1,false,"Fixed; CSUF 2025; Shaw and Chestnut, PB1","Culex quinquefasciatus","2025-04-28T18:33:47.672Z",1032,0,0,28
"CNSL",251,3408618,"","","","","","","","","","","","","","","","","","","",,,"","","JB- Collected by MT","Gravid trap","","2025-04-25T07:00:00.000Z",17,1,1,false,"Fixed; CSUF 2025; Shaw and Chestnut, PB1","Culex stigmatosoma","2025-04-28T18:33:47.672Z",1032,0,0,3
"CNSL",252,3408619,"","","","","","","","","","","","","","","","","","","",,,"","","JB- Collected by MT","Gravid trap","","2025-04-25T07:00:00.000Z",17,1,1,false,"Fixed; CSUF 2025; Shaw and Chestnut, PB2","Culex quinquefasciatus","2025-04-28T18:34:57.279Z",1032,2,0,0
"CNSL",252,3408619,"","","","","","","","","","","","","","","","","","","",,,"","","JB- Collected by MT","Gravid trap","","2025-04-25T07:00:00.000Z",17,1,1,false,"Fixed; CSUF 2025; Shaw and Chestnut, PB2","Culex quinquefasciatus","2025-04-28T18:34:57.279Z",1032,0,0,5
"CNSL",252,3408619,"","","","","","","","","","","","","","","","","","","",,,"","","JB- Collected by MT","Gravid trap","","2025-04-25T07:00:00.000Z",17,1,1,false,"Fixed; CSUF 2025; Shaw and Chestnut, PB2","Culex stigmatosoma","2025-04-28T18:34:57.279Z",1032,0,0,1
"CNSL",260,3408629,"","","","","","","","","","","","","","","","","","","",,,"","","JB- Collected by MT","Carbon dioxide baited trap","","2025-04-25T07:00:00.000Z",17,1,1,false,"Fixed; CSUF 2025; Shaw and Chestnut PB1","Culex quinquefasciatus","2025-04-28T18:53:58.900Z",1032,0,2,0
"CNSL",260,3408629,"","","","","","","","","","","","","","","","","","","",,,"","","JB- Collected by MT","Carbon dioxide baited trap","","2025-04-25T07:00:00.000Z",17,1,1,false,"Fixed; CSUF 2025; Shaw and Chestnut PB1","Culex tarsalis","2025-04-28T18:53:58.900Z",1032,0,2,0
"CNSL",260,3408629,"","","","","","","","","","","","","","","","","","","",,,"","","JB- Collected by MT","Carbon dioxide baited trap","","2025-04-25T07:00:00.000Z",17,1,1,false,"Fixed; CSUF 2025; Shaw and Chestnut PB1","Culex erythrothorax","2025-04-28T18:53:58.900Z",1032,0,1,0
"CNSL",260,3408629,"","","","","","","","","","","","","","","","","","","",,,"","","JB- Collected by MT","Carbon dioxide baited trap","","2025-04-25T07:00:00.000Z",17,1,1,false,"Fixed; CSUF 2025; Shaw and Chestnut PB1","Anopheles freeborni","2025-04-28T18:53:58.900Z",1032,1,0,0
"CNSL",260,3408629,"","","","","","","","","","","","","","","","","","","",,,"","","JB- Collected by MT","Carbon dioxide baited trap","","2025-04-25T07:00:00.000Z",17,1,1,false,"Fixed; CSUF 2025; Shaw and Chestnut PB1","Anopheles freeborni","2025-04-28T18:53:58.900Z",1032,0,15,0
"CNSL",261,3408632,"","","","","","","","","","","","","","","","","","","",,,"","","JB- Collected by MT","Carbon dioxide baited trap","","2025-04-25T07:00:00.000Z",17,1,1,false,"Fixed; CSUF 2025; Shaw and Chestnut, PB2","Culex quinquefasciatus","2025-04-28T18:55:08.986Z",1032,0,22,0
"CNSL",261,3408632,"","","","","","","","","","","","","","","","","","","",,,"","","JB- Collected by MT","Carbon dioxide baited trap","","2025-04-25T07:00:00.000Z",17,1,1,false,"Fixed; CSUF 2025; Shaw and Chestnut, PB2","Culex tarsalis","2025-04-28T18:55:08.986Z",1032,0,5,0
"CNSL",261,3408632,"","","","","","","","","","","","","","","","","","","",,,"","","JB- Collected by MT","Carbon dioxide baited trap","","2025-04-25T07:00:00.000Z",17,1,1,false,"Fixed; CSUF 2025; Shaw and Chestnut, PB2","Culex erythrothorax","2025-04-28T18:55:08.986Z",1032,0,222,0
"CNSL",262,3408634,"001041","132001-801","South/East Corner of Bullard and Cedar; CSUF","Fresno","93710",222,"001041","132001-801","South/East Corner of Bullard and Cedar; CSUF","Fresno","93710",222,"","","","","","","",-119.749722,36.826667,2,"","JB- Collected by MT","Carbon dioxide baited trap","","2025-04-25T07:00:00.000Z",17,1,1,false,"Fixed; CSUF 2025; Pistachio orchard","Culex quinquefasciatus","2025-04-28T18:56:01.003Z",1032,0,4,0
"CNSL",262,3408634,"001041","132001-801","South/East Corner of Bullard and Cedar; CSUF","Fresno","93710",222,"001041","132001-801","South/East Corner of Bullard and Cedar; CSUF","Fresno","93710",222,"","","","","","","",-119.749722,36.826667,2,"","JB- Collected by MT","Carbon dioxide baited trap","","2025-04-25T07:00:00.000Z",17,1,1,false,"Fixed; CSUF 2025; Pistachio orchard","Culex tarsalis","2025-04-28T18:56:01.003Z",1032,0,6,0
"CNSL",263,3408637,"001062","132012-801","North/West of Shaw and Woodrow; CSUF","Fresno","93740",222,"001062","132012-801","North/West of Shaw and Woodrow; CSUF","Fresno","93740",222,"","","","","","","",-119.742726,36.810553,2,"","JB- Collected by MT","BG Sentinel","","2025-04-25T07:00:00.000Z",17,1,1,false,"Fixed; Allergy Free Garden","Culex quinquefasciatus","2025-04-28T18:57:04.739Z",1032,0,8,0
"CNSL",263,3408637,"001062","132012-801","North/West of Shaw and Woodrow; CSUF","Fresno","93740",222,"001062","132012-801","North/West of Shaw and Woodrow; CSUF","Fresno","93740",222,"","","","","","","",-119.742726,36.810553,2,"","JB- Collected by MT","BG Sentinel","","2025-04-25T07:00:00.000Z",17,1,1,false,"Fixed; Allergy Free Garden","Culex stigmatosoma","2025-04-28T18:57:04.739Z",1032,0,1,0
"CNSL",263,3408637,"001062","132012-801","North/West of Shaw and Woodrow; CSUF","Fresno","93740",222,"001062","132012-801","North/West of Shaw and Woodrow; CSUF","Fresno","93740",222,"","","","","","","",-119.742726,36.810553,2,"","JB- Collected by MT","BG Sentinel","","2025-04-25T07:00:00.000Z",17,1,1,false,"Fixed; Allergy Free Garden","Culex tarsalis","2025-04-28T18:57:04.739Z",1032,0,6,0
"CNSL",264,3408638,"","","","","","","","","","","","","","","","","","","",,,"","","JB- Collected by MT","BG Sentinel","","2025-04-25T07:00:00.000Z",17,1,1,false,"Fixed; CSUF Crim bldg","Culex tarsalis","2025-04-28T18:57:34.987Z",1032,0,5,0
"CNSL",265,3408639,"","","","","","","","","","","","","","","","","","","",,,"","","JB- Collected by CR","BG Sentinel","","2025-04-25T07:00:00.000Z",17,1,1,false,"SR125; 1667 Las Rosas","Culex tarsalis","2025-04-28T18:58:40.766Z",1032,0,1,0
"CNSL",265,3408639,"","","","","","","","","","","","","","","","","","","",,,"","","JB- Collected by CR","BG Sentinel","","2025-04-25T07:00:00.000Z",17,1,1,false,"SR125; 1667 Las Rosas","Culex stigmatosoma","2025-04-28T18:58:40.766Z",1032,0,17,0
"CNSL",266,3408640,"","","","","","","","","","","","","","","","","","","",,,"","","JB- Collected by CR","BG Sentinel","","2025-04-25T07:00:00.000Z",17,1,1,false,"Fixed; 1012 Ahronian","Culex quinquefasciatus","2025-04-28T18:59:35.915Z",1032,0,2,0
"CNSL",266,3408640,"","","","","","","","","","","","","","","","","","","",,,"","","JB- Collected by CR","BG Sentinel","","2025-04-25T07:00:00.000Z",17,1,1,false,"Fixed; 1012 Ahronian","Culex tarsalis","2025-04-28T18:59:35.915Z",1032,0,3,0
"CNSL",266,3408640,"","","","","","","","","","","","","","","","","","","",,,"","","JB- Collected by CR","BG Sentinel","","2025-04-25T07:00:00.000Z",17,1,1,false,"Fixed; 1012 Ahronian","Aedes aegypti","2025-04-28T18:59:35.915Z",1032,0,2,0
"CNSL",267,3408641,"","","","","","","","","","","","","","","","","","","",,,"","","JB- Collected by CR","BG Sentinel","","2025-04-25T07:00:00.000Z",17,1,1,false,"Fixed; Presbyterian church of Fowler, 408 E Merced St","Culex quinquefasciatus","2025-04-28T19:00:59.712Z",1032,0,8,0
"CNSL",267,3408641,"","","","","","","","","","","","","","","","","","","",,,"","","JB- Collected by CR","BG Sentinel","","2025-04-25T07:00:00.000Z",17,1,1,false,"Fixed; Presbyterian church of Fowler, 408 E Merced St","Culex tarsalis","2025-04-28T19:00:59.712Z",1032,0,1,0
"CNSL",267,3408641,"","","","","","","","","","","","","","","","","","","",,,"","","JB- Collected by CR","BG Sentinel","","2025-04-25T07:00:00.000Z",17,1,1,false,"Fixed; Presbyterian church of Fowler, 408 E Merced St","Aedes aegypti","2025-04-28T19:00:59.712Z",1032,0,1,0
"CNSL",268,3408642,"","","","","","","","","","","","","","","","","","","",,,"","","JB- Collected by CR","Carbon dioxide baited trap","","2025-04-25T07:00:00.000Z",17,1,1,false,"Fixed; citrus orchard NW corner of Muscat and Locan","Culex quinquefasciatus","2025-04-28T19:02:02.965Z",1032,0,2,0
"CNSL",268,3408642,"","","","","","","","","","","","","","","","","","","",,,"","","JB- Collected by CR","Carbon dioxide baited trap","","2025-04-25T07:00:00.000Z",17,1,1,false,"Fixed; citrus orchard NW corner of Muscat and Locan","Culex stigmatosoma","2025-04-28T19:02:02.965Z",1032,0,1,0
"CNSL",268,3408642,"","","","","","","","","","","","","","","","","","","",,,"","","JB- Collected by CR","Carbon dioxide baited trap","","2025-04-25T07:00:00.000Z",17,1,1,false,"Fixed; citrus orchard NW corner of Muscat and Locan","Culex tarsalis","2025-04-28T19:02:02.965Z",1032,0,1,0
"CNSL",268,3408642,"","","","","","","","","","","","","","","","","","","",,,"","","JB- Collected by CR","Carbon dioxide baited trap","","2025-04-25T07:00:00.000Z",17,1,1,false,"Fixed; citrus orchard NW corner of Muscat and Locan","Aedes aegypti","2025-04-28T19:02:02.965Z",1032,0,1,0
"CNSL",270,3408644,"","","","","","","","","","","","","","","","","","","",,,"","","JB- Collected by CR","Carbon dioxide baited trap","","2025-04-25T07:00:00.000Z",17,1,1,false,"Fixed; citrus orch N of Lone Star Elem, Jensen and Fowler","Culex quinquefasciatus","2025-04-28T19:04:24.777Z",1032,0,14,0
"CNSL",270,3408644,"","","","","","","","","","","","","","","","","","","",,,"","","JB- Collected by CR","Carbon dioxide baited trap","","2025-04-25T07:00:00.000Z",17,1,1,false,"Fixed; citrus orch N of Lone Star Elem, Jensen and Fowler","Culex tarsalis","2025-04-28T19:04:24.777Z",1032,0,24,0
"CNSL",270,3408644,"","","","","","","","","","","","","","","","","","","",,,"","","JB- Collected by CR","Carbon dioxide baited trap","","2025-04-25T07:00:00.000Z",17,1,1,false,"Fixed; citrus orch N of Lone Star Elem, Jensen and Fowler","Culex stigmatosoma","2025-04-28T19:04:24.777Z",1032,0,2,0
"CNSL",270,3408644,"","","","","","","","","","","","","","","","","","","",,,"","","JB- Collected by CR","Carbon dioxide baited trap","","2025-04-25T07:00:00.000Z",17,1,1,false,"Fixed; citrus orch N of Lone Star Elem, Jensen and Fowler","Culiseta inornata","2025-04-28T19:04:24.777Z",1032,0,1,0
"CNSL",271,3408645,"","","","","","","","","","","","","","","","","","","",,,"","","JB- Collected by CR","Carbon dioxide baited trap","","2025-04-25T07:00:00.000Z",17,1,1,false,"Fixed; W of Muscat and McCall, almond orchard W of Blueberries","Culex tarsalis","2025-04-28T19:05:36.867Z",1032,0,1,0
"CNSL",274,3410113,"003002","142309-807","17604 E Kings Canyon Rd","Sanger","93657",222,"003002","142309-807","17604 E Kings Canyon Rd","Sanger","93657",222,"","","","","","","",-119.467503,36.732221,2,"","JB- Collected by CR","Gravid trap","","2025-04-29T07:00:00.000Z",18,1,1,false,"Fixed; Kings River Mobile Home park, office","Culex quinquefasciatus","2025-04-30T14:49:09.722Z",1032,0,0,2
"CNSL",274,3410113,"003002","142309-807","17604 E Kings Canyon Rd","Sanger","93657",222,"003002","142309-807","17604 E Kings Canyon Rd","Sanger","93657",222,"","","","","","","",-119.467503,36.732221,2,"","JB- Collected by CR","Gravid trap","","2025-04-29T07:00:00.000Z",18,1,1,false,"Fixed; Kings River Mobile Home park, office","Culex stigmatosoma","2025-04-30T14:49:09.722Z",1032,0,0,7
"CNSL",274,3410113,"003002","142309-807","17604 E Kings Canyon Rd","Sanger","93657",222,"003002","142309-807","17604 E Kings Canyon Rd","Sanger","93657",222,"","","","","","","",-119.467503,36.732221,2,"","JB- Collected by CR","Gravid trap","","2025-04-29T07:00:00.000Z",18,1,1,false,"Fixed; Kings River Mobile Home park, office","Culex thriambus","2025-04-30T14:49:09.722Z",1032,0,0,3
"CNSL",274,3410113,"003002","142309-807","17604 E Kings Canyon Rd","Sanger","93657",222,"003002","142309-807","17604 E Kings Canyon Rd","Sanger","93657",222,"","","","","","","",-119.467503,36.732221,2,"","JB- Collected by CR","Gravid trap","","2025-04-29T07:00:00.000Z",18,1,1,false,"Fixed; Kings River Mobile Home park, office","Culiseta particeps","2025-04-30T14:49:09.722Z",1032,1,0,0
"CNSL",274,3410113,"003002","142309-807","17604 E Kings Canyon Rd","Sanger","93657",222,"003002","142309-807","17604 E Kings Canyon Rd","Sanger","93657",222,"","","","","","","",-119.467503,36.732221,2,"","JB- Collected by CR","Gravid trap","","2025-04-29T07:00:00.000Z",18,1,1,false,"Fixed; Kings River Mobile Home park, office","Culiseta particeps","2025-04-30T14:49:09.722Z",1032,0,0,6
"CNSL",274,3410113,"003002","142309-807","17604 E Kings Canyon Rd","Sanger","93657",222,"003002","142309-807","17604 E Kings Canyon Rd","Sanger","93657",222,"","","","","","","",-119.467503,36.732221,2,"","JB- Collected by CR","Gravid trap","","2025-04-29T07:00:00.000Z",18,1,1,false,"Fixed; Kings River Mobile Home park, office","Culex restuans","2025-04-30T14:49:09.722Z",1032,0,0,1
"CNSL",274,3410113,"003002","142309-807","17604 E Kings Canyon Rd","Sanger","93657",222,"003002","142309-807","17604 E Kings Canyon Rd","Sanger","93657",222,"","","","","","","",-119.467503,36.732221,2,"","JB- Collected by CR","Gravid trap","","2025-04-29T07:00:00.000Z",18,1,1,false,"Fixed; Kings River Mobile Home park, office","Culiseta inornata","2025-04-30T14:49:09.722Z",1032,0,0,1
"CNSL",275,3410114,"002066","142307-804","Smith and Rainbow","Sanger","93657",222,"002066","142307-804","Smith and Rainbow","Sanger","93657",222,"","","","","","","",-119.502072,36.724283,2,"","JB- Collected by CR","Gravid trap","","2025-04-29T07:00:00.000Z",18,1,1,false,"Fixed; China Creek","Culex quinquefasciatus","2025-04-30T14:49:55.922Z",1032,0,0,2
"CNSL",275,3410114,"002066","142307-804","Smith and Rainbow","Sanger","93657",222,"002066","142307-804","Smith and Rainbow","Sanger","93657",222,"","","","","","","",-119.502072,36.724283,2,"","JB- Collected by CR","Gravid trap","","2025-04-29T07:00:00.000Z",18,1,1,false,"Fixed; China Creek","Culex thriambus","2025-04-30T14:49:55.922Z",1032,0,0,2
"CNSL",275,3410114,"002066","142307-804","Smith and Rainbow","Sanger","93657",222,"002066","142307-804","Smith and Rainbow","Sanger","93657",222,"","","","","","","",-119.502072,36.724283,2,"","JB- Collected by CR","Gravid trap","","2025-04-29T07:00:00.000Z",18,1,1,false,"Fixed; China Creek","Culiseta particeps","2025-04-30T14:49:55.922Z",1032,5,0,0
"CNSL",275,3410114,"002066","142307-804","Smith and Rainbow","Sanger","93657",222,"002066","142307-804","Smith and Rainbow","Sanger","93657",222,"","","","","","","",-119.502072,36.724283,2,"","JB- Collected by CR","Gravid trap","","2025-04-29T07:00:00.000Z",18,1,1,false,"Fixed; China Creek","Culiseta particeps","2025-04-30T14:49:55.922Z",1032,0,0,8
"CNSL",276,3410115,"002138","142303-808","Across from 93 Trout Lake Drive","Sanger","93657",222,"002138","142303-808","Across from 93 Trout Lake Drive","Sanger","93657",222,"","","","","","","",-119.465639,36.736111,2,"","JB- Collected by CR","Gravid trap","","2025-04-29T07:00:00.000Z",18,1,1,false,"Fixed; Wildwood, W side of lake","Culex quinquefasciatus","2025-04-30T14:50:53.540Z",1032,0,0,5
"CNSL",276,3410115,"002138","142303-808","Across from 93 Trout Lake Drive","Sanger","93657",222,"002138","142303-808","Across from 93 Trout Lake Drive","Sanger","93657",222,"","","","","","","",-119.465639,36.736111,2,"","JB- Collected by CR","Gravid trap","","2025-04-29T07:00:00.000Z",18,1,1,false,"Fixed; Wildwood, W side of lake","Culex stigmatosoma","2025-04-30T14:50:53.540Z",1032,0,0,13
"CNSL",276,3410115,"002138","142303-808","Across from 93 Trout Lake Drive","Sanger","93657",222,"002138","142303-808","Across from 93 Trout Lake Drive","Sanger","93657",222,"","","","","","","",-119.465639,36.736111,2,"","JB- Collected by CR","Gravid trap","","2025-04-29T07:00:00.000Z",18,1,1,false,"Fixed; Wildwood, W side of lake","Culex restuans","2025-04-30T14:50:53.540Z",1032,1,0,0
"CNSL",276,3410115,"002138","142303-808","Across from 93 Trout Lake Drive","Sanger","93657",222,"002138","142303-808","Across from 93 Trout Lake Drive","Sanger","93657",222,"","","","","","","",-119.465639,36.736111,2,"","JB- Collected by CR","Gravid trap","","2025-04-29T07:00:00.000Z",18,1,1,false,"Fixed; Wildwood, W side of lake","Culex restuans","2025-04-30T14:50:53.540Z",1032,0,0,2
"CNSL",277,3410119,"","","","","","","","","","","","","","","","","","","",,,"","","JB- Collected by CR","Gravid trap","","2025-04-29T07:00:00.000Z",18,1,1,false,"Fixed; Annadale curve on S side of orchard","Culex quinquefasciatus","2025-04-30T14:52:59.910Z",1032,0,0,1
"CNSL",277,3410119,"","","","","","","","","","","","","","","","","","","",,,"","","JB- Collected by CR","Gravid trap","","2025-04-29T07:00:00.000Z",18,1,1,false,"Fixed; Annadale curve on S side of orchard","Culex tarsalis","2025-04-30T14:52:59.910Z",1032,0,0,4
"CNSL",278,3410121,"","","","","","","","","","","","","","","","","","","",,,"","","JB- Collected by CR","Gravid trap","","2025-04-29T07:00:00.000Z",18,1,1,false,"Fixed; E of North and Newmark, orange orchard","Culex quinquefasciatus","2025-04-30T14:54:18.763Z",1032,2,0,0
"CNSL",278,3410121,"","","","","","","","","","","","","","","","","","","",,,"","","JB- Collected by CR","Gravid trap","","2025-04-29T07:00:00.000Z",18,1,1,false,"Fixed; E of North and Newmark, orange orchard","Culex quinquefasciatus","2025-04-30T14:54:18.763Z",1032,0,0,2
"CNSL",278,3410121,"","","","","","","","","","","","","","","","","","","",,,"","","JB- Collected by CR","Gravid trap","","2025-04-29T07:00:00.000Z",18,1,1,false,"Fixed; E of North and Newmark, orange orchard","Culex stigmatosoma","2025-04-30T14:54:18.763Z",1032,2,0,0
"CNSL",278,3410121,"","","","","","","","","","","","","","","","","","","",,,"","","JB- Collected by CR","Gravid trap","","2025-04-29T07:00:00.000Z",18,1,1,false,"Fixed; E of North and Newmark, orange orchard","Culex stigmatosoma","2025-04-30T14:54:18.763Z",1032,0,0,1
"CNSL",279,3410124,"","","","","","","","","","","","","","","","","","","",,,"","","JB- Collected by CR","Gravid trap","","2025-04-29T07:00:00.000Z",18,1,1,false,"Fixed; SW corner of Annadale and Channel, slough on W side of road","Culiseta particeps","2025-04-30T14:57:14.650Z",1032,0,0,1
"CNSL",279,3410124,"","","","","","","","","","","","","","","","","","","",,,"","","JB- Collected by CR","Gravid trap","","2025-04-29T07:00:00.000Z",18,1,1,false,"Fixed; SW corner of Annadale and Channel, slough on W side of road","Culex quinquefasciatus","2025-04-30T14:57:14.650Z",1032,0,0,2
"CNSL",279,3410124,"","","","","","","","","","","","","","","","","","","",,,"","","JB- Collected by CR","Gravid trap","","2025-04-29T07:00:00.000Z",18,1,1,false,"Fixed; SW corner of Annadale and Channel, slough on W side of road","Culex stigmatosoma","2025-04-30T14:57:14.650Z",1032,0,0,4
"CNSL",279,3410124,"","","","","","","","","","","","","","","","","","","",,,"","","JB- Collected by CR","Gravid trap","","2025-04-29T07:00:00.000Z",18,1,1,false,"Fixed; SW corner of Annadale and Channel, slough on W side of road","Culex restuans","2025-04-30T14:57:14.650Z",1032,0,0,10
"CNSL",280,3410127,"","","","","","","","","","","","","","","","","","","",,,"","","JB- Collected by CR","Gravid trap","","2025-04-29T07:00:00.000Z",18,1,1,false,"Fixed; Annadale & MacDonough, citrus orchard, E of Byrd Slough","Culex quinquefasciatus","2025-04-30T14:59:01.412Z",1032,0,0,3
"CNSL",280,3410127,"","","","","","","","","","","","","","","","","","","",,,"","","JB- Collected by CR","Gravid trap","","2025-04-29T07:00:00.000Z",18,1,1,false,"Fixed; Annadale & MacDonough, citrus orchard, E of Byrd Slough","Stomoxys calcitrans","2025-04-30T14:59:01.412Z",1032,0,0,2
"CNSL",281,3410130,"003051","142302-805","Frankwood and Belmont Avenue","Sanger","93657",222,"003051","142302-805","Frankwood and Belmont Avenue","Sanger","93657",222,"","","","","","","",-119.446139,36.743444,2,"","JB- Collected by CR","Gravid trap","","2025-04-29T07:00:00.000Z",18,1,1,false,"Fixed; Frankwood Ave NE of Sherwood Golf Club by mobile home park","Culiseta particeps","2025-04-30T15:00:23.375Z",1032,0,0,1
"CNSL",281,3410130,"003051","142302-805","Frankwood and Belmont Avenue","Sanger","93657",222,"003051","142302-805","Frankwood and Belmont Avenue","Sanger","93657",222,"","","","","","","",-119.446139,36.743444,2,"","JB- Collected by CR","Gravid trap","","2025-04-29T07:00:00.000Z",18,1,1,false,"Fixed; Frankwood Ave NE of Sherwood Golf Club by mobile home park","Culex stigmatosoma","2025-04-30T15:00:23.375Z",1032,0,0,10
"CNSL",282,3411063,"","","","","","","","","","","","","","","","","","","",,,"","","KR- Collected by MT","Gravid trap","","2025-04-29T07:00:00.000Z",18,1,1,false,"Fixed; 6688 E Lansing Way","Culex quinquefasciatus","2025-05-01T15:05:21.333Z",1032,0,0,48
"CNSL",282,3411063,"","","","","","","","","","","","","","","","","","","",,,"","","KR- Collected by MT","Gravid trap","","2025-04-29T07:00:00.000Z",18,1,1,false,"Fixed; 6688 E Lansing Way","Culicoides","2025-05-01T15:05:21.333Z",1032,0,0,2
"CNSL",283,3411073,"","","","","","","","","","","","","","","","","","","",,,"","","KR- Collected by MT","Gravid trap","","2025-04-29T07:00:00.000Z",18,1,1,false,"2025 Clovis; 10211 pistachio","Culex quinquefasciatus","2025-05-01T15:11:19.503Z",1032,4,0,0
"CNSL",283,3411073,"","","","","","","","","","","","","","","","","","","",,,"","","KR- Collected by MT","Gravid trap","","2025-04-29T07:00:00.000Z",18,1,1,false,"2025 Clovis; 10211 pistachio","Culex quinquefasciatus","2025-05-01T15:11:19.503Z",1032,0,0,72
"CNSL",283,3411073,"","","","","","","","","","","","","","","","","","","",,,"","","KR- Collected by MT","Gravid trap","","2025-04-29T07:00:00.000Z",18,1,1,false,"2025 Clovis; 10211 pistachio","Culex stigmatosoma","2025-05-01T15:11:19.503Z",1032,0,0,1
"CNSL",283,3411073,"","","","","","","","","","","","","","","","","","","",,,"","","KR- Collected by MT","Gravid trap","","2025-04-29T07:00:00.000Z",18,1,1,false,"2025 Clovis; 10211 pistachio","Culicoides","2025-05-01T15:11:19.503Z",1032,0,0,1
"CNSL",284,3411077,"","","","","","","","","","","","","","","","","","","",,,"","","KR- Collected by MT","Gravid trap","","2025-04-29T07:00:00.000Z",18,1,1,false,"2025 Clovis; 2232 Celeste","Culex quinquefasciatus","2025-05-01T15:13:05.598Z",1032,0,0,62
"CNSL",284,3411077,"","","","","","","","","","","","","","","","","","","",,,"","","KR- Collected by MT","Gravid trap","","2025-04-29T07:00:00.000Z",18,1,1,false,"2025 Clovis; 2232 Celeste","Culex stigmatosoma","2025-05-01T15:13:05.598Z",1032,0,0,2
"CNSL",285,3411079,"","","","","","","","","","","","","","","","","","","",,,"","","KR- Collected by MT","Gravid trap","","2025-04-29T07:00:00.000Z",18,1,1,false,"Fixed; 2578 Menlo","Culex quinquefasciatus","2025-05-01T15:15:01.729Z",1032,2,0,0
"CNSL",285,3411079,"","","","","","","","","","","","","","","","","","","",,,"","","KR- Collected by MT","Gravid trap","","2025-04-29T07:00:00.000Z",18,1,1,false,"Fixed; 2578 Menlo","Culex quinquefasciatus","2025-05-01T15:15:01.729Z",1032,0,0,80
"CNSL",285,3411079,"","","","","","","","","","","","","","","","","","","",,,"","","KR- Collected by MT","Gravid trap","","2025-04-29T07:00:00.000Z",18,1,1,false,"Fixed; 2578 Menlo","Culex tarsalis","2025-05-01T15:15:01.729Z",1032,1,0,0
"CNSL",285,3411079,"","","","","","","","","","","","","","","","","","","",,,"","","KR- Collected by MT","Gravid trap","","2025-04-29T07:00:00.000Z",18,1,1,false,"Fixed; 2578 Menlo","Culex stigmatosoma","2025-05-01T15:15:01.729Z",1032,0,0,11
"CNSL",286,3411081,"","","","","","","","","","","","","","","","","","","",,,"","","KR- Collected by MT","Gravid trap","","2025-04-29T07:00:00.000Z",18,1,1,false,"2025 Clovis; 2519 Celeste","Culex quinquefasciatus","2025-05-01T15:16:08.474Z",1032,1,0,0
"CNSL",286,3411081,"","","","","","","","","","","","","","","","","","","",,,"","","KR- Collected by MT","Gravid trap","","2025-04-29T07:00:00.000Z",18,1,1,false,"2025 Clovis; 2519 Celeste","Culex quinquefasciatus","2025-05-01T15:16:08.474Z",1032,0,0,36
"CNSL",286,3411081,"","","","","","","","","","","","","","","","","","","",,,"","","KR- Collected by MT","Gravid trap","","2025-04-29T07:00:00.000Z",18,1,1,false,"2025 Clovis; 2519 Celeste","Culicoides","2025-05-01T15:16:08.474Z",1032,0,0,1
"CNSL",287,3411087,"","","","","","","","","","","","","","","","","","","",,,"","","KR- Collected by MT","Gravid trap","","2025-04-29T07:00:00.000Z",18,1,1,false,"Fixed; 2742 Swift","Culex quinquefasciatus","2025-05-01T15:17:49.826Z",1032,2,0,0
"CNSL",287,3411087,"","","","","","","","","","","","","","","","","","","",,,"","","KR- Collected by MT","Gravid trap","","2025-04-29T07:00:00.000Z",18,1,1,false,"Fixed; 2742 Swift","Culex quinquefasciatus","2025-05-01T15:17:49.826Z",1032,0,0,140
"CNSL",287,3411087,"","","","","","","","","","","","","","","","","","","",,,"","","KR- Collected by MT","Gravid trap","","2025-04-29T07:00:00.000Z",18,1,1,false,"Fixed; 2742 Swift","Culex stigmatosoma","2025-05-01T15:17:49.826Z",1032,0,0,1
"CNSL",287,3411087,"","","","","","","","","","","","","","","","","","","",,,"","","KR- Collected by MT","Gravid trap","","2025-04-29T07:00:00.000Z",18,1,1,false,"Fixed; 2742 Swift","Culicoides","2025-05-01T15:17:49.826Z",1032,0,0,4
"CNSL",288,3411089,"","","","","","","","","","","","","","","","","","","",,,"","","KR- Collected by MT","Gravid trap","","2025-04-29T07:00:00.000Z",18,1,1,false,"Fixed; 815 El Dorado Ave","Culex quinquefasciatus","2025-05-01T15:20:02.810Z",1032,0,0,21
"CNSL",288,3411089,"","","","","","","","","","","","","","","","","","","",,,"","","KR- Collected by MT","Gravid trap","","2025-04-29T07:00:00.000Z",18,1,1,false,"Fixed; 815 El Dorado Ave","Culex stigmatosoma","2025-05-01T15:20:02.810Z",1032,0,0,16
"CNSL",289,3411090,"","","","","","","","","","","","","","","","","","","",,,"","","KR- Collected by MT","Gravid trap","","2025-04-29T07:00:00.000Z",18,1,1,false,"Fixed; Clovis Veterans Memorial bldng E of the park","Culex quinquefasciatus","2025-05-01T15:21:13.794Z",1032,0,0,22
"CNSL",290,3411091,"","","","","","","","","","","","","","","","","","","",,,"","","KR- Collected by MT","Gravid trap","","2025-04-29T07:00:00.000Z",18,1,1,false,"Fixed; 174 Serena","Culex quinquefasciatus","2025-05-01T15:22:46.379Z",1032,0,0,6
"CNSL",291,3411092,"","","","","","","","","","","","","","","","","","","",,,"","","KR- Collected by MT","BG Sentinel","","2025-04-29T07:00:00.000Z",18,1,1,false,"Fixed; 6688 E Lansing Way","Culex quinquefasciatus","2025-05-01T15:24:26.762Z",1032,0,8,0
"CNSL",292,3411093,"","","","","","","","","","","","","","","","","","","",,,"","","KR- Collected by MT","BG Sentinel","","2025-04-29T07:00:00.000Z",18,1,1,false,"Fixed; 1021 Pistachio","Culex quinquefasciatus","2025-05-01T15:27:36.120Z",1032,0,3,0
"CNSL",292,3411093,"","","","","","","","","","","","","","","","","","","",,,"","","KR- Collected by MT","BG Sentinel","","2025-04-29T07:00:00.000Z",18,1,1,false,"Fixed; 1021 Pistachio","Aedes aegypti","2025-05-01T15:27:36.120Z",1032,0,1,0
"CNSL",292,3411093,"","","","","","","","","","","","","","","","","","","",,,"","","KR- Collected by MT","BG Sentinel","","2025-04-29T07:00:00.000Z",18,1,1,false,"Fixed; 1021 Pistachio","Culex tarsalis","2025-05-01T15:27:36.120Z",1032,0,1,0
"CNSL",293,3411094,"","","","","","","","","","","","","","","","","","","",,,"","","KR- Collected by MT","BG Sentinel","","2025-04-29T07:00:00.000Z",18,1,1,false,"2025 Clovis; 1021 Pistachio","Culex quinquefasciatus","2025-05-01T15:28:28.892Z",1032,0,3,0
"CNSL",293,3411094,"","","","","","","","","","","","","","","","","","","",,,"","","KR- Collected by MT","BG Sentinel","","2025-04-29T07:00:00.000Z",18,1,1,false,"2025 Clovis; 1021 Pistachio","Aedes aegypti","2025-05-01T15:28:28.892Z",1032,0,1,0
"CNSL",293,3411094,"","","","","","","","","","","","","","","","","","","",,,"","","KR- Collected by MT","BG Sentinel","","2025-04-29T07:00:00.000Z",18,1,1,false,"2025 Clovis; 1021 Pistachio","Culex tarsalis","2025-05-01T15:28:28.892Z",1032,0,1,0
"CNSL",295,3411096,"","","","","","","","","","","","","","","","","","","",,,"","","KR- Collected by MT","BG Sentinel","","2025-04-29T07:00:00.000Z",18,1,1,false,"Fixed; 2578 Menlo","Culex tarsalis","2025-05-01T15:31:36.066Z",1032,1,0,0
"CNSL",295,3411096,"","","","","","","","","","","","","","","","","","","",,,"","","KR- Collected by MT","BG Sentinel","","2025-04-29T07:00:00.000Z",18,1,1,false,"Fixed; 2578 Menlo","Culex tarsalis","2025-05-01T15:31:36.066Z",1032,0,12,0
"CNSL",295,3411096,"","","","","","","","","","","","","","","","","","","",,,"","","KR- Collected by MT","BG Sentinel","","2025-04-29T07:00:00.000Z",18,1,1,false,"Fixed; 2578 Menlo","Aedes aegypti","2025-05-01T15:31:36.066Z",1032,0,1,0
"CNSL",295,3411096,"","","","","","","","","","","","","","","","","","","",,,"","","KR- Collected by MT","BG Sentinel","","2025-04-29T07:00:00.000Z",18,1,1,false,"Fixed; 2578 Menlo","Culex quinquefasciatus","2025-05-01T15:31:36.066Z",1032,0,7,0
"CNSL",296,3411097,"","","","","","","","","","","","","","","","","","","",,,"","","KR- Collected by MT","BG Sentinel","","2025-04-29T07:00:00.000Z",18,1,1,false,"2025 Clovis; 2519 Celeste","Culex quinquefasciatus","2025-05-01T15:32:49.097Z",1032,0,5,0
"CNSL",296,3411097,"","","","","","","","","","","","","","","","","","","",,,"","","KR- Collected by MT","BG Sentinel","","2025-04-29T07:00:00.000Z",18,1,1,false,"2025 Clovis; 2519 Celeste","Culex tarsalis","2025-05-01T15:32:49.097Z",1032,0,3,0
"CNSL",296,3411097,"","","","","","","","","","","","","","","","","","","",,,"","","KR- Collected by MT","BG Sentinel","","2025-04-29T07:00:00.000Z",18,1,1,false,"2025 Clovis; 2519 Celeste","Culex stigmatosoma","2025-05-01T15:32:49.097Z",1032,0,1,0
"CNSL",297,3411098,"","","","","","","","","","","","","","","","","","","",,,"","","KR- Collected by MT","BG Sentinel","","2025-04-29T07:00:00.000Z",18,1,1,false,"Fixed; 2742 Swift","Culex quinquefasciatus","2025-05-01T15:34:55.590Z",1032,0,2,0
"CNSL",297,3411098,"","","","","","","","","","","","","","","","","","","",,,"","","KR- Collected by MT","BG Sentinel","","2025-04-29T07:00:00.000Z",18,1,1,false,"Fixed; 2742 Swift","Aedes aegypti","2025-05-01T15:34:55.590Z",1032,0,2,0
"CNSL",298,3411099,"","","","","","","","","","","","","","","","","","","",,,"","","KR- Collected by MT","BG Sentinel","","2025-04-29T07:00:00.000Z",18,1,1,false,"Fixed; 815 El Dorado Ave","Culex quinquefasciatus","2025-05-01T15:36:31.109Z",1032,0,3,0
"CNSL",298,3411099,"","","","","","","","","","","","","","","","","","","",,,"","","KR- Collected by MT","BG Sentinel","","2025-04-29T07:00:00.000Z",18,1,1,false,"Fixed; 815 El Dorado Ave","Culex tarsalis","2025-05-01T15:36:31.109Z",1032,0,2,0
"CNSL",298,3411099,"","","","","","","","","","","","","","","","","","","",,,"","","KR- Collected by MT","BG Sentinel","","2025-04-29T07:00:00.000Z",18,1,1,false,"Fixed; 815 El Dorado Ave","Culex stigmatosoma","2025-05-01T15:36:31.109Z",1032,0,2,0
"CNSL",299,3411100,"","","","","","","","","","","","","","","","","","","",,,"","","KR- Collected by MT","BG Sentinel","","2025-04-29T07:00:00.000Z",18,1,1,false,"Fixed; Clovis Veterans Memorial bldng E of the park","Culex quinquefasciatus","2025-05-01T15:37:30.214Z",1032,0,6,0
"CNSL",300,3411101,"","","","","","","","","","","","","","","","","","","",,,"","","KR- Collected by MT","BG Sentinel","","2025-04-29T07:00:00.000Z",18,1,1,false,"Fixed; 174 Serena","Culex quinquefasciatus","2025-05-01T15:38:19.853Z",1032,0,1,0
"CNSL",301,3411102,"","","","","","","","","","","","","","","","","","","",,,"","","JB- Collected by CR","BG Sentinel","","2025-04-29T07:00:00.000Z",18,1,1,false,"Fixed; Sanger Cemetery","Culex tarsalis","2025-05-01T15:39:37.619Z",1032,0,2,0
"CNSL",301,3411102,"","","","","","","","","","","","","","","","","","","",,,"","","JB- Collected by CR","BG Sentinel","","2025-04-29T07:00:00.000Z",18,1,1,false,"Fixed; Sanger Cemetery","Culex stigmatosoma","2025-05-01T15:39:37.619Z",1032,0,11,0
"CNSL",301,3411102,"","","","","","","","","","","","","","","","","","","",,,"","","JB- Collected by CR","BG Sentinel","","2025-04-29T07:00:00.000Z",18,1,1,false,"Fixed; Sanger Cemetery","Culex thriambus","2025-05-01T15:39:37.619Z",1032,0,3,0
"CNSL",301,3411102,"","","","","","","","","","","","","","","","","","","",,,"","","JB- Collected by CR","BG Sentinel","","2025-04-29T07:00:00.000Z",18,1,1,false,"Fixed; Sanger Cemetery","Anopheles freeborni","2025-05-01T15:39:37.619Z",1032,0,1,0
"CNSL",302,3411103,"003002","142309-807","17604 E Kings Canyon Rd","Sanger","93657",222,"003002","142309-807","17604 E Kings Canyon Rd","Sanger","93657",222,"","","","","","","",-119.467503,36.732221,2,"","JB- Collected by CR","BG Sentinel","","2025-04-29T07:00:00.000Z",18,1,1,false,"Fixed; Kings River mobile home area near office","Culex restuans","2025-05-01T15:42:04.076Z",1032,0,1,0
"CNSL",302,3411103,"003002","142309-807","17604 E Kings Canyon Rd","Sanger","93657",222,"003002","142309-807","17604 E Kings Canyon Rd","Sanger","93657",222,"","","","","","","",-119.467503,36.732221,2,"","JB- Collected by CR","BG Sentinel","","2025-04-29T07:00:00.000Z",18,1,1,false,"Fixed; Kings River mobile home area near office","Culiseta inornata","2025-05-01T15:42:04.076Z",1032,0,1,0
"CNSL",303,3411104,"002066","142307-804","Smith and Rainbow","Sanger","93657",222,"002066","142307-804","Smith and Rainbow","Sanger","93657",222,"","","","","","","",-119.502072,36.724283,2,"","JB- Collected by CR","Carbon dioxide baited trap","","2025-04-29T07:00:00.000Z",18,1,1,false,"Fixed; China Creek","Culex restuans","2025-05-01T15:44:17.041Z",1032,0,1,0
"CNSL",303,3411104,"002066","142307-804","Smith and Rainbow","Sanger","93657",222,"002066","142307-804","Smith and Rainbow","Sanger","93657",222,"","","","","","","",-119.502072,36.724283,2,"","JB- Collected by CR","Carbon dioxide baited trap","","2025-04-29T07:00:00.000Z",18,1,1,false,"Fixed; China Creek","Culex erythrothorax","2025-05-01T15:44:17.041Z",1032,0,1,0
"CNSL",303,3411104,"002066","142307-804","Smith and Rainbow","Sanger","93657",222,"002066","142307-804","Smith and Rainbow","Sanger","93657",222,"","","","","","","",-119.502072,36.724283,2,"","JB- Collected by CR","Carbon dioxide baited trap","","2025-04-29T07:00:00.000Z",18,1,1,false,"Fixed; China Creek","Anopheles freeborni","2025-05-01T15:44:17.041Z",1032,0,8,0
"CNSL",303,3411104,"002066","142307-804","Smith and Rainbow","Sanger","93657",222,"002066","142307-804","Smith and Rainbow","Sanger","93657",222,"","","","","","","",-119.502072,36.724283,2,"","JB- Collected by CR","Carbon dioxide baited trap","","2025-04-29T07:00:00.000Z",18,1,1,false,"Fixed; China Creek","Aedes sierrensis","2025-05-01T15:44:17.041Z",1032,1,0,0
"CNSL",303,3411104,"002066","142307-804","Smith and Rainbow","Sanger","93657",222,"002066","142307-804","Smith and Rainbow","Sanger","93657",222,"","","","","","","",-119.502072,36.724283,2,"","JB- Collected by CR","Carbon dioxide baited trap","","2025-04-29T07:00:00.000Z",18,1,1,false,"Fixed; China Creek","Aedes melanimon","2025-05-01T15:44:17.041Z",1032,0,3,0
"CNSL",303,3411104,"002066","142307-804","Smith and Rainbow","Sanger","93657",222,"002066","142307-804","Smith and Rainbow","Sanger","93657",222,"","","","","","","",-119.502072,36.724283,2,"","JB- Collected by CR","Carbon dioxide baited trap","","2025-04-29T07:00:00.000Z",18,1,1,false,"Fixed; China Creek","Culiseta particeps","2025-05-01T15:44:17.041Z",1032,0,23,0
"CNSL",304,3411105,"002138","142303-808","Across from 93 Trout Lake Drive","Sanger","93657",222,"002138","142303-808","Across from 93 Trout Lake Drive","Sanger","93657",222,"","","","","","","",-119.465639,36.736111,2,"","KR- Collected by CR","Carbon dioxide baited trap","","2025-04-29T07:00:00.000Z",18,1,1,false,"Fixed; Wildwood, W side of Lake","Culiseta particeps","2025-05-01T15:45:41.259Z",1032,0,3,0
"CNSL",304,3411105,"002138","142303-808","Across from 93 Trout Lake Drive","Sanger","93657",222,"002138","142303-808","Across from 93 Trout Lake Drive","Sanger","93657",222,"","","","","","","",-119.465639,36.736111,2,"","KR- Collected by CR","Carbon dioxide baited trap","","2025-04-29T07:00:00.000Z",18,1,1,false,"Fixed; Wildwood, W side of Lake","Culex tarsalis","2025-05-01T15:45:41.259Z",1032,0,1,0
"CNSL",304,3411105,"002138","142303-808","Across from 93 Trout Lake Drive","Sanger","93657",222,"002138","142303-808","Across from 93 Trout Lake Drive","Sanger","93657",222,"","","","","","","",-119.465639,36.736111,2,"","KR- Collected by CR","Carbon dioxide baited trap","","2025-04-29T07:00:00.000Z",18,1,1,false,"Fixed; Wildwood, W side of Lake","Aedes aegypti","2025-05-01T15:45:41.259Z",1032,0,1,0
"CNSL",304,3411105,"002138","142303-808","Across from 93 Trout Lake Drive","Sanger","93657",222,"002138","142303-808","Across from 93 Trout Lake Drive","Sanger","93657",222,"","","","","","","",-119.465639,36.736111,2,"","KR- Collected by CR","Carbon dioxide baited trap","","2025-04-29T07:00:00.000Z",18,1,1,false,"Fixed; Wildwood, W side of Lake","Anopheles punctipennis","2025-05-01T15:45:41.259Z",1032,0,1,0
"CNSL",304,3411105,"002138","142303-808","Across from 93 Trout Lake Drive","Sanger","93657",222,"002138","142303-808","Across from 93 Trout Lake Drive","Sanger","93657",222,"","","","","","","",-119.465639,36.736111,2,"","KR- Collected by CR","Carbon dioxide baited trap","","2025-04-29T07:00:00.000Z",18,1,1,false,"Fixed; Wildwood, W side of Lake","Anopheles freeborni","2025-05-01T15:45:41.259Z",1032,0,1,0
"CNSL",305,3411106,"","","","","","","","","","","","","","","","","","","",,,"","","KR- Collected by CR","Carbon dioxide baited trap","","2025-04-29T07:00:00.000Z",18,1,1,false,"Fixed; Annadale curve on S side, pistachio","Culex tarsalis","2025-05-01T15:46:56.500Z",1032,0,1,0
"CNSL",305,3411106,"","","","","","","","","","","","","","","","","","","",,,"","","KR- Collected by CR","Carbon dioxide baited trap","","2025-04-29T07:00:00.000Z",18,1,1,false,"Fixed; Annadale curve on S side, pistachio","Anopheles freeborni","2025-05-01T15:46:56.500Z",1032,0,1,0
"CNSL",306,3411107,"","","","","","","","","","","","","","","","","","","",,,"","","KR- Collected by CR","Carbon dioxide baited trap","","2025-04-29T07:00:00.000Z",18,1,1,false,"Fixed; E of North and Newmark, orange orchard","Culex tarsalis","2025-05-01T15:48:29.706Z",1032,0,1,0
"CNSL",306,3411107,"","","","","","","","","","","","","","","","","","","",,,"","","KR- Collected by CR","Carbon dioxide baited trap","","2025-04-29T07:00:00.000Z",18,1,1,false,"Fixed; E of North and Newmark, orange orchard","Culex stigmatosoma","2025-05-01T15:48:29.706Z",1032,0,1,0
"CNSL",306,3411107,"","","","","","","","","","","","","","","","","","","",,,"","","KR- Collected by CR","Carbon dioxide baited trap","","2025-04-29T07:00:00.000Z",18,1,1,false,"Fixed; E of North and Newmark, orange orchard","Culex quinquefasciatus","2025-05-01T15:48:29.706Z",1032,0,14,0
"CNSL",307,3411108,"","","","","","","","","","","","","","","","","","","",,,"","","KR- Collected by CR","Carbon dioxide baited trap","","2025-04-29T07:00:00.000Z",18,1,1,false,"Fixed; SW corner of Annadale and Channel, slough on W side of road","Anopheles freeborni","2025-05-01T15:49:55.756Z",1032,0,4,0
"CNSL",308,3411109,"","","","","","","","","","","","","","","","","","","",,,"","","KR- Collected by CR","Carbon dioxide baited trap","","2025-04-29T07:00:00.000Z",18,1,1,false,"Fixed; Annadale & MacDonough, citrus orchard, E of Byrd Slough","Anopheles freeborni","2025-05-01T15:51:16.847Z",1032,0,2,0
"CNSL",308,3411109,"","","","","","","","","","","","","","","","","","","",,,"","","KR- Collected by CR","Carbon dioxide baited trap","","2025-04-29T07:00:00.000Z",18,1,1,false,"Fixed; Annadale & MacDonough, citrus orchard, E of Byrd Slough","Culex stigmatosoma","2025-05-01T15:51:16.847Z",1032,0,1,0
"CNSL",308,3411109,"","","","","","","","","","","","","","","","","","","",,,"","","KR- Collected by CR","Carbon dioxide baited trap","","2025-04-29T07:00:00.000Z",18,1,1,false,"Fixed; Annadale & MacDonough, citrus orchard, E of Byrd Slough","Aedes sierrensis","2025-05-01T15:51:16.847Z",1032,0,1,0
"CNSL",308,3411109,"","","","","","","","","","","","","","","","","","","",,,"","","KR- Collected by CR","Carbon dioxide baited trap","","2025-04-29T07:00:00.000Z",18,1,1,false,"Fixed; Annadale & MacDonough, citrus orchard, E of Byrd Slough","Aedes vexans","2025-05-01T15:51:16.847Z",1032,0,1,0
"CNSL",309,3411110,"003051","142302-805","Frankwood and Belmont Avenue","Sanger","93657",222,"003051","142302-805","Frankwood and Belmont Avenue","Sanger","93657",222,"","","","","","","",-119.446139,36.743444,2,"","KR- Collected by CR","Carbon dioxide baited trap","","2025-04-29T07:00:00.000Z",18,1,1,false,"Fixed; Frankwood Ave NE of Sherwood Golf Club by mobile home park","Aedes sierrensis","2025-05-01T15:52:36.003Z",1032,1,0,0
"CNSL",309,3411110,"003051","142302-805","Frankwood and Belmont Avenue","Sanger","93657",222,"003051","142302-805","Frankwood and Belmont Avenue","Sanger","93657",222,"","","","","","","",-119.446139,36.743444,2,"","KR- Collected by CR","Carbon dioxide baited trap","","2025-04-29T07:00:00.000Z",18,1,1,false,"Fixed; Frankwood Ave NE of Sherwood Golf Club by mobile home park","Anopheles freeborni","2025-05-01T15:52:36.003Z",1032,0,1,0
"CNSL",309,3411110,"003051","142302-805","Frankwood and Belmont Avenue","Sanger","93657",222,"003051","142302-805","Frankwood and Belmont Avenue","Sanger","93657",222,"","","","","","","",-119.446139,36.743444,2,"","KR- Collected by CR","Carbon dioxide baited trap","","2025-04-29T07:00:00.000Z",18,1,1,false,"Fixed; Frankwood Ave NE of Sherwood Golf Club by mobile home park","Anopheles punctipennis","2025-05-01T15:52:36.003Z",1032,0,1,0