agency_code,agency_collection_num,collection_id,code,name,street,city,zip,region,site_code,site_name,site_street,site_city,site_zip,site_region,calculated_neighborhood,calculated_neighborhood_distance,calculated_city,calculated_city_distance,calculated_subcounty,calculated_county,calculated_state,longitude,latitude,coordinate_precision,group,identified_by,trap_type,lure,collection_date,disease_week,num_trap,trap_nights,trap_problem,comments,species,add_date,add_user,males,females - mixed,females - gravid
CNSL,1,3367352,9007,132111-903,3284 Keats,Clovis,93611,"Fresno County (California, USA)",9007,132111-903,3284 Keats,Clovis,93611,"Fresno County (California, USA)",,,Clovis,0,Fresno,Fresno,California,-119.648698,36.810462,Approximate,,JB,GRVD,Infusion (fresh grass or other freshly picked organic material),2025-01-30,5,1,1,N,Random; Shaw Ave and DeWolf Ave,Culex quinquefasciatus,01/30/25 11:14 AM,,,,2
CNSL,2,3367354,9007,132111-903,3284 Keats,Clovis,93611,"Fresno County (California, USA)",9007,132111-903,3284 Keats,Clovis,93611,"Fresno County (California, USA)",,,Clovis,0,Fresno,Fresno,California,-119.648698,36.810462,Approximate,,JB,BGSENT,"BG-Lure, CO2 (dry ice)",2025-01-30,5,1,1,N,Random; Shaw Ave and DeWolf Ave,,01/30/25 11:15 AM,,,,
CNSL,3,3378155,9246,112115-806,19733 Desert Willow Ln,Friant,93626,"Fresno County (California, USA)",9246,112115-806,19733 Desert Willow Ln,Friant,93626,"Fresno County (California, USA)",,,Clovis,3809.601183,Sierra,Fresno,California,-119.668576,36.978425,Exact,,JB,GRVD,Infusion (fresh grass or other freshly picked organic material),2025-02-25,9,1,1,N,SR14; 19733 Desert Willow Ln,Culiseta incidens,02/25/25 11:32 AM,,,,2
CNSL,4,3378156,2283,142215-812,2249 Meierwood,Sanger,93657,"Fresno County (California, USA)",2283,142215-812,2249 Meierwood,Sanger,93657,"Fresno County (California, USA)",,,Sanger,0,Sanger,Fresno,California,-119.568469,36.715964,Approximate,,JB,GRVD,Infusion (fresh grass or other freshly picked organic material),2025-02-25,9,1,1,N,SR15; 2239 Meierwood Ave,Culex quinquefasciatus,02/25/25 11:34 AM,,,,3
CNSL,5,3378157,9246,112115-806,19733 Desert Willow Ln,Friant,93626,"Fresno County (California, USA)",9246,112115-806,19733 Desert Willow Ln,Friant,93626,"Fresno County (California, USA)",,,Clovis,3809.601183,Sierra,Fresno,California,-119.668576,36.978425,Exact,,JB,BGSENT,"BG-Lure, CO2 (dry ice)",2025-02-25,9,1,1,N,SR14; 19733 Desert Willow Ln,,02/25/25 11:36 AM,,,,
CNSL,6,3378158,2283,142215-812,2249 Meierwood,Sanger,93657,"Fresno County (California, USA)",2283,142215-812,2249 Meierwood,Sanger,93657,"Fresno County (California, USA)",,,Sanger,0,Sanger,Fresno,California,-119.568469,36.715964,Approximate,,JB,BGSENT,"BG-Lure, CO2 (dry ice)",2025-02-25,9,1,1,N,SR15; 2239 Meierwood Ave,,02/25/25 11:37 AM,,,,
CNSL,7,3396962,1210,132011-801,1620 Bulldog Lane; CSUF,Fresno,93740,"Fresno County (California, USA)",1210,132011-801,1620 Bulldog Lane; CSUF,Fresno,93740,"Fresno County (California, USA)",,,Fresno,0,Fresno,Fresno,California,-119.758989,36.812867,Approximate,,KR - collected by CR,GRVD,Infusion (fresh grass or other freshly picked organic material),2025-04-10,15,1,1,N,"CSUF Stadium Ponding Basin, West of site near water",Culex quinquefasciatus,04/10/25 02:59 PM,,,,5
CNSL,7,3396962,1210,132011-801,1620 Bulldog Lane; CSUF,Fresno,93740,"Fresno County (California, USA)",1210,132011-801,1620 Bulldog Lane; CSUF,Fresno,93740,"Fresno County (California, USA)",,,Fresno,0,Fresno,Fresno,California,-119.758989,36.812867,Approximate,,KR - collected by CR,GRVD,Infusion (fresh grass or other freshly picked organic material),2025-04-10,15,1,1,N,"CSUF Stadium Ponding Basin, West of site near water",Culex stigmatosoma,04/10/25 02:59 PM,,1,,
CNSL,7,3396962,1210,132011-801,1620 Bulldog Lane; CSUF,Fresno,93740,"Fresno County (California, USA)",1210,132011-801,1620 Bulldog Lane; CSUF,Fresno,93740,"Fresno County (California, USA)",,,Fresno,0,Fresno,Fresno,California,-119.758989,36.812867,Approximate,,KR - collected by CR,GRVD,Infusion (fresh grass or other freshly picked organic material),2025-04-10,15,1,1,N,"CSUF Stadium Ponding Basin, West of site near water",Culex tarsalis,04/10/25 02:59 PM,,,,2
CNSL,8,3396963,1210,132011-801,1620 Bulldog Lane; CSUF,Fresno,93740,"Fresno County (California, USA)",1210,132011-801,1620 Bulldog Lane; CSUF,Fresno,93740,"Fresno County (California, USA)",,,Fresno,0,Fresno,Fresno,California,-119.758989,36.812867,Approximate,,KR - collected by CR,BGSENT,"BG-Lure, CO2 (dry ice)",2025-04-10,15,1,1,N,"CSUF Stadium Ponding Basin, West of site near water",Culex quinquefasciatus,04/10/25 03:00 PM,,,2,
CNSL,8,3396963,1210,132011-801,1620 Bulldog Lane; CSUF,Fresno,93740,"Fresno County (California, USA)",1210,132011-801,1620 Bulldog Lane; CSUF,Fresno,93740,"Fresno County (California, USA)",,,Fresno,0,Fresno,Fresno,California,-119.758989,36.812867,Approximate,,KR - collected by CR,BGSENT,"BG-Lure, CO2 (dry ice)",2025-04-10,15,1,1,N,"CSUF Stadium Ponding Basin, West of site near water",Culex tarsalis,04/10/25 03:00 PM,,,2,
CNSL,9,3396968,1041,132001-801,South/East Corner of Bullard and Cedar; CSUF,Fresno,93710,"Fresno County (California, USA)",1041,132001-801,South/East Corner of Bullard and Cedar; CSUF,Fresno,93710,"Fresno County (California, USA)",,,Fresno,0,Fresno,Fresno,California,-119.749722,36.826667,Exact,,KR - collected by CR,CO2,CO2 (dry ice),2025-04-10,15,1,1,N,"CSUF, Pistachio orch",Culex quinquefasciatus,04/10/25 03:03 PM,,,1,
CNSL,9,3396968,1041,132001-801,South/East Corner of Bullard and Cedar; CSUF,Fresno,93710,"Fresno County (California, USA)",1041,132001-801,South/East Corner of Bullard and Cedar; CSUF,Fresno,93710,"Fresno County (California, USA)",,,Fresno,0,Fresno,Fresno,California,-119.749722,36.826667,Exact,,KR - collected by CR,CO2,CO2 (dry ice),2025-04-10,15,1,1,N,"CSUF, Pistachio orch",Culex tarsalis,04/10/25 03:03 PM,,,6,
CNSL,10,3396971,1041,132001-801,South/East Corner of Bullard and Cedar; CSUF,Fresno,93710,"Fresno County (California, USA)",1041,132001-801,South/East Corner of Bullard and Cedar; CSUF,Fresno,93710,"Fresno County (California, USA)",,,Fresno,0,Fresno,Fresno,California,-119.749722,36.826667,Exact,,KR - collected by CR,GRVD,Infusion (fresh grass or other freshly picked organic material),2025-04-10,15,1,1,N,"CSUF, Pistachio orch",Culex quinquefasciatus,04/10/25 03:04 PM,,1,,2
CNSL,10,3396971,1041,132001-801,South/East Corner of Bullard and Cedar; CSUF,Fresno,93710,"Fresno County (California, USA)",1041,132001-801,South/East Corner of Bullard and Cedar; CSUF,Fresno,93710,"Fresno County (California, USA)",,,Fresno,0,Fresno,Fresno,California,-119.749722,36.826667,Exact,,KR - collected by CR,GRVD,Infusion (fresh grass or other freshly picked organic material),2025-04-10,15,1,1,N,"CSUF, Pistachio orch",Culex tarsalis,04/10/25 03:04 PM,,1,,3
CNSL,10,3396971,1041,132001-801,South/East Corner of Bullard and Cedar; CSUF,Fresno,93710,"Fresno County (California, USA)",1041,132001-801,South/East Corner of Bullard and Cedar; CSUF,Fresno,93710,"Fresno County (California, USA)",,,Fresno,0,Fresno,Fresno,California,-119.749722,36.826667,Exact,,KR - collected by CR,GRVD,Infusion (fresh grass or other freshly picked organic material),2025-04-10,15,1,1,N,"CSUF, Pistachio orch",Culicoides,04/10/25 03:04 PM,,,,6
CNSL,11,3396974,1062,132012-801,North/West of Shaw and Woodrow; CSUF,Fresno,93740,"Fresno County (California, USA)",1062,132012-801,North/West of Shaw and Woodrow; CSUF,Fresno,93740,"Fresno County (California, USA)",,,Fresno,0,Fresno,Fresno,California,-119.742726,36.810553,Exact,,KR - collected by CR,GRVD,Infusion (fresh grass or other freshly picked organic material),2025-04-10,15,1,1,N,Fixed; CSUF Allergy Free Garden,Culex tarsalis,04/10/25 03:06 PM,,,,2
CNSL,11,3396974,1062,132012-801,North/West of Shaw and Woodrow; CSUF,Fresno,93740,"Fresno County (California, USA)",1062,132012-801,North/West of Shaw and Woodrow; CSUF,Fresno,93740,"Fresno County (California, USA)",,,Fresno,0,Fresno,Fresno,California,-119.742726,36.810553,Exact,,KR - collected by CR,GRVD,Infusion (fresh grass or other freshly picked organic material),2025-04-10,15,1,1,N,Fixed; CSUF Allergy Free Garden,Culex quinquefasciatus,04/10/25 03:06 PM,,,,20
CNSL,12,3396978,1062,132012-801,North/West of Shaw and Woodrow; CSUF,Fresno,93740,"Fresno County (California, USA)",1062,132012-801,North/West of Shaw and Woodrow; CSUF,Fresno,93740,"Fresno County (California, USA)",,,Fresno,0,Fresno,Fresno,California,-119.742726,36.810553,Exact,,KR - collected by CR,BGSENT,"BG-Lure, CO2 (dry ice)",2025-04-10,15,1,1,N,Fixed; CSUF Allergy Free Garden; 3,Culex tarsalis,04/10/25 03:07 PM,,,23,
CNSL,12,3396978,1062,132012-801,North/West of Shaw and Woodrow; CSUF,Fresno,93740,"Fresno County (California, USA)",1062,132012-801,North/West of Shaw and Woodrow; CSUF,Fresno,93740,"Fresno County (California, USA)",,,Fresno,0,Fresno,Fresno,California,-119.742726,36.810553,Exact,,KR - collected by CR,BGSENT,"BG-Lure, CO2 (dry ice)",2025-04-10,15,1,1,N,Fixed; CSUF Allergy Free Garden; 3,Culex quinquefasciatus,04/10/25 03:07 PM,,,17,
CNSL,13,3396979,1068,132107-803,South/East of Chestnut and Bullard; CSUF,Fresno,93710,"Fresno County (California, USA)",1068,132107-803,South/East of Chestnut and Bullard; CSUF,Fresno,93710,"Fresno County (California, USA)",,,Fresno,0,Fresno,Fresno,California,-119.733492,36.819506,Exact,,KR - collected by CR,CO2,"BG-Lure, CO2 (dry ice)",2025-04-10,15,1,1,N,Fixed; CSUF Oranges,Culex tarsalis,04/10/25 03:08 PM,,,2,
CNSL,13,3396979,1068,132107-803,South/East of Chestnut and Bullard; CSUF,Fresno,93710,"Fresno County (California, USA)",1068,132107-803,South/East of Chestnut and Bullard; CSUF,Fresno,93710,"Fresno County (California, USA)",,,Fresno,0,Fresno,Fresno,California,-119.733492,36.819506,Exact,,KR - collected by CR,CO2,"BG-Lure, CO2 (dry ice)",2025-04-10,15,1,1,N,Fixed; CSUF Oranges,Culex quinquefasciatus,04/10/25 03:08 PM,,,1,
CNSL,14,3396981,1068,132107-803,South/East of Chestnut and Bullard; CSUF,Fresno,93710,"Fresno County (California, USA)",1068,132107-803,South/East of Chestnut and Bullard; CSUF,Fresno,93710,"Fresno County (California, USA)",,,Fresno,0,Fresno,Fresno,California,-119.733492,36.819506,Exact,,KR - collected by CR,GRVD,Infusion (fresh grass or other freshly picked organic material),2025-04-10,15,1,1,N,Fixed; CSUF Oranges; 4,Culex quinquefasciatus,04/10/25 03:09 PM,,1,,41
CNSL,14,3396981,1068,132107-803,South/East of Chestnut and Bullard; CSUF,Fresno,93710,"Fresno County (California, USA)",1068,132107-803,South/East of Chestnut and Bullard; CSUF,Fresno,93710,"Fresno County (California, USA)",,,Fresno,0,Fresno,Fresno,California,-119.733492,36.819506,Exact,,KR - collected by CR,GRVD,Infusion (fresh grass or other freshly picked organic material),2025-04-10,15,1,1,N,Fixed; CSUF Oranges; 4,Culex tarsalis,04/10/25 03:09 PM,,,,1
CNSL,15,3396983,1242,132012-811,5241 Maple; CSUF,Fresno,93740,"Fresno County (California, USA)",1242,132012-811,5241 Maple; CSUF,Fresno,93740,"Fresno County (California, USA)",,,Fresno,0,Fresno,Fresno,California,-119.741886,36.814342,Exact,,KR - collected by CR,GRVD,Infusion (fresh grass or other freshly picked organic material),2025-04-10,15,1,1,N,CSUF; Crim Bldg,Culex quinquefasciatus,04/10/25 03:10 PM,,,,2
CNSL,15,3396983,1242,132012-811,5241 Maple; CSUF,Fresno,93740,"Fresno County (California, USA)",1242,132012-811,5241 Maple; CSUF,Fresno,93740,"Fresno County (California, USA)",,,Fresno,0,Fresno,Fresno,California,-119.741886,36.814342,Exact,,KR - collected by CR,GRVD,Infusion (fresh grass or other freshly picked organic material),2025-04-10,15,1,1,N,CSUF; Crim Bldg,Culex stigmatosoma,04/10/25 03:10 PM,,,,1
CNSL,16,3396984,1242,132012-811,5241 Maple; CSUF,Fresno,93740,"Fresno County (California, USA)",1242,132012-811,5241 Maple; CSUF,Fresno,93740,"Fresno County (California, USA)",,,Fresno,0,Fresno,Fresno,California,-119.741886,36.814342,Exact,,KR - collected by CR,BGSENT,"BG-Lure, CO2 (dry ice)",2025-04-10,15,1,1,N,CSUF; Crim Bldg,Culex quinquefasciatus,04/10/25 03:11 PM,,,10,
CNSL,16,3396984,1242,132012-811,5241 Maple; CSUF,Fresno,93740,"Fresno County (California, USA)",1242,132012-811,5241 Maple; CSUF,Fresno,93740,"Fresno County (California, USA)",,,Fresno,0,Fresno,Fresno,California,-119.741886,36.814342,Exact,,KR - collected by CR,BGSENT,"BG-Lure, CO2 (dry ice)",2025-04-10,15,1,1,N,CSUF; Crim Bldg,Culex tarsalis,04/10/25 03:11 PM,,,4,
CNSL,17,3396985,9128,122134-806,1052 N Filbert Ave,Clovis,93611,"Fresno County (California, USA)",9128,122134-806,1052 N Filbert Ave,Clovis,93611,"Fresno County (California, USA)",,,Clovis,0,Fresno,Fresno,California,-119.674276,36.848964,Approximate,,KR - collected by CR,BGSENT,"BG-Lure, CO2 (dry ice)",2025-04-10,15,1,1,Y,SR45; 2357 Goshen Ave; Fan off,,04/10/25 03:16 PM,,,,
CNSL,18,3396986,9128,122134-806,1052 N Filbert Ave,Clovis,93611,"Fresno County (California, USA)",9128,122134-806,1052 N Filbert Ave,Clovis,93611,"Fresno County (California, USA)",,,Clovis,0,Fresno,Fresno,California,-119.674276,36.848964,Approximate,,KR - collected by CR,GRVD,Infusion (fresh grass or other freshly picked organic material),2025-04-10,15,1,1,N,SR45; 2357 Goshen Ave; 1,Culex quinquefasciatus,04/10/25 03:17 PM,,1,,43
CNSL,18,3396986,9128,122134-806,1052 N Filbert Ave,Clovis,93611,"Fresno County (California, USA)",9128,122134-806,1052 N Filbert Ave,Clovis,93611,"Fresno County (California, USA)",,,Clovis,0,Fresno,Fresno,California,-119.674276,36.848964,Approximate,,KR - collected by CR,GRVD,Infusion (fresh grass or other freshly picked organic material),2025-04-10,15,1,1,N,SR45; 2357 Goshen Ave; 1,Culex stigmatosoma,04/10/25 03:17 PM,,,,8
CNSL,19,3396987,7,132012-815,2650 E Shaw Ave,Fresno,93710,"Fresno County (California, USA)",7,132012-815,2650 E Shaw Ave,Fresno,93710,"Fresno County (California, USA)",,,Fresno,0,Fresno,Fresno,California,-119.737857,36.812677,Approximate,,KR - collected by CR,GRVD,Infusion (fresh grass or other freshly picked organic material),2025-04-10,15,1,1,N,CSUF; Ponding Basin Site B; 2,Culex quinquefasciatus,04/10/25 03:18 PM,,,,24
CNSL,19,3396987,7,132012-815,2650 E Shaw Ave,Fresno,93710,"Fresno County (California, USA)",7,132012-815,2650 E Shaw Ave,Fresno,93710,"Fresno County (California, USA)",,,Fresno,0,Fresno,Fresno,California,-119.737857,36.812677,Approximate,,KR - collected by CR,GRVD,Infusion (fresh grass or other freshly picked organic material),2025-04-10,15,1,1,N,CSUF; Ponding Basin Site B; 2,Culex tarsalis,04/10/25 03:18 PM,,,,1
CNSL,20,3396988,7,132012-815,2650 E Shaw Ave,Fresno,93710,"Fresno County (California, USA)",7,132012-815,2650 E Shaw Ave,Fresno,93710,"Fresno County (California, USA)",,,Fresno,0,Fresno,Fresno,California,-119.737857,36.812677,Approximate,,KR - collected by CR,BGSENT,"BG-Lure, CO2 (dry ice)",2025-04-10,15,1,1,N,CSUF; Ponding Basin Site B,Culex quinquefasciatus,04/10/25 03:20 PM,,,49,
CNSL,20,3396988,7,132012-815,2650 E Shaw Ave,Fresno,93710,"Fresno County (California, USA)",7,132012-815,2650 E Shaw Ave,Fresno,93710,"Fresno County (California, USA)",,,Fresno,0,Fresno,Fresno,California,-119.737857,36.812677,Approximate,,KR - collected by CR,BGSENT,"BG-Lure, CO2 (dry ice)",2025-04-10,15,1,1,N,CSUF; Ponding Basin Site B,Culex tarsalis,04/10/25 03:20 PM,,,18,
CNSL,20,3396988,7,132012-815,2650 E Shaw Ave,Fresno,93710,"Fresno County (California, USA)",7,132012-815,2650 E Shaw Ave,Fresno,93710,"Fresno County (California, USA)",,,Fresno,0,Fresno,Fresno,California,-119.737857,36.812677,Approximate,,KR - collected by CR,BGSENT,"BG-Lure, CO2 (dry ice)",2025-04-10,15,1,1,N,CSUF; Ponding Basin Site B,Culex erythrothorax,04/10/25 03:20 PM,,4,439,
CNSL,21,3396989,7,132012-815,2650 E Shaw Ave,Fresno,93710,"Fresno County (California, USA)",7,132012-815,2650 E Shaw Ave,Fresno,93710,"Fresno County (California, USA)",,,Fresno,0,Fresno,Fresno,California,-119.737857,36.812677,Approximate,,KR - collected by CR,BGSENT,"BG-Lure, CO2 (dry ice)",2025-04-10,15,1,1,N,CSUF; Ponding Basin Site A,Culex tarsalis,04/10/25 03:21 PM,,,5,
CNSL,21,3396989,7,132012-815,2650 E Shaw Ave,Fresno,93710,"Fresno County (California, USA)",7,132012-815,2650 E Shaw Ave,Fresno,93710,"Fresno County (California, USA)",,,Fresno,0,Fresno,Fresno,California,-119.737857,36.812677,Approximate,,KR - collected by CR,BGSENT,"BG-Lure, CO2 (dry ice)",2025-04-10,15,1,1,N,CSUF; Ponding Basin Site A,Culex quinquefasciatus,04/10/25 03:21 PM,,,4,
CNSL,21,3396989,7,132012-815,2650 E Shaw Ave,Fresno,93710,"Fresno County (California, USA)",7,132012-815,2650 E Shaw Ave,Fresno,93710,"Fresno County (California, USA)",,,Fresno,0,Fresno,Fresno,California,-119.737857,36.812677,Approximate,,KR - collected by CR,BGSENT,"BG-Lure, CO2 (dry ice)",2025-04-10,15,1,1,N,CSUF; Ponding Basin Site A,Culex stigmatosoma,04/10/25 03:21 PM,,,1,
CNSL,22,3396990,7,132012-815,2650 E Shaw Ave,Fresno,93710,"Fresno County (California, USA)",7,132012-815,2650 E Shaw Ave,Fresno,93710,"Fresno County (California, USA)",,,Fresno,0,Fresno,Fresno,California,-119.737857,36.812677,Approximate,,KR - collected by CR,GRVD,Infusion (fresh grass or other freshly picked organic material),2025-04-10,15,1,1,N,CSUF; Ponding Basin Site A; 2,Culex quinquefasciatus,04/10/25 03:22 PM,,2,,20
CNSL,22,3396990,7,132012-815,2650 E Shaw Ave,Fresno,93710,"Fresno County (California, USA)",7,132012-815,2650 E Shaw Ave,Fresno,93710,"Fresno County (California, USA)",,,Fresno,0,Fresno,Fresno,California,-119.737857,36.812677,Approximate,,KR - collected by CR,GRVD,Infusion (fresh grass or other freshly picked organic material),2025-04-10,15,1,1,N,CSUF; Ponding Basin Site A; 2,Culex stigmatosoma,04/10/25 03:22 PM,,,,2
CNSL,22,3396990,7,132012-815,2650 E Shaw Ave,Fresno,93710,"Fresno County (California, USA)",7,132012-815,2650 E Shaw Ave,Fresno,93710,"Fresno County (California, USA)",,,Fresno,0,Fresno,Fresno,California,-119.737857,36.812677,Approximate,,KR - collected by CR,GRVD,Infusion (fresh grass or other freshly picked organic material),2025-04-10,15,1,1,N,CSUF; Ponding Basin Site A; 2,Culiseta inornata,04/10/25 03:22 PM,,,,1
CNSL,23,3397380,9222,132114-923,2742 Swift Ave,Clovis,93611,"Fresno County (California, USA)",9222,132114-923,2742 Swift Ave,Clovis,93611,"Fresno County (California, USA)",,,Clovis,0,Fresno,Fresno,California,-119.660796,36.795933,Exact,,KR - collected by CR,GRVD,Infusion (fresh grass or other freshly picked organic material),2025-04-11,15,1,1,N,Fixed; 2742 Swift,Culex quinquefasciatus,04/11/25 02:00 PM,,,,1
CNSL,23,3397380,9222,132114-923,2742 Swift Ave,Clovis,93611,"Fresno County (California, USA)",9222,132114-923,2742 Swift Ave,Clovis,93611,"Fresno County (California, USA)",,,Clovis,0,Fresno,Fresno,California,-119.660796,36.795933,Exact,,KR - collected by CR,GRVD,Infusion (fresh grass or other freshly picked organic material),2025-04-11,15,1,1,N,Fixed; 2742 Swift,Aedes aegypti,04/11/25 02:00 PM,,,,1
CNSL,24,3397382,9222,132114-923,2742 Swift Ave,Clovis,93611,"Fresno County (California, USA)",9222,132114-923,2742 Swift Ave,Clovis,93611,"Fresno County (California, USA)",,,Clovis,0,Fresno,Fresno,California,-119.660796,36.795933,Exact,,KR - collected by CR,BGSENT,"BG-Lure, CO2 (dry ice)",2025-04-11,15,1,1,N,Fixed; 2742 Swift,Culex quinquefasciatus,04/11/25 02:03 PM,,,3,
CNSL,24,3397382,9222,132114-923,2742 Swift Ave,Clovis,93611,"Fresno County (California, USA)",9222,132114-923,2742 Swift Ave,Clovis,93611,"Fresno County (California, USA)",,,Clovis,0,Fresno,Fresno,California,-119.660796,36.795933,Exact,,KR - collected by CR,BGSENT,"BG-Lure, CO2 (dry ice)",2025-04-11,15,1,1,N,Fixed; 2742 Swift,Aedes aegypti,04/11/25 02:03 PM,,,1,
CNSL,25,3397383,9221,132110-956,1141 Jasmine Ave,Clovis,93611,"Fresno County (California, USA)",9221,132110-956,1141 Jasmine Ave,Clovis,93611,"Fresno County (California, USA)",,,Clovis,0,Fresno,Fresno,California,-119.670989,36.817016,Exact,,KR - collected by CR,GRVD,Infusion (fresh grass or other freshly picked organic material),2025-04-11,15,1,1,N,2025 Clovis; 1441 Jasmine,Culex quinquefasciatus,04/11/25 02:04 PM,,,,1
CNSL,26,3397384,9221,132110-956,1141 Jasmine Ave,Clovis,93611,"Fresno County (California, USA)",9221,132110-956,1141 Jasmine Ave,Clovis,93611,"Fresno County (California, USA)",,,Clovis,0,Fresno,Fresno,California,-119.670989,36.817016,Exact,,KR - collected by CR,BGSENT,"BG-Lure, CO2 (dry ice)",2025-04-11,15,1,1,N,2025 Clovis; 1441 Jasmine; 5,Culex quinquefasciatus,04/11/25 02:06 PM,,,21,
CNSL,26,3397384,9221,132110-956,1141 Jasmine Ave,Clovis,93611,"Fresno County (California, USA)",9221,132110-956,1141 Jasmine Ave,Clovis,93611,"Fresno County (California, USA)",,,Clovis,0,Fresno,Fresno,California,-119.670989,36.817016,Exact,,KR - collected by CR,BGSENT,"BG-Lure, CO2 (dry ice)",2025-04-11,15,1,1,N,2025 Clovis; 1441 Jasmine; 5,Culex tarsalis,04/11/25 02:06 PM,,,27,
CNSL,26,3397384,9221,132110-956,1141 Jasmine Ave,Clovis,93611,"Fresno County (California, USA)",9221,132110-956,1141 Jasmine Ave,Clovis,93611,"Fresno County (California, USA)",,,Clovis,0,Fresno,Fresno,California,-119.670989,36.817016,Exact,,KR - collected by CR,BGSENT,"BG-Lure, CO2 (dry ice)",2025-04-11,15,1,1,N,2025 Clovis; 1441 Jasmine; 5,Culex stigmatosoma,04/11/25 02:06 PM,,,4,
CNSL,27,3397385,8214,132122-812,6688 E Lansing Way,Fresno,93727,"Fresno County (California, USA)",8214,132122-812,6688 E Lansing Way,Fresno,93727,"Fresno County (California, USA)",,,Fresno,0,Fresno,Fresno,California,-119.669828,36.787356,Exact,,KR - collected by CR,GRVD,Infusion (fresh grass or other freshly picked organic material),2025-04-11,15,1,1,N,Fixed; 6688 E Lansing Way,Culex quinquefasciatus,04/11/25 02:07 PM,,,,17
CNSL,28,3397386,8214,132122-812,6688 E Lansing Way,Fresno,93727,"Fresno County (California, USA)",8214,132122-812,6688 E Lansing Way,Fresno,93727,"Fresno County (California, USA)",,,Fresno,0,Fresno,Fresno,California,-119.669828,36.787356,Exact,,KR - collected by CR,BGSENT,"BG-Lure, CO2 (dry ice)",2025-04-11,15,1,1,N,Fixed; 6688 E Lansing Way,Culex quinquefasciatus,04/11/25 02:09 PM,,,1,
CNSL,28,3397386,8214,132122-812,6688 E Lansing Way,Fresno,93727,"Fresno County (California, USA)",8214,132122-812,6688 E Lansing Way,Fresno,93727,"Fresno County (California, USA)",,,Fresno,0,Fresno,Fresno,California,-119.669828,36.787356,Exact,,KR - collected by CR,BGSENT,"BG-Lure, CO2 (dry ice)",2025-04-11,15,1,1,N,Fixed; 6688 E Lansing Way,Culex tarsalis,04/11/25 02:09 PM,,,1,
CNSL,29,3397387,8236,132103-819,2578 Menlo Ave,Clovis,93611,"Fresno County (California, USA)",8236,132103-819,2578 Menlo Ave,Clovis,93611,"Fresno County (California, USA)",,,Clovis,0,Fresno,Fresno,California,-119.664538,36.830742,Exact,,KR - collected by CR,BGSENT,"BG-Lure, CO2 (dry ice)",2025-04-11,15,1,1,N,Fixed; 2578 Menlo,Culex quinquefasciatus,04/11/25 02:10 PM,,,7,
CNSL,29,3397387,8236,132103-819,2578 Menlo Ave,Clovis,93611,"Fresno County (California, USA)",8236,132103-819,2578 Menlo Ave,Clovis,93611,"Fresno County (California, USA)",,,Clovis,0,Fresno,Fresno,California,-119.664538,36.830742,Exact,,KR - collected by CR,BGSENT,"BG-Lure, CO2 (dry ice)",2025-04-11,15,1,1,N,Fixed; 2578 Menlo,Culex tarsalis,04/11/25 02:10 PM,,,19,
CNSL,30,3397388,8236,132103-819,2578 Menlo Ave,Clovis,93611,"Fresno County (California, USA)",8236,132103-819,2578 Menlo Ave,Clovis,93611,"Fresno County (California, USA)",,,Clovis,0,Fresno,Fresno,California,-119.664538,36.830742,Exact,,KR - collected by CR,GRVD,Infusion (fresh grass or other freshly picked organic material),2025-04-11,15,1,1,N,Fixed; 2578 Menlo,Culex quinquefasciatus,04/11/25 02:11 PM,,4,,27
CNSL,30,3397388,8236,132103-819,2578 Menlo Ave,Clovis,93611,"Fresno County (California, USA)",8236,132103-819,2578 Menlo Ave,Clovis,93611,"Fresno County (California, USA)",,,Clovis,0,Fresno,Fresno,California,-119.664538,36.830742,Exact,,KR - collected by CR,GRVD,Infusion (fresh grass or other freshly picked organic material),2025-04-11,15,1,1,N,Fixed; 2578 Menlo,Culex stigmatosoma,04/11/25 02:11 PM,,,,8
CNSL,31,3397389,8183,132104-809,808 4th St,Clovis,93612,"Fresno County (California, USA)",8183,132104-809,808 4th St,Clovis,93612,"Fresno County (California, USA)",,,Clovis,0,Fresno,Fresno,California,-119.698892,36.825001,Exact,,KR - collected by CR,GRVD,Infusion (fresh grass or other freshly picked organic material),2025-04-11,15,1,1,N,Fixed; Clovis Veterans,Culex stigmatosoma,04/11/25 02:12 PM,,,,3
CNSL,31,3397389,8183,132104-809,808 4th St,Clovis,93612,"Fresno County (California, USA)",8183,132104-809,808 4th St,Clovis,93612,"Fresno County (California, USA)",,,Clovis,0,Fresno,Fresno,California,-119.698892,36.825001,Exact,,KR - collected by CR,GRVD,Infusion (fresh grass or other freshly picked organic material),2025-04-11,15,1,1,N,Fixed; Clovis Veterans,Culex quinquefasciatus,04/11/25 02:12 PM,,2,,13
CNSL,32,3397390,8183,132104-809,808 4th St,Clovis,93612,"Fresno County (California, USA)",8183,132104-809,808 4th St,Clovis,93612,"Fresno County (California, USA)",,,Clovis,0,Fresno,Fresno,California,-119.698892,36.825001,Exact,,KR - collected by CR,BGSENT,"BG-Lure, CO2 (dry ice)",2025-04-11,15,1,1,N,Fixed; Clovis Veterans,Culex quinquefasciatus,04/11/25 02:12 PM,,,1,
CNSL,33,3397391,8165,122129-817,174 Serena Ave,Clovis,93619,"Fresno County (California, USA)",8165,122129-817,174 Serena Ave,Clovis,93619,"Fresno County (California, USA)",,,Clovis,0,Fresno,Fresno,California,-119.709256,36.865876,Exact,,KR - collected by CR,GRVD,Infusion (fresh grass or other freshly picked organic material),2025-04-11,15,1,1,N,Fixed; 174 Serena,Culex stigmatosoma,04/11/25 02:13 PM,,1,,
CNSL,33,3397391,8165,122129-817,174 Serena Ave,Clovis,93619,"Fresno County (California, USA)",8165,122129-817,174 Serena Ave,Clovis,93619,"Fresno County (California, USA)",,,Clovis,0,Fresno,Fresno,California,-119.709256,36.865876,Exact,,KR - collected by CR,GRVD,Infusion (fresh grass or other freshly picked organic material),2025-04-11,15,1,1,N,Fixed; 174 Serena,Anopheles freeborni,04/11/25 02:13 PM,,1,,
CNSL,34,3397393,8165,122129-817,174 Serena Ave,Clovis,93619,"Fresno County (California, USA)",8165,122129-817,174 Serena Ave,Clovis,93619,"Fresno County (California, USA)",,,Clovis,0,Fresno,Fresno,California,-119.709256,36.865876,Exact,,KR - collected by CR,BGSENT,"BG-Lure, CO2 (dry ice)",2025-04-11,15,1,1,N,Fixed; 174 Serena,Culex quinquefasciatus,04/11/25 02:14 PM,,,1,
CNSL,34,3397393,8165,122129-817,174 Serena Ave,Clovis,93619,"Fresno County (California, USA)",8165,122129-817,174 Serena Ave,Clovis,93619,"Fresno County (California, USA)",,,Clovis,0,Fresno,Fresno,California,-119.709256,36.865876,Exact,,KR - collected by CR,BGSENT,"BG-Lure, CO2 (dry ice)",2025-04-11,15,1,1,N,Fixed; 174 Serena,Culex tarsalis,04/11/25 02:14 PM,,,1,
CNSL,34,3397393,8165,122129-817,174 Serena Ave,Clovis,93619,"Fresno County (California, USA)",8165,122129-817,174 Serena Ave,Clovis,93619,"Fresno County (California, USA)",,,Clovis,0,Fresno,Fresno,California,-119.709256,36.865876,Exact,,KR - collected by CR,BGSENT,"BG-Lure, CO2 (dry ice)",2025-04-11,15,1,1,N,Fixed; 174 Serena,Culex stigmatosoma,04/11/25 02:14 PM,,1,,
CNSL,35,3397394,8238,132112-812,815 El Dorado Ave,Clovis,93619,"Fresno County (California, USA)",8238,132112-812,815 El Dorado Ave,Clovis,93619,"Fresno County (California, USA)",,,Clovis,0,Fresno,Fresno,California,-119.633866,36.820434,Exact,,KR - collected by CR,BGSENT,"BG-Lure, CO2 (dry ice)",2025-04-11,15,1,1,N,Fixed; 815 El Dorado Ave,Culex quinquefasciatus,04/11/25 02:15 PM,,,2,
CNSL,35,3397394,8238,132112-812,815 El Dorado Ave,Clovis,93619,"Fresno County (California, USA)",8238,132112-812,815 El Dorado Ave,Clovis,93619,"Fresno County (California, USA)",,,Clovis,0,Fresno,Fresno,California,-119.633866,36.820434,Exact,,KR - collected by CR,BGSENT,"BG-Lure, CO2 (dry ice)",2025-04-11,15,1,1,N,Fixed; 815 El Dorado Ave,Culex tarsalis,04/11/25 02:15 PM,,,3,
CNSL,35,3397394,8238,132112-812,815 El Dorado Ave,Clovis,93619,"Fresno County (California, USA)",8238,132112-812,815 El Dorado Ave,Clovis,93619,"Fresno County (California, USA)",,,Clovis,0,Fresno,Fresno,California,-119.633866,36.820434,Exact,,KR - collected by CR,BGSENT,"BG-Lure, CO2 (dry ice)",2025-04-11,15,1,1,N,Fixed; 815 El Dorado Ave,Culex stigmatosoma,04/11/25 02:15 PM,,,1,
CNSL,36,3397395,8238,132112-812,815 El Dorado Ave,Clovis,93619,"Fresno County (California, USA)",8238,132112-812,815 El Dorado Ave,Clovis,93619,"Fresno County (California, USA)",,,Clovis,0,Fresno,Fresno,California,-119.633866,36.820434,Exact,,KR - collected by CR,GRVD,Infusion (fresh grass or other freshly picked organic material),2025-04-11,15,1,1,N,Fixed; 815 El Dorado Ave,Culex quinquefasciatus,04/11/25 02:16 PM,,,,6
CNSL,36,3397395,8238,132112-812,815 El Dorado Ave,Clovis,93619,"Fresno County (California, USA)",8238,132112-812,815 El Dorado Ave,Clovis,93619,"Fresno County (California, USA)",,,Clovis,0,Fresno,Fresno,California,-119.633866,36.820434,Exact,,KR - collected by CR,GRVD,Infusion (fresh grass or other freshly picked organic material),2025-04-11,15,1,1,N,Fixed; 815 El Dorado Ave,Culex stigmatosoma,04/11/25 02:16 PM,,,,2
CNSL,37,3402556,3567,152224-818,912 Sequoia st,Parlier,93648,"Fresno County (California, USA)",3567,152224-818,912 Sequoia st,Parlier,93648,"Fresno County (California, USA)",,,Parlier,0,Parlier-Del Rey,Fresno,California,-119.523595,36.616355,Exact,,JB- Collected by CR,GRVD,Infusion (fresh grass or other freshly picked organic material),2025-04-15,16,1,1,N,Fixed; 912 Sequoia,Culex quinquefasciatus,04/17/25 08:42 AM,,,,8
CNSL,38,3402558,3568,152224-819,180 Kelly Ave,Parlier,93648,"Fresno County (California, USA)",3568,152224-819,180 Kelly Ave,Parlier,93648,"Fresno County (California, USA)",,,Parlier,0,Parlier-Del Rey,Fresno,California,-119.537993,36.606029,Exact,,JB- Collected by CR,GRVD,Infusion (fresh grass or other freshly picked organic material),2025-04-15,16,1,1,N,Fixed; 180 Kelly,Culex quinquefasciatus,04/17/25 08:43 AM,,3,,20
CNSL,38,3402558,3568,152224-819,180 Kelly Ave,Parlier,93648,"Fresno County (California, USA)",3568,152224-819,180 Kelly Ave,Parlier,93648,"Fresno County (California, USA)",,,Parlier,0,Parlier-Del Rey,Fresno,California,-119.537993,36.606029,Exact,,JB- Collected by CR,GRVD,Infusion (fresh grass or other freshly picked organic material),2025-04-15,16,1,1,N,Fixed; 180 Kelly,Culex stigmatosoma,04/17/25 08:43 AM,,1,,5
CNSL,39,3402559,4362,152232-824,1714 Aspen St,Selma,93662,"Fresno County (California, USA)",4362,152232-824,1714 Aspen St,Selma,93662,"Fresno County (California, USA)",,,Selma,0,Selma,Fresno,California,-119.608372,36.580213,Exact,,JB- Collected by CR,GRVD,Infusion (fresh grass or other freshly picked organic material),2025-04-15,16,1,1,N,Fixed; 1714 Aspen St; 7,Culex quinquefasciatus,04/17/25 08:45 AM,,11,,75
CNSL,39,3402559,4362,152232-824,1714 Aspen St,Selma,93662,"Fresno County (California, USA)",4362,152232-824,1714 Aspen St,Selma,93662,"Fresno County (California, USA)",,,Selma,0,Selma,Fresno,California,-119.608372,36.580213,Exact,,JB- Collected by CR,GRVD,Infusion (fresh grass or other freshly picked organic material),2025-04-15,16,1,1,N,Fixed; 1714 Aspen St; 7,Culex stigmatosoma,04/17/25 08:45 AM,,3,,12
CNSL,39,3402559,4362,152232-824,1714 Aspen St,Selma,93662,"Fresno County (California, USA)",4362,152232-824,1714 Aspen St,Selma,93662,"Fresno County (California, USA)",,,Selma,0,Selma,Fresno,California,-119.608372,36.580213,Exact,,JB- Collected by CR,GRVD,Infusion (fresh grass or other freshly picked organic material),2025-04-15,16,1,1,N,Fixed; 1714 Aspen St; 7,Culex tarsalis,04/17/25 08:45 AM,,1,,
CNSL,40,3402561,4386,152232-825,3701 Olive Ln,Selma,93662,"Fresno County (California, USA)",4386,152232-825,3701 Olive Ln,Selma,93662,"Fresno County (California, USA)",,,Selma,0,Selma,Fresno,California,-119.603789,36.587575,Exact,,JB- Collected by CR,GRVD,Infusion (fresh grass or other freshly picked organic material),2025-04-15,16,1,1,N,Fixed; 3701 Olive Ln; 8,Culex quinquefasciatus,04/17/25 08:48 AM,,4,,120
CNSL,40,3402561,4386,152232-825,3701 Olive Ln,Selma,93662,"Fresno County (California, USA)",4386,152232-825,3701 Olive Ln,Selma,93662,"Fresno County (California, USA)",,,Selma,0,Selma,Fresno,California,-119.603789,36.587575,Exact,,JB- Collected by CR,GRVD,Infusion (fresh grass or other freshly picked organic material),2025-04-15,16,1,1,N,Fixed; 3701 Olive Ln; 8,Culex stigmatosoma,04/17/25 08:48 AM,,,,28
CNSL,40,3402561,4386,152232-825,3701 Olive Ln,Selma,93662,"Fresno County (California, USA)",4386,152232-825,3701 Olive Ln,Selma,93662,"Fresno County (California, USA)",,,Selma,0,Selma,Fresno,California,-119.603789,36.587575,Exact,,JB- Collected by CR,GRVD,Infusion (fresh grass or other freshly picked organic material),2025-04-15,16,1,1,N,Fixed; 3701 Olive Ln; 8,Culex tarsalis,04/17/25 08:48 AM,,,,31
CNSL,40,3402561,4386,152232-825,3701 Olive Ln,Selma,93662,"Fresno County (California, USA)",4386,152232-825,3701 Olive Ln,Selma,93662,"Fresno County (California, USA)",,,Selma,0,Selma,Fresno,California,-119.603789,36.587575,Exact,,JB- Collected by CR,GRVD,Infusion (fresh grass or other freshly picked organic material),2025-04-15,16,1,1,N,Fixed; 3701 Olive Ln; 8,Aedes aegypti,04/17/25 08:48 AM,,3,,2
CNSL,41,3402563,4373,162207-806,orchard across street from 12642 S Thompson Ave,Selma,93662,"Fresno County (California, USA)",4373,162207-806,orchard across street from 12642 S Thompson Ave,Selma,93662,"Fresno County (California, USA)",,,Selma,139.5134389,Selma,Fresno,California,-119.620528,36.552179,Exact,,JB- Collected by CR,GRVD,Infusion (fresh grass or other freshly picked organic material),2025-04-15,16,1,1,N,Fixed; orchard SW of Saginaw and Thompson by canal,Culex quinquefasciatus,04/17/25 08:48 AM,,,,15
CNSL,41,3402563,4373,162207-806,orchard across street from 12642 S Thompson Ave,Selma,93662,"Fresno County (California, USA)",4373,162207-806,orchard across street from 12642 S Thompson Ave,Selma,93662,"Fresno County (California, USA)",,,Selma,139.5134389,Selma,Fresno,California,-119.620528,36.552179,Exact,,JB- Collected by CR,GRVD,Infusion (fresh grass or other freshly picked organic material),2025-04-15,16,1,1,N,Fixed; orchard SW of Saginaw and Thompson by canal,Culex stigmatosoma,04/17/25 08:48 AM,,,,8
CNSL,42,3402564,4064,152233-803,Dinuba and Bethel Avenue,Selma,93662,"Fresno County (California, USA)",4064,152233-803,Dinuba and Bethel Avenue,Selma,93662,"Fresno County (California, USA)",,,Parlier,490.5833116,Selma,Fresno,California,-119.579194,36.590222,Exact,,JB- Collected by CR,GRVD,Infusion (fresh grass or other freshly picked organic material),2025-04-15,16,1,1,N,"Fixed; SW corner of Dinuba and Bethel stonefruit orchard, SE of Indianola Elementary",Culex quinquefasciatus,04/17/25 08:50 AM,,14,,24
CNSL,42,3402564,4064,152233-803,Dinuba and Bethel Avenue,Selma,93662,"Fresno County (California, USA)",4064,152233-803,Dinuba and Bethel Avenue,Selma,93662,"Fresno County (California, USA)",,,Parlier,490.5833116,Selma,Fresno,California,-119.579194,36.590222,Exact,,JB- Collected by CR,GRVD,Infusion (fresh grass or other freshly picked organic material),2025-04-15,16,1,1,N,"Fixed; SW corner of Dinuba and Bethel stonefruit orchard, SE of Indianola Elementary",Culex stigmatosoma,04/17/25 08:50 AM,,,,3
CNSL,43,3402577,3530,152222-804,W of Academy Ave and Young Ave,Parlier,93648,"Fresno County (California, USA)",3530,152222-804,W of Academy Ave and Young Ave,Parlier,93648,"Fresno County (California, USA)",,,Parlier,53.00616578,Parlier-Del Rey,Fresno,California,-119.557353,36.609809,Approximate,,JB- Collected by CR,GRVD,Infusion (fresh grass or other freshly picked organic material),2025-04-15,16,1,1,N,"2025 Central, W of Parlier and Academy orchard",Culex quinquefasciatus,04/17/25 09:22 AM,,4,,56
CNSL,43,3402577,3530,152222-804,W of Academy Ave and Young Ave,Parlier,93648,"Fresno County (California, USA)",3530,152222-804,W of Academy Ave and Young Ave,Parlier,93648,"Fresno County (California, USA)",,,Parlier,53.00616578,Parlier-Del Rey,Fresno,California,-119.557353,36.609809,Approximate,,JB- Collected by CR,GRVD,Infusion (fresh grass or other freshly picked organic material),2025-04-15,16,1,1,N,"2025 Central, W of Parlier and Academy orchard",Culex stigmatosoma,04/17/25 09:22 AM,,2,,18
CNSL,43,3402577,3530,152222-804,W of Academy Ave and Young Ave,Parlier,93648,"Fresno County (California, USA)",3530,152222-804,W of Academy Ave and Young Ave,Parlier,93648,"Fresno County (California, USA)",,,Parlier,53.00616578,Parlier-Del Rey,Fresno,California,-119.557353,36.609809,Approximate,,JB- Collected by CR,GRVD,Infusion (fresh grass or other freshly picked organic material),2025-04-15,16,1,1,N,"2025 Central, W of Parlier and Academy orchard",Culex tarsalis,04/17/25 09:22 AM,,,,3
CNSL,44,3402580,4088,162205-808,,Selma,93662,"Fresno County (California, USA)",4088,162205-808,,Selma,93662,"Fresno County (California, USA)",,,Selma,6.050113445,Selma,Fresno,California,-119.597139,36.565139,Exact,,JB- Collected by CR,GRVD,Infusion (fresh grass or other freshly picked organic material),2025-04-15,16,1,1,N,Fixed; SW of Rorden and Countryview in orchard,Culex quinquefasciatus,04/17/25 09:24 AM,,1,,31
CNSL,44,3402580,4088,162205-808,,Selma,93662,"Fresno County (California, USA)",4088,162205-808,,Selma,93662,"Fresno County (California, USA)",,,Selma,6.050113445,Selma,Fresno,California,-119.597139,36.565139,Exact,,JB- Collected by CR,GRVD,Infusion (fresh grass or other freshly picked organic material),2025-04-15,16,1,1,N,Fixed; SW of Rorden and Countryview in orchard,Culex stigmatosoma,04/17/25 09:24 AM,,,,11
CNSL,45,3402610,4286,152230-807,9449 McCall Ave,Selma,93662,"Fresno County (California, USA)",4286,152230-807,9449 McCall Ave,Selma,93662,"Fresno County (California, USA)",,,Selma,352.4166294,Selma,Fresno,California,-119.615561,36.597238,Exact,,JB- Collected by CR,GRVD,Infusion (fresh grass or other freshly picked organic material),2025-04-15,16,1,1,N,Fixed; orchard NE Thompson and Dinuba,Culex quinquefasciatus,04/17/25 09:39 AM,,1,,41
CNSL,45,3402610,4286,152230-807,9449 McCall Ave,Selma,93662,"Fresno County (California, USA)",4286,152230-807,9449 McCall Ave,Selma,93662,"Fresno County (California, USA)",,,Selma,352.4166294,Selma,Fresno,California,-119.615561,36.597238,Exact,,JB- Collected by CR,GRVD,Infusion (fresh grass or other freshly picked organic material),2025-04-15,16,1,1,N,Fixed; orchard NE Thompson and Dinuba,Culex stigmatosoma,04/17/25 09:39 AM,,,,21
CNSL,46,3402613,4318,152229-804,9791 McCall Ave,Selma,93662,"Fresno County (California, USA)",4318,152229-804,9791 McCall Ave,Selma,93662,"Fresno County (California, USA)",,,Selma,323.2395742,Selma,Fresno,California,-119.610223,36.593607,Exact,,JB- Collected by CR,GRVD,Infusion (fresh grass or other freshly picked organic material),2025-04-15,16,1,1,N,Fixed; orchard NE McCall and Dinuba,Culex quinquefasciatus,04/17/25 09:40 AM,,3,,56
CNSL,46,3402613,4318,152229-804,9791 McCall Ave,Selma,93662,"Fresno County (California, USA)",4318,152229-804,9791 McCall Ave,Selma,93662,"Fresno County (California, USA)",,,Selma,323.2395742,Selma,Fresno,California,-119.610223,36.593607,Exact,,JB- Collected by CR,GRVD,Infusion (fresh grass or other freshly picked organic material),2025-04-15,16,1,1,N,Fixed; orchard NE McCall and Dinuba,Culex stigmatosoma,04/17/25 09:40 AM,,,,6
CNSL,47,3402615,3421,152222-802,8169 S Academy Ave,Parlier,93648,"Fresno County (California, USA)",3421,152222-802,8169 S Academy Ave,Parlier,93648,"Fresno County (California, USA)",,,Parlier,73.49539782,Parlier-Del Rey,Fresno,California,-119.557565,36.617538,Exact,,JB- Collected by CR,GRVD,Infusion (fresh grass or other freshly picked organic material),2025-04-15,16,1,1,N,Fixed; SW Academy and South,Culex quinquefasciatus,04/17/25 09:40 AM,,2,,37
CNSL,47,3402615,3421,152222-802,8169 S Academy Ave,Parlier,93648,"Fresno County (California, USA)",3421,152222-802,8169 S Academy Ave,Parlier,93648,"Fresno County (California, USA)",,,Parlier,73.49539782,Parlier-Del Rey,Fresno,California,-119.557565,36.617538,Exact,,JB- Collected by CR,GRVD,Infusion (fresh grass or other freshly picked organic material),2025-04-15,16,1,1,N,Fixed; SW Academy and South,Culex stigmatosoma,04/17/25 09:40 AM,,1,,3
CNSL,47,3402615,3421,152222-802,8169 S Academy Ave,Parlier,93648,"Fresno County (California, USA)",3421,152222-802,8169 S Academy Ave,Parlier,93648,"Fresno County (California, USA)",,,Parlier,73.49539782,Parlier-Del Rey,Fresno,California,-119.557565,36.617538,Exact,,JB- Collected by CR,GRVD,Infusion (fresh grass or other freshly picked organic material),2025-04-15,16,1,1,N,Fixed; SW Academy and South,Culex tarsalis,04/17/25 09:40 AM,,,,5
CNSL,48,3402617,4227,152231-816,2662 Stephanie St,Selma,93662,"Fresno County (California, USA)",4227,152231-816,2662 Stephanie St,Selma,93662,"Fresno County (California, USA)",,,Selma,0,Selma,Fresno,California,-119.623067,36.590569,Approximate,,JB- Collected by CR,GRVD,Infusion (fresh grass or other freshly picked organic material),2025-04-15,16,1,1,N,SR74; 3819 Willow St; 6,Culex quinquefasciatus,04/17/25 09:42 AM,,,,39
CNSL,48,3402617,4227,152231-816,2662 Stephanie St,Selma,93662,"Fresno County (California, USA)",4227,152231-816,2662 Stephanie St,Selma,93662,"Fresno County (California, USA)",,,Selma,0,Selma,Fresno,California,-119.623067,36.590569,Approximate,,JB- Collected by CR,GRVD,Infusion (fresh grass or other freshly picked organic material),2025-04-15,16,1,1,N,SR74; 3819 Willow St; 6,Culex stigmatosoma,04/17/25 09:42 AM,,3,,10
CNSL,48,3402617,4227,152231-816,2662 Stephanie St,Selma,93662,"Fresno County (California, USA)",4227,152231-816,2662 Stephanie St,Selma,93662,"Fresno County (California, USA)",,,Selma,0,Selma,Fresno,California,-119.623067,36.590569,Approximate,,JB- Collected by CR,GRVD,Infusion (fresh grass or other freshly picked organic material),2025-04-15,16,1,1,N,SR74; 3819 Willow St; 6,Culex tarsalis,04/17/25 09:42 AM,,1,,1
CNSL,49,3402619,4227,152231-816,2662 Stephanie St,Selma,93662,"Fresno County (California, USA)",4227,152231-816,2662 Stephanie St,Selma,93662,"Fresno County (California, USA)",,,Selma,0,Selma,Fresno,California,-119.623067,36.590569,Approximate,,JB- Collected by CR,BGSENT,"BG-Lure, CO2 (dry ice)",2025-04-15,16,1,1,N,SR74; 3819 Willow St,Culex quinquefasciatus,04/17/25 09:43 AM,,,8,
CNSL,49,3402619,4227,152231-816,2662 Stephanie St,Selma,93662,"Fresno County (California, USA)",4227,152231-816,2662 Stephanie St,Selma,93662,"Fresno County (California, USA)",,,Selma,0,Selma,Fresno,California,-119.623067,36.590569,Approximate,,JB- Collected by CR,BGSENT,"BG-Lure, CO2 (dry ice)",2025-04-15,16,1,1,N,SR74; 3819 Willow St,Culex stigmatosoma,04/17/25 09:43 AM,,,1,
CNSL,49,3402619,4227,152231-816,2662 Stephanie St,Selma,93662,"Fresno County (California, USA)",4227,152231-816,2662 Stephanie St,Selma,93662,"Fresno County (California, USA)",,,Selma,0,Selma,Fresno,California,-119.623067,36.590569,Approximate,,JB- Collected by CR,BGSENT,"BG-Lure, CO2 (dry ice)",2025-04-15,16,1,1,N,SR74; 3819 Willow St,Culex tarsalis,04/17/25 09:43 AM,,,11,
CNSL,50,3402620,3567,152224-818,912 Sequoia st,Parlier,93648,"Fresno County (California, USA)",3567,152224-818,912 Sequoia st,Parlier,93648,"Fresno County (California, USA)",,,Parlier,0,Parlier-Del Rey,Fresno,California,-119.523595,36.616355,Exact,,JB- Collected by CR,BGSENT,"BG-Lure, CO2 (dry ice)",2025-04-15,16,1,1,N,Fixed; 912 Sequoia,Culex quinquefasciatus,04/17/25 09:44 AM,,,6,
CNSL,51,3402622,3568,152224-819,180 Kelly Ave,Parlier,93648,"Fresno County (California, USA)",3568,152224-819,180 Kelly Ave,Parlier,93648,"Fresno County (California, USA)",,,Parlier,0,Parlier-Del Rey,Fresno,California,-119.537993,36.606029,Exact,,JB- Collected by CR,BGSENT,"BG-Lure, CO2 (dry ice)",2025-04-15,16,1,1,N,Fixed; 180 Kelly,Culex quinquefasciatus,04/17/25 09:45 AM,,,2,
CNSL,51,3402622,3568,152224-819,180 Kelly Ave,Parlier,93648,"Fresno County (California, USA)",3568,152224-819,180 Kelly Ave,Parlier,93648,"Fresno County (California, USA)",,,Parlier,0,Parlier-Del Rey,Fresno,California,-119.537993,36.606029,Exact,,JB- Collected by CR,BGSENT,"BG-Lure, CO2 (dry ice)",2025-04-15,16,1,1,N,Fixed; 180 Kelly,Aedes aegypti,04/17/25 09:45 AM,,,1,
CNSL,52,3402623,4362,152232-824,1714 Aspen St,Selma,93662,"Fresno County (California, USA)",4362,152232-824,1714 Aspen St,Selma,93662,"Fresno County (California, USA)",,,Selma,0,Selma,Fresno,California,-119.608372,36.580213,Exact,,JB- Collected by CR,BGSENT,"BG-Lure, CO2 (dry ice)",2025-04-15,16,1,1,N,Fixed; 1714 Aspen st,Culex quinquefasciatus,04/17/25 09:45 AM,,,2,
CNSL,53,3402624,4386,152232-825,3701 Olive Ln,Selma,93662,"Fresno County (California, USA)",4386,152232-825,3701 Olive Ln,Selma,93662,"Fresno County (California, USA)",,,Selma,0,Selma,Fresno,California,-119.603789,36.587575,Exact,,JB- Collected by CR,BGSENT,"BG-Lure, CO2 (dry ice)",2025-04-15,16,1,1,N,Fixed; 3701 Olive Ln,Aedes aegypti,04/17/25 09:46 AM,,2,1,
CNSL,54,3402626,4373,162207-806,orchard across street from 12642 S Thompson Ave,Selma,93662,"Fresno County (California, USA)",4373,162207-806,orchard across street from 12642 S Thompson Ave,Selma,93662,"Fresno County (California, USA)",,,Selma,139.5134389,Selma,Fresno,California,-119.620528,36.552179,Exact,,JB- Collected by CR,CO2,CO2 (dry ice),2025-04-15,16,1,1,N,Fixed; orchard SW of Saginaw and Thompson by canal,,04/17/25 09:47 AM,,,,
CNSL,55,3402629,4064,152233-803,Dinuba and Bethel Avenue,Selma,93662,"Fresno County (California, USA)",4064,152233-803,Dinuba and Bethel Avenue,Selma,93662,"Fresno County (California, USA)",,,Parlier,490.5833116,Selma,Fresno,California,-119.579194,36.590222,Exact,,JB- Collected by CR,CO2,CO2 (dry ice),2025-04-15,16,1,1,N,"Fixed; SW corner of Dinuba and Bethel stonefruit orchard, SE of Indianola Elementary",Culex quinquefasciatus,04/17/25 09:49 AM,,1,,
CNSL,55,3402629,4064,152233-803,Dinuba and Bethel Avenue,Selma,93662,"Fresno County (California, USA)",4064,152233-803,Dinuba and Bethel Avenue,Selma,93662,"Fresno County (California, USA)",,,Parlier,490.5833116,Selma,Fresno,California,-119.579194,36.590222,Exact,,JB- Collected by CR,CO2,CO2 (dry ice),2025-04-15,16,1,1,N,"Fixed; SW corner of Dinuba and Bethel stonefruit orchard, SE of Indianola Elementary",Culex stigmatosoma,04/17/25 09:49 AM,,,6,
CNSL,55,3402629,4064,152233-803,Dinuba and Bethel Avenue,Selma,93662,"Fresno County (California, USA)",4064,152233-803,Dinuba and Bethel Avenue,Selma,93662,"Fresno County (California, USA)",,,Parlier,490.5833116,Selma,Fresno,California,-119.579194,36.590222,Exact,,JB- Collected by CR,CO2,CO2 (dry ice),2025-04-15,16,1,1,N,"Fixed; SW corner of Dinuba and Bethel stonefruit orchard, SE of Indianola Elementary",Culex tarsalis,04/17/25 09:49 AM,,,1,
CNSL,56,3402631,3530,152222-804,W of Academy Ave and Young Ave,Parlier,93648,"Fresno County (California, USA)",3530,152222-804,W of Academy Ave and Young Ave,Parlier,93648,"Fresno County (California, USA)",,,Parlier,53.00616578,Parlier-Del Rey,Fresno,California,-119.557353,36.609809,Approximate,,JB- Collected by CR,CO2,CO2 (dry ice),2025-04-15,16,1,1,N,"2025 Central, W of Parlier and Academy orchars",Culex quinquefasciatus,04/17/25 09:50 AM,,,34,
CNSL,57,3402632,4088,162205-808,,Selma,93662,"Fresno County (California, USA)",4088,162205-808,,Selma,93662,"Fresno County (California, USA)",,,Selma,6.050113445,Selma,Fresno,California,-119.597139,36.565139,Exact,,JB- Collected by CR,CO2,CO2 (dry ice),2025-04-15,16,1,1,N,Fixed; SE of Rorden and Countryview in orchard,Culex quinquefasciatus,04/17/25 09:50 AM,,,4,
CNSL,57,3402632,4088,162205-808,,Selma,93662,"Fresno County (California, USA)",4088,162205-808,,Selma,93662,"Fresno County (California, USA)",,,Selma,6.050113445,Selma,Fresno,California,-119.597139,36.565139,Exact,,JB- Collected by CR,CO2,CO2 (dry ice),2025-04-15,16,1,1,N,Fixed; SE of Rorden and Countryview in orchard,Culex tarsalis,04/17/25 09:50 AM,,,1,
CNSL,58,3402635,4286,152230-807,9449 McCall Ave,Selma,93662,"Fresno County (California, USA)",4286,152230-807,9449 McCall Ave,Selma,93662,"Fresno County (California, USA)",,,Selma,352.4166294,Selma,Fresno,California,-119.615561,36.597238,Exact,,JB- Collected by CR,CO2,CO2 (dry ice),2025-04-15,16,1,1,N,Fixed; orchard NE Thompson and Dinuba,Culex quinquefasciatus,04/17/25 09:53 AM,,,2,
CNSL,58,3402635,4286,152230-807,9449 McCall Ave,Selma,93662,"Fresno County (California, USA)",4286,152230-807,9449 McCall Ave,Selma,93662,"Fresno County (California, USA)",,,Selma,352.4166294,Selma,Fresno,California,-119.615561,36.597238,Exact,,JB- Collected by CR,CO2,CO2 (dry ice),2025-04-15,16,1,1,N,Fixed; orchard NE Thompson and Dinuba,Culex tarsalis,04/17/25 09:53 AM,,,2,
CNSL,59,3402638,4318,152229-804,9791 McCall Ave,Selma,93662,"Fresno County (California, USA)",4318,152229-804,9791 McCall Ave,Selma,93662,"Fresno County (California, USA)",,,Selma,323.2395742,Selma,Fresno,California,-119.610223,36.593607,Exact,,JB- Collected by CR,CO2,CO2 (dry ice),2025-04-15,16,1,1,N,Fixed; orchard NE McCall and Dinuba,Culex quinquefasciatus,04/17/25 09:53 AM,,,1,
CNSL,59,3402638,4318,152229-804,9791 McCall Ave,Selma,93662,"Fresno County (California, USA)",4318,152229-804,9791 McCall Ave,Selma,93662,"Fresno County (California, USA)",,,Selma,323.2395742,Selma,Fresno,California,-119.610223,36.593607,Exact,,JB- Collected by CR,CO2,CO2 (dry ice),2025-04-15,16,1,1,N,Fixed; orchard NE McCall and Dinuba,Culex stigmatosoma,04/17/25 09:53 AM,,,1,
CNSL,59,3402638,4318,152229-804,9791 McCall Ave,Selma,93662,"Fresno County (California, USA)",4318,152229-804,9791 McCall Ave,Selma,93662,"Fresno County (California, USA)",,,Selma,323.2395742,Selma,Fresno,California,-119.610223,36.593607,Exact,,JB- Collected by CR,CO2,CO2 (dry ice),2025-04-15,16,1,1,N,Fixed; orchard NE McCall and Dinuba,Culex tarsalis,04/17/25 09:53 AM,,,1,
CNSL,60,3402642,3421,152222-802,8169 S Academy Ave,Parlier,93648,"Fresno County (California, USA)",3421,152222-802,8169 S Academy Ave,Parlier,93648,"Fresno County (California, USA)",,,Parlier,73.49539782,Parlier-Del Rey,Fresno,California,-119.557565,36.617538,Exact,,JB- Collected by CR,CO2,CO2 (dry ice),2025-04-15,16,1,1,N,Fixed; SW Academy and South,Culex quinquefasciatus,04/17/25 09:54 AM,,,4,
CNSL,60,3402642,3421,152222-802,8169 S Academy Ave,Parlier,93648,"Fresno County (California, USA)",3421,152222-802,8169 S Academy Ave,Parlier,93648,"Fresno County (California, USA)",,,Parlier,73.49539782,Parlier-Del Rey,Fresno,California,-119.557565,36.617538,Exact,,JB- Collected by CR,CO2,CO2 (dry ice),2025-04-15,16,1,1,N,Fixed; SW Academy and South,Culex stigmatosoma,04/17/25 09:54 AM,,,1,
CNSL,61,3402711,2277,142320-803,Annadale and Riverbend,Sanger,93657,"Fresno County (California, USA)",2277,142320-803,Annadale and Riverbend,Sanger,93657,"Fresno County (California, USA)",,,Centerville,759.474272,Reedley,Fresno,California,-119.502003,36.698804,Exact,,JB- Collected by CR,GRVD,Infusion (fresh grass or other freshly picked organic material),2025-04-16,16,1,1,N,Fixed; Annadale curve on S side pistachio orchard,Culex quinquefasciatus,04/17/25 10:06 AM,,,,2
CNSL,61,3402711,2277,142320-803,Annadale and Riverbend,Sanger,93657,"Fresno County (California, USA)",2277,142320-803,Annadale and Riverbend,Sanger,93657,"Fresno County (California, USA)",,,Centerville,759.474272,Reedley,Fresno,California,-119.502003,36.698804,Exact,,JB- Collected by CR,GRVD,Infusion (fresh grass or other freshly picked organic material),2025-04-16,16,1,1,N,Fixed; Annadale curve on S side pistachio orchard,Culex stigmatosoma,04/17/25 10:06 AM,,,,3
CNSL,61,3402711,2277,142320-803,Annadale and Riverbend,Sanger,93657,"Fresno County (California, USA)",2277,142320-803,Annadale and Riverbend,Sanger,93657,"Fresno County (California, USA)",,,Centerville,759.474272,Reedley,Fresno,California,-119.502003,36.698804,Exact,,JB- Collected by CR,GRVD,Infusion (fresh grass or other freshly picked organic material),2025-04-16,16,1,1,N,Fixed; Annadale curve on S side pistachio orchard,Culex thriambus,04/17/25 10:06 AM,,,,10
CNSL,62,3402719,3051,142302-805,Frankwood and Belmont Avenue,Sanger,93657,"Fresno County (California, USA)",3051,142302-805,Frankwood and Belmont Avenue,Sanger,93657,"Fresno County (California, USA)",,,Minkler,0,Reedley,Fresno,California,-119.446139,36.743444,Exact,,JB- Collected by CR,GRVD,Infusion (fresh grass or other freshly picked organic material),2025-04-16,16,1,1,N,Fixed; Frankwood Ave NE of Sherwood Golf Club,Culex quinquefasciatus,04/17/25 10:10 AM,,,,3
CNSL,62,3402719,3051,142302-805,Frankwood and Belmont Avenue,Sanger,93657,"Fresno County (California, USA)",3051,142302-805,Frankwood and Belmont Avenue,Sanger,93657,"Fresno County (California, USA)",,,Minkler,0,Reedley,Fresno,California,-119.446139,36.743444,Exact,,JB- Collected by CR,GRVD,Infusion (fresh grass or other freshly picked organic material),2025-04-16,16,1,1,N,Fixed; Frankwood Ave NE of Sherwood Golf Club,Culex stigmatosoma,04/17/25 10:10 AM,,,,7
CNSL,62,3402719,3051,142302-805,Frankwood and Belmont Avenue,Sanger,93657,"Fresno County (California, USA)",3051,142302-805,Frankwood and Belmont Avenue,Sanger,93657,"Fresno County (California, USA)",,,Minkler,0,Reedley,Fresno,California,-119.446139,36.743444,Exact,,JB- Collected by CR,GRVD,Infusion (fresh grass or other freshly picked organic material),2025-04-16,16,1,1,N,Fixed; Frankwood Ave NE of Sherwood Golf Club,Culex thriambus,04/17/25 10:10 AM,,,,10
CNSL,62,3402719,3051,142302-805,Frankwood and Belmont Avenue,Sanger,93657,"Fresno County (California, USA)",3051,142302-805,Frankwood and Belmont Avenue,Sanger,93657,"Fresno County (California, USA)",,,Minkler,0,Reedley,Fresno,California,-119.446139,36.743444,Exact,,JB- Collected by CR,GRVD,Infusion (fresh grass or other freshly picked organic material),2025-04-16,16,1,1,N,Fixed; Frankwood Ave NE of Sherwood Golf Club,Culex restuans,04/17/25 10:10 AM,,,,5
CNSL,62,3402719,3051,142302-805,Frankwood and Belmont Avenue,Sanger,93657,"Fresno County (California, USA)",3051,142302-805,Frankwood and Belmont Avenue,Sanger,93657,"Fresno County (California, USA)",,,Minkler,0,Reedley,Fresno,California,-119.446139,36.743444,Exact,,JB- Collected by CR,GRVD,Infusion (fresh grass or other freshly picked organic material),2025-04-16,16,1,1,N,Fixed; Frankwood Ave NE of Sherwood Golf Club,Culiseta incidens,04/17/25 10:10 AM,,,,2
CNSL,63,3402720,2066,142307-804,Smith and Rainbow,Sanger,93657,"Fresno County (California, USA)",2066,142307-804,Smith and Rainbow,Sanger,93657,"Fresno County (California, USA)",,,Centerville,0,Sanger,Fresno,California,-119.502072,36.724283,Exact,,JB- Collected by CR,GRVD,Infusion (fresh grass or other freshly picked organic material),2025-04-16,16,1,1,N,Fixed; China Creek,Culex quinquefasciatus,04/17/25 10:12 AM,,,,3
CNSL,63,3402720,2066,142307-804,Smith and Rainbow,Sanger,93657,"Fresno County (California, USA)",2066,142307-804,Smith and Rainbow,Sanger,93657,"Fresno County (California, USA)",,,Centerville,0,Sanger,Fresno,California,-119.502072,36.724283,Exact,,JB- Collected by CR,GRVD,Infusion (fresh grass or other freshly picked organic material),2025-04-16,16,1,1,N,Fixed; China Creek,Culex stigmatosoma,04/17/25 10:12 AM,,,,9
CNSL,63,3402720,2066,142307-804,Smith and Rainbow,Sanger,93657,"Fresno County (California, USA)",2066,142307-804,Smith and Rainbow,Sanger,93657,"Fresno County (California, USA)",,,Centerville,0,Sanger,Fresno,California,-119.502072,36.724283,Exact,,JB- Collected by CR,GRVD,Infusion (fresh grass or other freshly picked organic material),2025-04-16,16,1,1,N,Fixed; China Creek,Culex restuans,04/17/25 10:12 AM,,,,11
CNSL,63,3402720,2066,142307-804,Smith and Rainbow,Sanger,93657,"Fresno County (California, USA)",2066,142307-804,Smith and Rainbow,Sanger,93657,"Fresno County (California, USA)",,,Centerville,0,Sanger,Fresno,California,-119.502072,36.724283,Exact,,JB- Collected by CR,GRVD,Infusion (fresh grass or other freshly picked organic material),2025-04-16,16,1,1,N,Fixed; China Creek,Culex thriambus,04/17/25 10:12 AM,,2,,5
CNSL,63,3402720,2066,142307-804,Smith and Rainbow,Sanger,93657,"Fresno County (California, USA)",2066,142307-804,Smith and Rainbow,Sanger,93657,"Fresno County (California, USA)",,,Centerville,0,Sanger,Fresno,California,-119.502072,36.724283,Exact,,JB- Collected by CR,GRVD,Infusion (fresh grass or other freshly picked organic material),2025-04-16,16,1,1,N,Fixed; China Creek,Culiseta incidens,04/17/25 10:12 AM,,3,,4
CNSL,64,3402721,2437,142224-811,14775 E. Annadale Avenue,Sanger,93657,"Fresno County (California, USA)",2437,142224-811,14775 E. Annadale Avenue,Sanger,93657,"Fresno County (California, USA)",,,Centerville,1016.262903,Sanger,Fresno,California,-119.523555,36.698834,Exact,,JB- Collected by CR,GRVD,Infusion (fresh grass or other freshly picked organic material),2025-04-16,16,1,1,N,"Fixed; SW corner of Annadale and Channel, slough on W side",Culex quinquefasciatus,04/17/25 10:14 AM,,2,,19
CNSL,64,3402721,2437,142224-811,14775 E. Annadale Avenue,Sanger,93657,"Fresno County (California, USA)",2437,142224-811,14775 E. Annadale Avenue,Sanger,93657,"Fresno County (California, USA)",,,Centerville,1016.262903,Sanger,Fresno,California,-119.523555,36.698834,Exact,,JB- Collected by CR,GRVD,Infusion (fresh grass or other freshly picked organic material),2025-04-16,16,1,1,N,"Fixed; SW corner of Annadale and Channel, slough on W side",Culex thriambus,04/17/25 10:14 AM,,,,3
CNSL,64,3402721,2437,142224-811,14775 E. Annadale Avenue,Sanger,93657,"Fresno County (California, USA)",2437,142224-811,14775 E. Annadale Avenue,Sanger,93657,"Fresno County (California, USA)",,,Centerville,1016.262903,Sanger,Fresno,California,-119.523555,36.698834,Exact,,JB- Collected by CR,GRVD,Infusion (fresh grass or other freshly picked organic material),2025-04-16,16,1,1,N,"Fixed; SW corner of Annadale and Channel, slough on W side",Culex tarsalis,04/17/25 10:14 AM,,1,,
CNSL,64,3402721,2437,142224-811,14775 E. Annadale Avenue,Sanger,93657,"Fresno County (California, USA)",2437,142224-811,14775 E. Annadale Avenue,Sanger,93657,"Fresno County (California, USA)",,,Centerville,1016.262903,Sanger,Fresno,California,-119.523555,36.698834,Exact,,JB- Collected by CR,GRVD,Infusion (fresh grass or other freshly picked organic material),2025-04-16,16,1,1,N,"Fixed; SW corner of Annadale and Channel, slough on W side",Culiseta inornata,04/17/25 10:14 AM,,1,,
CNSL,65,3402722,2233,142304-803,Rio Vista and Trimmer Springs Road,Sanger,93657,"Fresno County (California, USA)",2233,142304-803,Rio Vista and Trimmer Springs Road,Sanger,93657,"Fresno County (California, USA)",,,Centerville,0,Sanger,Fresno,California,-119.473083,36.744778,Exact,,JB- Collected by CR,GRVD,Infusion (fresh grass or other freshly picked organic material),2025-04-16,16,1,1,N,Fixed; Collins Creek/Paxton's middle of trail,Culex quinquefasciatus,04/17/25 10:15 AM,,,,4
CNSL,65,3402722,2233,142304-803,Rio Vista and Trimmer Springs Road,Sanger,93657,"Fresno County (California, USA)",2233,142304-803,Rio Vista and Trimmer Springs Road,Sanger,93657,"Fresno County (California, USA)",,,Centerville,0,Sanger,Fresno,California,-119.473083,36.744778,Exact,,JB- Collected by CR,GRVD,Infusion (fresh grass or other freshly picked organic material),2025-04-16,16,1,1,N,Fixed; Collins Creek/Paxton's middle of trail,Culex stigmatosoma,04/17/25 10:15 AM,,,,2
CNSL,65,3402722,2233,142304-803,Rio Vista and Trimmer Springs Road,Sanger,93657,"Fresno County (California, USA)",2233,142304-803,Rio Vista and Trimmer Springs Road,Sanger,93657,"Fresno County (California, USA)",,,Centerville,0,Sanger,Fresno,California,-119.473083,36.744778,Exact,,JB- Collected by CR,GRVD,Infusion (fresh grass or other freshly picked organic material),2025-04-16,16,1,1,N,Fixed; Collins Creek/Paxton's middle of trail,Culiseta incidens,04/17/25 10:15 AM,,,,1
CNSL,66,3402724,3002,142309-807,17604 E Kings Canyon Rd,Sanger,93657,"Fresno County (California, USA)",3002,142309-807,17604 E Kings Canyon Rd,Sanger,93657,"Fresno County (California, USA)",,,Minkler,0,Reedley,Fresno,California,-119.467503,36.732221,Exact,,JB- Collected by CR,GRVD,Infusion (fresh grass or other freshly picked organic material),2025-04-16,16,1,1,N,Fixed; Kings River Mobile Home Park,Culex quinquefasciatus,04/17/25 10:18 AM,,,,13
CNSL,66,3402724,3002,142309-807,17604 E Kings Canyon Rd,Sanger,93657,"Fresno County (California, USA)",3002,142309-807,17604 E Kings Canyon Rd,Sanger,93657,"Fresno County (California, USA)",,,Minkler,0,Reedley,Fresno,California,-119.467503,36.732221,Exact,,JB- Collected by CR,GRVD,Infusion (fresh grass or other freshly picked organic material),2025-04-16,16,1,1,N,Fixed; Kings River Mobile Home Park,Culex stigmatosoma,04/17/25 10:18 AM,,,,45
CNSL,66,3402724,3002,142309-807,17604 E Kings Canyon Rd,Sanger,93657,"Fresno County (California, USA)",3002,142309-807,17604 E Kings Canyon Rd,Sanger,93657,"Fresno County (California, USA)",,,Minkler,0,Reedley,Fresno,California,-119.467503,36.732221,Exact,,JB- Collected by CR,GRVD,Infusion (fresh grass or other freshly picked organic material),2025-04-16,16,1,1,N,Fixed; Kings River Mobile Home Park,Culex thriambus,04/17/25 10:18 AM,,,,67
CNSL,66,3402724,3002,142309-807,17604 E Kings Canyon Rd,Sanger,93657,"Fresno County (California, USA)",3002,142309-807,17604 E Kings Canyon Rd,Sanger,93657,"Fresno County (California, USA)",,,Minkler,0,Reedley,Fresno,California,-119.467503,36.732221,Exact,,JB- Collected by CR,GRVD,Infusion (fresh grass or other freshly picked organic material),2025-04-16,16,1,1,N,Fixed; Kings River Mobile Home Park,Culex restuans,04/17/25 10:18 AM,,,,58
CNSL,66,3402724,3002,142309-807,17604 E Kings Canyon Rd,Sanger,93657,"Fresno County (California, USA)",3002,142309-807,17604 E Kings Canyon Rd,Sanger,93657,"Fresno County (California, USA)",,,Minkler,0,Reedley,Fresno,California,-119.467503,36.732221,Exact,,JB- Collected by CR,GRVD,Infusion (fresh grass or other freshly picked organic material),2025-04-16,16,1,1,N,Fixed; Kings River Mobile Home Park,Culiseta incidens,04/17/25 10:18 AM,,,,21
CNSL,67,3402726,2491,142307-810,682 S Riverbend Ave,Sanger,93657,"Fresno County (California, USA)",2491,142307-810,682 S Riverbend Ave,Sanger,93657,"Fresno County (California, USA)",,,Centerville,0,Sanger,Fresno,California,-119.508303,36.727057,Exact,,JB- Collected by CR,GRVD,Infusion (fresh grass or other freshly picked organic material),2025-04-16,16,1,1,N,Fixed; Sanger Cemetery,Culex quinquefasciatus,04/17/25 10:18 AM,,,,3
CNSL,67,3402726,2491,142307-810,682 S Riverbend Ave,Sanger,93657,"Fresno County (California, USA)",2491,142307-810,682 S Riverbend Ave,Sanger,93657,"Fresno County (California, USA)",,,Centerville,0,Sanger,Fresno,California,-119.508303,36.727057,Exact,,JB- Collected by CR,GRVD,Infusion (fresh grass or other freshly picked organic material),2025-04-16,16,1,1,N,Fixed; Sanger Cemetery,Culex stigmatosoma,04/17/25 10:18 AM,,,,2
CNSL,67,3402726,2491,142307-810,682 S Riverbend Ave,Sanger,93657,"Fresno County (California, USA)",2491,142307-810,682 S Riverbend Ave,Sanger,93657,"Fresno County (California, USA)",,,Centerville,0,Sanger,Fresno,California,-119.508303,36.727057,Exact,,JB- Collected by CR,GRVD,Infusion (fresh grass or other freshly picked organic material),2025-04-16,16,1,1,N,Fixed; Sanger Cemetery,Culex thriambus,04/17/25 10:18 AM,,,,10
CNSL,68,3402727,2279,142316-802,Annadale and MacDonough,Sanger,93657,"Fresno County (California, USA)",2279,142316-802,Annadale and MacDonough,Sanger,93657,"Fresno County (California, USA)",,,Minkler,0,Reedley,Fresno,California,-119.472017,36.706173,Exact,,JB- Collected by CR,GRVD,Infusion (fresh grass or other freshly picked organic material),2025-04-16,16,1,1,N,"Fixed; Annadale and MacDonough, citrus orchard",Culex quinquefasciatus,04/17/25 10:19 AM,,,,2
CNSL,68,3402727,2279,142316-802,Annadale and MacDonough,Sanger,93657,"Fresno County (California, USA)",2279,142316-802,Annadale and MacDonough,Sanger,93657,"Fresno County (California, USA)",,,Minkler,0,Reedley,Fresno,California,-119.472017,36.706173,Exact,,JB- Collected by CR,GRVD,Infusion (fresh grass or other freshly picked organic material),2025-04-16,16,1,1,N,"Fixed; Annadale and MacDonough, citrus orchard",Culex tarsalis,04/17/25 10:19 AM,,1,,1
CNSL,68,3402727,2279,142316-802,Annadale and MacDonough,Sanger,93657,"Fresno County (California, USA)",2279,142316-802,Annadale and MacDonough,Sanger,93657,"Fresno County (California, USA)",,,Minkler,0,Reedley,Fresno,California,-119.472017,36.706173,Exact,,JB- Collected by CR,GRVD,Infusion (fresh grass or other freshly picked organic material),2025-04-16,16,1,1,N,"Fixed; Annadale and MacDonough, citrus orchard",Culiseta incidens,04/17/25 10:19 AM,,,,1
CNSL,69,3402729,2517,142225-805,13942 North Ave,Sanger,93657,"Fresno County (California, USA)",2517,142225-805,13942 North Ave,Sanger,93657,"Fresno County (California, USA)",,,Sanger,0,Sanger,Fresno,California,-119.537191,36.691795,Exact,,JB- Collected by CR,GRVD,Infusion (fresh grass or other freshly picked organic material),2025-04-16,16,1,1,N,"Fixed; E of North and Newmark, orange orchard",Culex quinquefasciatus,04/17/25 10:21 AM,,5,,11
CNSL,69,3402729,2517,142225-805,13942 North Ave,Sanger,93657,"Fresno County (California, USA)",2517,142225-805,13942 North Ave,Sanger,93657,"Fresno County (California, USA)",,,Sanger,0,Sanger,Fresno,California,-119.537191,36.691795,Exact,,JB- Collected by CR,GRVD,Infusion (fresh grass or other freshly picked organic material),2025-04-16,16,1,1,N,"Fixed; E of North and Newmark, orange orchard",Culex erythrothorax,04/17/25 10:21 AM,,,,2
CNSL,69,3402729,2517,142225-805,13942 North Ave,Sanger,93657,"Fresno County (California, USA)",2517,142225-805,13942 North Ave,Sanger,93657,"Fresno County (California, USA)",,,Sanger,0,Sanger,Fresno,California,-119.537191,36.691795,Exact,,JB- Collected by CR,GRVD,Infusion (fresh grass or other freshly picked organic material),2025-04-16,16,1,1,N,"Fixed; E of North and Newmark, orange orchard",Culex restuans,04/17/25 10:21 AM,,,,7
CNSL,69,3402729,2517,142225-805,13942 North Ave,Sanger,93657,"Fresno County (California, USA)",2517,142225-805,13942 North Ave,Sanger,93657,"Fresno County (California, USA)",,,Sanger,0,Sanger,Fresno,California,-119.537191,36.691795,Exact,,JB- Collected by CR,GRVD,Infusion (fresh grass or other freshly picked organic material),2025-04-16,16,1,1,N,"Fixed; E of North and Newmark, orange orchard",Culiseta inornata,04/17/25 10:21 AM,,1,,
CNSL,69,3402729,2517,142225-805,13942 North Ave,Sanger,93657,"Fresno County (California, USA)",2517,142225-805,13942 North Ave,Sanger,93657,"Fresno County (California, USA)",,,Sanger,0,Sanger,Fresno,California,-119.537191,36.691795,Exact,,JB- Collected by CR,GRVD,Infusion (fresh grass or other freshly picked organic material),2025-04-16,16,1,1,N,"Fixed; E of North and Newmark, orange orchard",Anopheles freeborni,04/17/25 10:21 AM,,1,,
CNSL,70,3402731,2279,142316-802,Annadale and MacDonough,Sanger,93657,"Fresno County (California, USA)",2279,142316-802,Annadale and MacDonough,Sanger,93657,"Fresno County (California, USA)",,,Minkler,0,Reedley,Fresno,California,-119.472017,36.706173,Exact,,JB- Collected by CR,GRVD,Infusion (fresh grass or other freshly picked organic material),2025-04-16,16,1,1,N,"Fixed; Wildwood, W side of Lake",Culex stigmatosoma,04/17/25 10:22 AM,,,,7
CNSL,70,3402731,2279,142316-802,Annadale and MacDonough,Sanger,93657,"Fresno County (California, USA)",2279,142316-802,Annadale and MacDonough,Sanger,93657,"Fresno County (California, USA)",,,Minkler,0,Reedley,Fresno,California,-119.472017,36.706173,Exact,,JB- Collected by CR,GRVD,Infusion (fresh grass or other freshly picked organic material),2025-04-16,16,1,1,N,"Fixed; Wildwood, W side of Lake",Culex restuans,04/17/25 10:22 AM,,,,9
CNSL,70,3402731,2279,142316-802,Annadale and MacDonough,Sanger,93657,"Fresno County (California, USA)",2279,142316-802,Annadale and MacDonough,Sanger,93657,"Fresno County (California, USA)",,,Minkler,0,Reedley,Fresno,California,-119.472017,36.706173,Exact,,JB- Collected by CR,GRVD,Infusion (fresh grass or other freshly picked organic material),2025-04-16,16,1,1,N,"Fixed; Wildwood, W side of Lake",Culex thriambus,04/17/25 10:22 AM,,,,11
CNSL,70,3402731,2279,142316-802,Annadale and MacDonough,Sanger,93657,"Fresno County (California, USA)",2279,142316-802,Annadale and MacDonough,Sanger,93657,"Fresno County (California, USA)",,,Minkler,0,Reedley,Fresno,California,-119.472017,36.706173,Exact,,JB- Collected by CR,GRVD,Infusion (fresh grass or other freshly picked organic material),2025-04-16,16,1,1,N,"Fixed; Wildwood, W side of Lake",Culiseta incidens,04/17/25 10:22 AM,,,,10
CNSL,70,3402731,2279,142316-802,Annadale and MacDonough,Sanger,93657,"Fresno County (California, USA)",2279,142316-802,Annadale and MacDonough,Sanger,93657,"Fresno County (California, USA)",,,Minkler,0,Reedley,Fresno,California,-119.472017,36.706173,Exact,,JB- Collected by CR,GRVD,Infusion (fresh grass or other freshly picked organic material),2025-04-16,16,1,1,N,"Fixed; Wildwood, W side of Lake",Culex quinquefasciatus,04/17/25 10:22 AM,,,,1
CNSL,71,3402747,3116,142303-804,600 N. Piedra Road,Sanger,93657,"Fresno County (California, USA)",3116,142303-804,600 N. Piedra Road,Sanger,93657,"Fresno County (California, USA)",,,Minkler,0,Reedley,Fresno,California,-119.452083,36.743194,Approximate,,JB- Collected by CR,GRVD,Infusion (fresh grass or other freshly picked organic material),2025-04-16,16,1,1,N,SR77; 600 N Piedra Rd; 9,Culex quinquefasciatus,04/17/25 10:31 AM,,,,1
CNSL,71,3402747,3116,142303-804,600 N. Piedra Road,Sanger,93657,"Fresno County (California, USA)",3116,142303-804,600 N. Piedra Road,Sanger,93657,"Fresno County (California, USA)",,,Minkler,0,Reedley,Fresno,California,-119.452083,36.743194,Approximate,,JB- Collected by CR,GRVD,Infusion (fresh grass or other freshly picked organic material),2025-04-16,16,1,1,N,SR77; 600 N Piedra Rd; 9,Culex stigmatosoma,04/17/25 10:31 AM,,,,88
CNSL,71,3402747,3116,142303-804,600 N. Piedra Road,Sanger,93657,"Fresno County (California, USA)",3116,142303-804,600 N. Piedra Road,Sanger,93657,"Fresno County (California, USA)",,,Minkler,0,Reedley,Fresno,California,-119.452083,36.743194,Approximate,,JB- Collected by CR,GRVD,Infusion (fresh grass or other freshly picked organic material),2025-04-16,16,1,1,N,SR77; 600 N Piedra Rd; 9,Culex thriambus,04/17/25 10:31 AM,,,,17
CNSL,71,3402747,3116,142303-804,600 N. Piedra Road,Sanger,93657,"Fresno County (California, USA)",3116,142303-804,600 N. Piedra Road,Sanger,93657,"Fresno County (California, USA)",,,Minkler,0,Reedley,Fresno,California,-119.452083,36.743194,Approximate,,JB- Collected by CR,GRVD,Infusion (fresh grass or other freshly picked organic material),2025-04-16,16,1,1,N,SR77; 600 N Piedra Rd; 9,Culex restuans,04/17/25 10:31 AM,,,,12
CNSL,71,3402747,3116,142303-804,600 N. Piedra Road,Sanger,93657,"Fresno County (California, USA)",3116,142303-804,600 N. Piedra Road,Sanger,93657,"Fresno County (California, USA)",,,Minkler,0,Reedley,Fresno,California,-119.452083,36.743194,Approximate,,JB- Collected by CR,GRVD,Infusion (fresh grass or other freshly picked organic material),2025-04-16,16,1,1,N,SR77; 600 N Piedra Rd; 9,Culiseta incidens,04/17/25 10:31 AM,,,,2
CNSL,72,3402748,3116,142303-804,600 N. Piedra Road,Sanger,93657,"Fresno County (California, USA)",3116,142303-804,600 N. Piedra Road,Sanger,93657,"Fresno County (California, USA)",,,Minkler,0,Reedley,Fresno,California,-119.452083,36.743194,Approximate,,JB- Collected by CR,BGSENT,"BG-Lure, CO2 (dry ice)",2025-04-16,16,1,1,N,SR77; 600 N Piedra Rd,Culex tarsalis,04/17/25 10:32 AM,,,1,
CNSL,73,3402771,3002,142309-807,17604 E Kings Canyon Rd,Sanger,93657,"Fresno County (California, USA)",3002,142309-807,17604 E Kings Canyon Rd,Sanger,93657,"Fresno County (California, USA)",,,Minkler,0,Reedley,Fresno,California,-119.467503,36.732221,Exact,,JB- Collected by CR,BGSENT,"BG-Lure, CO2 (dry ice)",2025-04-16,16,1,1,N,Fixed; Kings River Mobile Home,Culex tarsalis,04/17/25 10:39 AM,,,1,
CNSL,74,3402803,2491,142307-810,682 S Riverbend Ave,Sanger,93657,"Fresno County (California, USA)",2491,142307-810,682 S Riverbend Ave,Sanger,93657,"Fresno County (California, USA)",,,Centerville,0,Sanger,Fresno,California,-119.508303,36.727057,Exact,,JB- Collected by CR,BGSENT,"BG-Lure, CO2 (dry ice)",2025-04-16,16,1,1,N,Fixed; Sanger Cemetery,Culex quinquefasciatus,04/17/25 11:29 AM,,,2,
CNSL,74,3402803,2491,142307-810,682 S Riverbend Ave,Sanger,93657,"Fresno County (California, USA)",2491,142307-810,682 S Riverbend Ave,Sanger,93657,"Fresno County (California, USA)",,,Centerville,0,Sanger,Fresno,California,-119.508303,36.727057,Exact,,JB- Collected by CR,BGSENT,"BG-Lure, CO2 (dry ice)",2025-04-16,16,1,1,N,Fixed; Sanger Cemetery,Culex tarsalis,04/17/25 11:29 AM,,,2,
CNSL,74,3402803,2491,142307-810,682 S Riverbend Ave,Sanger,93657,"Fresno County (California, USA)",2491,142307-810,682 S Riverbend Ave,Sanger,93657,"Fresno County (California, USA)",,,Centerville,0,Sanger,Fresno,California,-119.508303,36.727057,Exact,,JB- Collected by CR,BGSENT,"BG-Lure, CO2 (dry ice)",2025-04-16,16,1,1,N,Fixed; Sanger Cemetery,Culex restuans,04/17/25 11:29 AM,,,8,
CNSL,74,3402803,2491,142307-810,682 S Riverbend Ave,Sanger,93657,"Fresno County (California, USA)",2491,142307-810,682 S Riverbend Ave,Sanger,93657,"Fresno County (California, USA)",,,Centerville,0,Sanger,Fresno,California,-119.508303,36.727057,Exact,,JB- Collected by CR,BGSENT,"BG-Lure, CO2 (dry ice)",2025-04-16,16,1,1,N,Fixed; Sanger Cemetery,Culicoides,04/17/25 11:29 AM,,,1,
CNSL,75,3402805,2279,142316-802,Annadale and MacDonough,Sanger,93657,"Fresno County (California, USA)",2279,142316-802,Annadale and MacDonough,Sanger,93657,"Fresno County (California, USA)",,,Minkler,0,Reedley,Fresno,California,-119.472017,36.706173,Exact,,JB- Collected by CR,CO2,CO2 (dry ice),2025-04-16,16,1,1,N,"Fixed; Annadale and MacDonough, citrus orchard",Culex tarsalis,04/17/25 11:31 AM,,,2,
CNSL,75,3402805,2279,142316-802,Annadale and MacDonough,Sanger,93657,"Fresno County (California, USA)",2279,142316-802,Annadale and MacDonough,Sanger,93657,"Fresno County (California, USA)",,,Minkler,0,Reedley,Fresno,California,-119.472017,36.706173,Exact,,JB- Collected by CR,CO2,CO2 (dry ice),2025-04-16,16,1,1,N,"Fixed; Annadale and MacDonough, citrus orchard",Culex thriambus,04/17/25 11:31 AM,,,1,
CNSL,75,3402805,2279,142316-802,Annadale and MacDonough,Sanger,93657,"Fresno County (California, USA)",2279,142316-802,Annadale and MacDonough,Sanger,93657,"Fresno County (California, USA)",,,Minkler,0,Reedley,Fresno,California,-119.472017,36.706173,Exact,,JB- Collected by CR,CO2,CO2 (dry ice),2025-04-16,16,1,1,N,"Fixed; Annadale and MacDonough, citrus orchard",Aedes vexans,04/17/25 11:31 AM,,,1,
CNSL,76,3402807,2517,142225-805,13942 North Ave,Sanger,93657,"Fresno County (California, USA)",2517,142225-805,13942 North Ave,Sanger,93657,"Fresno County (California, USA)",,,Sanger,0,Sanger,Fresno,California,-119.537191,36.691795,Exact,,JB- Collected by CR,CO2,CO2 (dry ice),2025-04-16,16,1,1,N,"Fixed; E of North and Newmark, orange orchard",Culex quinquefasciatus,04/17/25 11:31 AM,,,5,
CNSL,76,3402807,2517,142225-805,13942 North Ave,Sanger,93657,"Fresno County (California, USA)",2517,142225-805,13942 North Ave,Sanger,93657,"Fresno County (California, USA)",,,Sanger,0,Sanger,Fresno,California,-119.537191,36.691795,Exact,,JB- Collected by CR,CO2,CO2 (dry ice),2025-04-16,16,1,1,N,"Fixed; E of North and Newmark, orange orchard",Culex stigmatosoma,04/17/25 11:31 AM,,,2,
CNSL,76,3402807,2517,142225-805,13942 North Ave,Sanger,93657,"Fresno County (California, USA)",2517,142225-805,13942 North Ave,Sanger,93657,"Fresno County (California, USA)",,,Sanger,0,Sanger,Fresno,California,-119.537191,36.691795,Exact,,JB- Collected by CR,CO2,CO2 (dry ice),2025-04-16,16,1,1,N,"Fixed; E of North and Newmark, orange orchard",Culex tarsalis,04/17/25 11:31 AM,,,6,
CNSL,76,3402807,2517,142225-805,13942 North Ave,Sanger,93657,"Fresno County (California, USA)",2517,142225-805,13942 North Ave,Sanger,93657,"Fresno County (California, USA)",,,Sanger,0,Sanger,Fresno,California,-119.537191,36.691795,Exact,,JB- Collected by CR,CO2,CO2 (dry ice),2025-04-16,16,1,1,N,"Fixed; E of North and Newmark, orange orchard",Anopheles freeborni,04/17/25 11:31 AM,,,1,
CNSL,77,3402809,2279,142316-802,Annadale and MacDonough,Sanger,93657,"Fresno County (California, USA)",2279,142316-802,Annadale and MacDonough,Sanger,93657,"Fresno County (California, USA)",,,Minkler,0,Reedley,Fresno,California,-119.472017,36.706173,Exact,,JB- Collected by CR,CO2,CO2 (dry ice),2025-04-16,16,1,1,N,"Fixed; Wildwood, W side of Lake",Culex tarsalis,04/17/25 11:33 AM,,,1,
CNSL,77,3402809,2279,142316-802,Annadale and MacDonough,Sanger,93657,"Fresno County (California, USA)",2279,142316-802,Annadale and MacDonough,Sanger,93657,"Fresno County (California, USA)",,,Minkler,0,Reedley,Fresno,California,-119.472017,36.706173,Exact,,JB- Collected by CR,CO2,CO2 (dry ice),2025-04-16,16,1,1,N,"Fixed; Wildwood, W side of Lake",Anopheles freeborni,04/17/25 11:33 AM,,,3,
CNSL,77,3402809,2279,142316-802,Annadale and MacDonough,Sanger,93657,"Fresno County (California, USA)",2279,142316-802,Annadale and MacDonough,Sanger,93657,"Fresno County (California, USA)",,,Minkler,0,Reedley,Fresno,California,-119.472017,36.706173,Exact,,JB- Collected by CR,CO2,CO2 (dry ice),2025-04-16,16,1,1,N,"Fixed; Wildwood, W side of Lake",Culiseta incidens,04/17/25 11:33 AM,,,5,
CNSL,77,3402809,2279,142316-802,Annadale and MacDonough,Sanger,93657,"Fresno County (California, USA)",2279,142316-802,Annadale and MacDonough,Sanger,93657,"Fresno County (California, USA)",,,Minkler,0,Reedley,Fresno,California,-119.472017,36.706173,Exact,,JB- Collected by CR,CO2,CO2 (dry ice),2025-04-16,16,1,1,N,"Fixed; Wildwood, W side of Lake",Aedes sierrensis,04/17/25 11:33 AM,,1,3,
CNSL,78,3402810,2277,142320-803,Annadale and Riverbend,Sanger,93657,"Fresno County (California, USA)",2277,142320-803,Annadale and Riverbend,Sanger,93657,"Fresno County (California, USA)",,,Centerville,759.474272,Reedley,Fresno,California,-119.502003,36.698804,Exact,,JB- Collected by CR,CO2,CO2 (dry ice),2025-04-16,16,1,1,N,Fixed; Annadale curve on S side,Culex quinquefasciatus,04/17/25 11:33 AM,,,1,
CNSL,78,3402810,2277,142320-803,Annadale and Riverbend,Sanger,93657,"Fresno County (California, USA)",2277,142320-803,Annadale and Riverbend,Sanger,93657,"Fresno County (California, USA)",,,Centerville,759.474272,Reedley,Fresno,California,-119.502003,36.698804,Exact,,JB- Collected by CR,CO2,CO2 (dry ice),2025-04-16,16,1,1,N,Fixed; Annadale curve on S side,Culex tarsalis,04/17/25 11:33 AM,,,1,
CNSL,78,3402810,2277,142320-803,Annadale and Riverbend,Sanger,93657,"Fresno County (California, USA)",2277,142320-803,Annadale and Riverbend,Sanger,93657,"Fresno County (California, USA)",,,Centerville,759.474272,Reedley,Fresno,California,-119.502003,36.698804,Exact,,JB- Collected by CR,CO2,CO2 (dry ice),2025-04-16,16,1,1,N,Fixed; Annadale curve on S side,Culex stigmatosoma,04/17/25 11:33 AM,,,1,
CNSL,79,3402811,3051,142302-805,Frankwood and Belmont Avenue,Sanger,93657,"Fresno County (California, USA)",3051,142302-805,Frankwood and Belmont Avenue,Sanger,93657,"Fresno County (California, USA)",,,Minkler,0,Reedley,Fresno,California,-119.446139,36.743444,Exact,,JB- Collected by CR,CO2,CO2 (dry ice),2025-04-16,16,1,1,N,"Fixed; Frankwood Ave Ne of Sherwood, Golf Club",Aedes sierrensis,04/17/25 11:34 AM,,18,1,
CNSL,80,3402812,2066,142307-804,Smith and Rainbow,Sanger,93657,"Fresno County (California, USA)",2066,142307-804,Smith and Rainbow,Sanger,93657,"Fresno County (California, USA)",,,Centerville,0,Sanger,Fresno,California,-119.502072,36.724283,Exact,,JB- Collected by CR,CO2,CO2 (dry ice),2025-04-16,16,1,1,N,Fixed; China Creek,Culex tarsalis,04/17/25 11:35 AM,,,3,
CNSL,80,3402812,2066,142307-804,Smith and Rainbow,Sanger,93657,"Fresno County (California, USA)",2066,142307-804,Smith and Rainbow,Sanger,93657,"Fresno County (California, USA)",,,Centerville,0,Sanger,Fresno,California,-119.502072,36.724283,Exact,,JB- Collected by CR,CO2,CO2 (dry ice),2025-04-16,16,1,1,N,Fixed; China Creek,Culex erythrothorax,04/17/25 11:35 AM,,,2,
CNSL,80,3402812,2066,142307-804,Smith and Rainbow,Sanger,93657,"Fresno County (California, USA)",2066,142307-804,Smith and Rainbow,Sanger,93657,"Fresno County (California, USA)",,,Centerville,0,Sanger,Fresno,California,-119.502072,36.724283,Exact,,JB- Collected by CR,CO2,CO2 (dry ice),2025-04-16,16,1,1,N,Fixed; China Creek,Aedes melanimon,04/17/25 11:35 AM,,,1,
CNSL,80,3402812,2066,142307-804,Smith and Rainbow,Sanger,93657,"Fresno County (California, USA)",2066,142307-804,Smith and Rainbow,Sanger,93657,"Fresno County (California, USA)",,,Centerville,0,Sanger,Fresno,California,-119.502072,36.724283,Exact,,JB- Collected by CR,CO2,CO2 (dry ice),2025-04-16,16,1,1,N,Fixed; China Creek,Anopheles freeborni,04/17/25 11:35 AM,,,3,
CNSL,80,3402812,2066,142307-804,Smith and Rainbow,Sanger,93657,"Fresno County (California, USA)",2066,142307-804,Smith and Rainbow,Sanger,93657,"Fresno County (California, USA)",,,Centerville,0,Sanger,Fresno,California,-119.502072,36.724283,Exact,,JB- Collected by CR,CO2,CO2 (dry ice),2025-04-16,16,1,1,N,Fixed; China Creek,Culiseta incidens,04/17/25 11:35 AM,,,17,
CNSL,81,3402813,2437,142224-811,14775 E. Annadale Avenue,Sanger,93657,"Fresno County (California, USA)",2437,142224-811,14775 E. Annadale Avenue,Sanger,93657,"Fresno County (California, USA)",,,Centerville,1016.262903,Sanger,Fresno,California,-119.523555,36.698834,Exact,,JB- Collected by CR,CO2,CO2 (dry ice),2025-04-16,16,1,1,N,Fixed; SW corner of Annadale and Channel,Culex tarsalis,04/17/25 11:36 AM,,,1,
CNSL,81,3402813,2437,142224-811,14775 E. Annadale Avenue,Sanger,93657,"Fresno County (California, USA)",2437,142224-811,14775 E. Annadale Avenue,Sanger,93657,"Fresno County (California, USA)",,,Centerville,1016.262903,Sanger,Fresno,California,-119.523555,36.698834,Exact,,JB- Collected by CR,CO2,CO2 (dry ice),2025-04-16,16,1,1,N,Fixed; SW corner of Annadale and Channel,Culex restuans,04/17/25 11:36 AM,,,1,
CNSL,82,3402815,2233,142304-803,Rio Vista and Trimmer Springs Road,Sanger,93657,"Fresno County (California, USA)",2233,142304-803,Rio Vista and Trimmer Springs Road,Sanger,93657,"Fresno County (California, USA)",,,Centerville,0,Sanger,Fresno,California,-119.473083,36.744778,Exact,,JB- Collected by CR,CO2,CO2 (dry ice),2025-04-16,16,1,1,N,Fixed; Collins Creek/ Paxton's middle of trail,Culex thriambus,04/17/25 11:37 AM,,,1,
CNSL,82,3402815,2233,142304-803,Rio Vista and Trimmer Springs Road,Sanger,93657,"Fresno County (California, USA)",2233,142304-803,Rio Vista and Trimmer Springs Road,Sanger,93657,"Fresno County (California, USA)",,,Centerville,0,Sanger,Fresno,California,-119.473083,36.744778,Exact,,JB- Collected by CR,CO2,CO2 (dry ice),2025-04-16,16,1,1,N,Fixed; Collins Creek/ Paxton's middle of trail,Aedes melanimon,04/17/25 11:37 AM,,,1,
CNSL,83,3403895,2233,142304-803,Rio Vista and Trimmer Springs Road,Sanger,93657,"Fresno County (California, USA)",2233,142304-803,Rio Vista and Trimmer Springs Road,Sanger,93657,"Fresno County (California, USA)",,,Centerville,0,Sanger,Fresno,California,-119.473083,36.744778,Exact,,JB- Collected by CR,CO2,CO2 (dry ice),2025-04-16,16,1,1,N,Fixed; Collins Creek/ Paxton's middle of trail,Culex thriambus,04/21/25 07:12 AM,,,1,
CNSL,83,3403895,2233,142304-803,Rio Vista and Trimmer Springs Road,Sanger,93657,"Fresno County (California, USA)",2233,142304-803,Rio Vista and Trimmer Springs Road,Sanger,93657,"Fresno County (California, USA)",,,Centerville,0,Sanger,Fresno,California,-119.473083,36.744778,Exact,,JB- Collected by CR,CO2,CO2 (dry ice),2025-04-16,16,1,1,N,Fixed; Collins Creek/ Paxton's middle of trail,Aedes melanimon,04/21/25 07:12 AM,,,1,
CNSL,84,3403898,5273,162222-808,762 Howard St,Kingsburg,93631,"Fresno County (California, USA)",5273,162222-808,762 Howard St,Kingsburg,93631,"Fresno County (California, USA)",,,Kingsburg,83.45727132,Kingsburg,Fresno,California,-119.560357,36.529903,Exact,,JB- Collected by CR,GRVD,Infusion (fresh grass or other freshly picked organic material),2025-04-17,16,1,1,N,Fixed; 762 Howard st,Culex quinquefasciatus,04/21/25 08:14 AM,,,,4
CNSL,85,3403899,5183,162223-831,2391 Skansen St,Kingsburg,93631,"Fresno County (California, USA)",5183,162223-831,2391 Skansen St,Kingsburg,93631,"Fresno County (California, USA)",,,Kingsburg,0,Kingsburg,Fresno,California,-119.541175,36.529765,Exact,,JB- Collected by CR,GRVD,Infusion (fresh grass or other freshly picked organic material),2025-04-17,16,1,1,N,Fixed; 2391 Skansen St; 10,Culex quinquefasciatus,04/21/25 08:15 AM,,,,21
CNSL,86,3403900,5202,162223-832,2396 17th Ave,Kingsburg,93631,"Fresno County (California, USA)",5202,162223-832,2396 17th Ave,Kingsburg,93631,"Fresno County (California, USA)",,,Kingsburg,0,Kingsburg,Fresno,California,-119.548855,36.522879,Exact,,JB- Collected by CR,GRVD,Infusion (fresh grass or other freshly picked organic material),2025-04-17,16,1,1,N,Fixed; 2396 17th Ave; 11,Culex quinquefasciatus,04/21/25 08:17 AM,,,,42
CNSL,86,3403900,5202,162223-832,2396 17th Ave,Kingsburg,93631,"Fresno County (California, USA)",5202,162223-832,2396 17th Ave,Kingsburg,93631,"Fresno County (California, USA)",,,Kingsburg,0,Kingsburg,Fresno,California,-119.548855,36.522879,Exact,,JB- Collected by CR,GRVD,Infusion (fresh grass or other freshly picked organic material),2025-04-17,16,1,1,N,Fixed; 2396 17th Ave; 11,Culex stigmatosoma,04/21/25 08:17 AM,,,,2
CNSL,87,3403901,5127,162222-803,14281 S. Academy Avenue,Kingsburg,93631,"Fresno County (California, USA)",5127,162222-803,14281 S. Academy Avenue,Kingsburg,93631,"Fresno County (California, USA)",,,Kingsburg,24.84430209,Kingsburg,Fresno,California,-119.557111,36.528722,Approximate,,JB- Collected by CR,GRVD,Infusion (fresh grass or other freshly picked organic material),2025-04-17,16,1,1,N,2025 South; 992 Skansen,,04/21/25 08:19 AM,,,,
CNSL,88,3403902,4070,162231-807,McCall and Elkhorn Avenue,Selma,93662,"Fresno County (California, USA)",4070,162231-807,McCall and Elkhorn Avenue,Selma,93662,"Fresno County (California, USA)",,,Kingsburg,4457.141892,Selma,Fresno,California,-119.620194,36.493,Exact,,JB- Collected by CR,GRVD,Infusion (fresh grass or other freshly picked organic material),2025-04-17,16,1,1,N,"Fixed; SW of Harris Ranch, orchard",Culex quinquefasciatus,04/21/25 08:20 AM,,,,10
CNSL,89,3403903,5198,172214-805,5375 Clinton Ave,Kingsburg,93631,"Fresno County (California, USA)",5198,172214-805,5375 Clinton Ave,Kingsburg,93631,"Fresno County (California, USA)",,,Kingsburg,5737.535137,Hanford Northeast,Kings,California,-119.557481,36.452159,Exact,,JB- Collected by CR,GRVD,Infusion (fresh grass or other freshly picked organic material),2025-04-17,16,1,1,N,"Fixed; E of 6th Ave and Clinton, orchard",,04/21/25 08:21 AM,,,,
CNSL,90,3403907,5210,162227-818,12336 E Clarkson Ave,Kingsburg,93631,"Fresno County (California, USA)",5210,162227-818,12336 E Clarkson Ave,Kingsburg,93631,"Fresno County (California, USA)",,,Kingsburg,781.2544039,Kingsburg,Fresno,California,-119.570835,36.503751,Exact,,JB- Collected by CR,GRVD,Infusion (fresh grass or other freshly picked organic material),2025-04-17,16,1,1,N,"Fixed; E of Bethel on N side of Clarkson, orchard",Culex quinquefasciatus,04/21/25 08:26 AM,,5,,7
CNSL,91,3403910,3524,162308-804,12078 S Smith Ave,Kingsburg,93631,"Fresno County (California, USA)",3524,162308-804,12078 S Smith Ave,Kingsburg,93631,"Fresno County (California, USA)",,,Reedley,3417.671228,Kingsburg,Fresno,California,-119.501893,36.558758,Exact,,JB- Collected by CR,GRVD,Infusion (fresh grass or other freshly picked organic material),2025-04-17,16,1,1,N,"Fixed; SE corner of Nebraska and Smith, W of canal in almonds",Culex quinquefasciatus,04/21/25 08:27 AM,,,,3
CNSL,91,3403910,3524,162308-804,12078 S Smith Ave,Kingsburg,93631,"Fresno County (California, USA)",3524,162308-804,12078 S Smith Ave,Kingsburg,93631,"Fresno County (California, USA)",,,Reedley,3417.671228,Kingsburg,Fresno,California,-119.501893,36.558758,Exact,,JB- Collected by CR,GRVD,Infusion (fresh grass or other freshly picked organic material),2025-04-17,16,1,1,N,"Fixed; SE corner of Nebraska and Smith, W of canal in almonds",Culex stigmatosoma,04/21/25 08:27 AM,,,,1
CNSL,92,3403914,5193,172202-809,5278 Benicia Ave,Kingsburg,93631,"Fresno County (California, USA)",5193,172202-809,5278 Benicia Ave,Kingsburg,93631,"Fresno County (California, USA)",,,Kingsburg,2505.926541,Hanford Northeast,Kings,California,-119.55348,36.481062,Exact,,JB- Collected by CR,GRVD,Infusion (fresh grass or other freshly picked organic material),2025-04-17,16,1,1,N,"Fixed; E of North 5 1/2 Ave and Benecia, orchard",Culex quinquefasciatus,04/21/25 08:28 AM,,,,13
CNSL,92,3403914,5193,172202-809,5278 Benicia Ave,Kingsburg,93631,"Fresno County (California, USA)",5193,172202-809,5278 Benicia Ave,Kingsburg,93631,"Fresno County (California, USA)",,,Kingsburg,2505.926541,Hanford Northeast,Kings,California,-119.55348,36.481062,Exact,,JB- Collected by CR,GRVD,Infusion (fresh grass or other freshly picked organic material),2025-04-17,16,1,1,N,"Fixed; E of North 5 1/2 Ave and Benecia, orchard",Culex stigmatosoma,04/21/25 08:28 AM,,,,6
CNSL,93,3403916,5204,162224-805,14220 E Kamm Ave,Kingsburg,93631,"Fresno County (California, USA)",5204,162224-805,14220 E Kamm Ave,Kingsburg,93631,"Fresno County (California, USA)",,,Kingsburg,355.468643,Kingsburg,Fresno,California,-119.534816,36.531908,Exact,,JB- Collected by CR,GRVD,Infusion (fresh grass or other freshly picked organic material),2025-04-17,16,1,1,N,"Fixed; E of Kamm and Madsen on S side, orchard",Culex quinquefasciatus,04/21/25 08:30 AM,,,,20
CNSL,93,3403916,5204,162224-805,14220 E Kamm Ave,Kingsburg,93631,"Fresno County (California, USA)",5204,162224-805,14220 E Kamm Ave,Kingsburg,93631,"Fresno County (California, USA)",,,Kingsburg,355.468643,Kingsburg,Fresno,California,-119.534816,36.531908,Exact,,JB- Collected by CR,GRVD,Infusion (fresh grass or other freshly picked organic material),2025-04-17,16,1,1,N,"Fixed; E of Kamm and Madsen on S side, orchard",Culex erythrothorax,04/21/25 08:30 AM,,,,1
CNSL,93,3403916,5204,162224-805,14220 E Kamm Ave,Kingsburg,93631,"Fresno County (California, USA)",5204,162224-805,14220 E Kamm Ave,Kingsburg,93631,"Fresno County (California, USA)",,,Kingsburg,355.468643,Kingsburg,Fresno,California,-119.534816,36.531908,Exact,,JB- Collected by CR,GRVD,Infusion (fresh grass or other freshly picked organic material),2025-04-17,16,1,1,N,"Fixed; E of Kamm and Madsen on S side, orchard",Culex stigmatosoma,04/21/25 08:30 AM,,,,1
CNSL,94,3403917,4357,162232-806,10620 E Clarkson Ave,Kingsburg,93631,"Fresno County (California, USA)",4357,162232-806,10620 E Clarkson Ave,Kingsburg,93631,"Fresno County (California, USA)",,,Kingsburg,2257.41925,Selma,Fresno,California,-119.598539,36.502653,Exact,,JB- Collected by CR,GRVD,Infusion (fresh grass or other freshly picked organic material),2025-04-17,16,1,1,N,Fixed; Clarkson and Del Rey walnut orchard,,04/21/25 08:31 AM,,,,
CNSL,95,3403918,5215,172215-805,East of Burris Park,Kingsburg,93631,"Fresno County (California, USA)",5215,172215-805,East of Burris Park,Kingsburg,93631,"Fresno County (California, USA)",,,Kingsburg,5811.416798,Hanford Northeast,Kings,California,-119.571208,36.452089,Exact,,JB- Collected by CR,GRVD,Infusion (fresh grass or other freshly picked organic material),2025-04-17,16,1,1,N,"Fixed; E of Burris Park, orchard",Culex quinquefasciatus,04/21/25 08:31 AM,,,,5
CNSL,95,3403918,5215,172215-805,East of Burris Park,Kingsburg,93631,"Fresno County (California, USA)",5215,172215-805,East of Burris Park,Kingsburg,93631,"Fresno County (California, USA)",,,Kingsburg,5811.416798,Hanford Northeast,Kings,California,-119.571208,36.452089,Exact,,JB- Collected by CR,GRVD,Infusion (fresh grass or other freshly picked organic material),2025-04-17,16,1,1,N,"Fixed; E of Burris Park, orchard",Culex stigmatosoma,04/21/25 08:31 AM,,,,2
CNSL,96,3403949,5273,162222-808,762 Howard St,Kingsburg,93631,"Fresno County (California, USA)",5273,162222-808,762 Howard St,Kingsburg,93631,"Fresno County (California, USA)",,,Kingsburg,83.45727132,Kingsburg,Fresno,California,-119.560357,36.529903,Exact,,JB- Collected by CR,BGSENT,"BG-Lure, CO2 (dry ice)",2025-04-17,16,1,1,N,Fixed; 762 Howard St,,04/21/25 08:36 AM,,,,
CNSL,97,3403950,5183,162223-831,2391 Skansen St,Kingsburg,93631,"Fresno County (California, USA)",5183,162223-831,2391 Skansen St,Kingsburg,93631,"Fresno County (California, USA)",,,Kingsburg,0,Kingsburg,Fresno,California,-119.541175,36.529765,Exact,,JB- Collected by CR,BGSENT,"BG-Lure, CO2 (dry ice)",2025-04-17,16,1,1,N,Fixed; 2391 Skansen St,,04/21/25 08:37 AM,,,,
CNSL,98,3403951,5202,162223-832,2396 17th Ave,Kingsburg,93631,"Fresno County (California, USA)",5202,162223-832,2396 17th Ave,Kingsburg,93631,"Fresno County (California, USA)",,,Kingsburg,0,Kingsburg,Fresno,California,-119.548855,36.522879,Exact,,JB- Collected by CR,BGSENT,"BG-Lure, CO2 (dry ice)",2025-04-17,16,1,1,N,Fixed; 2396 17th Ave,Culex quinquefasciatus,04/21/25 08:39 AM,,,4,
CNSL,99,3403952,5127,162222-803,14281 S. Academy Avenue,Kingsburg,93631,"Fresno County (California, USA)",5127,162222-803,14281 S. Academy Avenue,Kingsburg,93631,"Fresno County (California, USA)",,,Kingsburg,24.84430209,Kingsburg,Fresno,California,-119.557111,36.528722,Approximate,,JB- Collected by CR,BGSENT,"BG-Lure, CO2 (dry ice)",2025-04-17,16,1,1,N,2025 South; 992 Skansen,,04/21/25 08:40 AM,,,,
CNSL,100,3403955,4070,162231-807,McCall and Elkhorn Avenue,Selma,93662,"Fresno County (California, USA)",4070,162231-807,McCall and Elkhorn Avenue,Selma,93662,"Fresno County (California, USA)",,,Kingsburg,4457.141892,Selma,Fresno,California,-119.620194,36.493,Exact,,JB- Collected by CR,CO2,CO2 (dry ice),2025-04-17,16,1,1,N,"Fixed; SW of Harris Ranch, orchard",,04/21/25 08:55 AM,,,,
CNSL,101,3403956,5198,172214-805,5375 Clinton Ave,Kingsburg,93631,"Fresno County (California, USA)",5198,172214-805,5375 Clinton Ave,Kingsburg,93631,"Fresno County (California, USA)",,,Kingsburg,5737.535137,Hanford Northeast,Kings,California,-119.557481,36.452159,Exact,,JB- Collected by CR,CO2,CO2 (dry ice),2025-04-17,16,1,1,N,"Fixed; E of 6th Ave and Clinton, orchard",Culex tarsalis,04/21/25 08:55 AM,,,1,
CNSL,102,3403957,5210,162227-818,12336 E Clarkson Ave,Kingsburg,93631,"Fresno County (California, USA)",5210,162227-818,12336 E Clarkson Ave,Kingsburg,93631,"Fresno County (California, USA)",,,Kingsburg,781.2544039,Kingsburg,Fresno,California,-119.570835,36.503751,Exact,,JB- Collected by CR,CO2,CO2 (dry ice),2025-04-17,16,1,1,N,"Fixed; E of Bethel on N side of Clarkson, orchard",Culex quinquefasciatus,04/21/25 08:56 AM,,5,,7
CNSL,103,3403958,3524,162308-804,12078 S Smith Ave,Kingsburg,93631,"Fresno County (California, USA)",3524,162308-804,12078 S Smith Ave,Kingsburg,93631,"Fresno County (California, USA)",,,Reedley,3417.671228,Kingsburg,Fresno,California,-119.501893,36.558758,Exact,,JB- Collected by CR,CO2,CO2 (dry ice),2025-04-17,16,1,1,N,"Fixed; SE corner of Nebraska and Smith, W of canal in almonds",Culiseta inornata,04/21/25 08:57 AM,,,1,
CNSL,104,3403959,5193,172202-809,5278 Benicia Ave,Kingsburg,93631,"Fresno County (California, USA)",5193,172202-809,5278 Benicia Ave,Kingsburg,93631,"Fresno County (California, USA)",,,Kingsburg,2505.926541,Hanford Northeast,Kings,California,-119.55348,36.481062,Exact,,JB- Collected by CR,CO2,CO2 (dry ice),2025-04-17,16,1,1,N,"Fixed; W of North 5 1/2 Ave and Benecia, orchard",Culex quinquefasciatus,04/21/25 08:57 AM,,,1,
CNSL,105,3403960,5204,162224-805,14220 E Kamm Ave,Kingsburg,93631,"Fresno County (California, USA)",5204,162224-805,14220 E Kamm Ave,Kingsburg,93631,"Fresno County (California, USA)",,,Kingsburg,355.468643,Kingsburg,Fresno,California,-119.534816,36.531908,Exact,,JB- Collected by CR,CO2,CO2 (dry ice),2025-04-17,16,1,1,N,"Fixed; E of Kamm and Madsen on S side, orchard",Culex quinquefasciatus,04/21/25 08:58 AM,,,5,
CNSL,105,3403960,5204,162224-805,14220 E Kamm Ave,Kingsburg,93631,"Fresno County (California, USA)",5204,162224-805,14220 E Kamm Ave,Kingsburg,93631,"Fresno County (California, USA)",,,Kingsburg,355.468643,Kingsburg,Fresno,California,-119.534816,36.531908,Exact,,JB- Collected by CR,CO2,CO2 (dry ice),2025-04-17,16,1,1,N,"Fixed; E of Kamm and Madsen on S side, orchard",Culex stigmatosoma,04/21/25 08:58 AM,,,1,
CNSL,106,3403961,4357,162232-806,10620 E Clarkson Ave,Kingsburg,93631,"Fresno County (California, USA)",4357,162232-806,10620 E Clarkson Ave,Kingsburg,93631,"Fresno County (California, USA)",,,Kingsburg,2257.41925,Selma,Fresno,California,-119.598539,36.502653,Exact,,JB- Collected by CR,CO2,CO2 (dry ice),2025-04-17,16,1,1,N,Fixed; Clarkson and Del Rey walnut orchard,,04/21/25 08:59 AM,,,,
CNSL,107,3403963,5215,172215-805,East of Burris Park,Kingsburg,93631,"Fresno County (California, USA)",5215,172215-805,East of Burris Park,Kingsburg,93631,"Fresno County (California, USA)",,,Kingsburg,5811.416798,Hanford Northeast,Kings,California,-119.571208,36.452089,Exact,,JB- Collected by CR,CO2,CO2 (dry ice),2025-04-17,16,1,1,N,"Fixed; E of Burris Park, orchard",,04/21/25 08:59 AM,,,,
CNSL,108,3403964,1118,122027-802,Friant and Audubon,Fresno,93720,"Fresno County (California, USA)",1118,122027-802,Friant and Audubon,Fresno,93720,"Fresno County (California, USA)",,,Fresno,0,Fresno,Fresno,California,-119.781875,36.865925,Exact,,JB- Collected by CR,GRVD,Infusion (fresh grass or other freshly picked organic material),2025-04-18,16,1,1,N,"Fixed; WWP, Japanese Garden",Culex quinquefasciatus,04/21/25 09:00 AM,,1,,6
CNSL,109,3403965,1119,122022-803,Friant and Audubon,Fresno,93720,"Fresno County (California, USA)",1119,122022-803,Friant and Audubon,Fresno,93720,"Fresno County (California, USA)",,,Fresno,0,Fresno,Fresno,California,-119.782428,36.868803,Exact,,JB- Collected by CR,GRVD,Infusion (fresh grass or other freshly picked organic material),2025-04-18,16,1,1,N,"Fixed; WWP, down hill in shrubs; 13",Culex quinquefasciatus,04/21/25 09:02 AM,,3,,33
CNSL,109,3403965,1119,122022-803,Friant and Audubon,Fresno,93720,"Fresno County (California, USA)",1119,122022-803,Friant and Audubon,Fresno,93720,"Fresno County (California, USA)",,,Fresno,0,Fresno,Fresno,California,-119.782428,36.868803,Exact,,JB- Collected by CR,GRVD,Infusion (fresh grass or other freshly picked organic material),2025-04-18,16,1,1,N,"Fixed; WWP, down hill in shrubs; 13",Culex stigmatosoma,04/21/25 09:02 AM,,1,,8
CNSL,109,3403965,1119,122022-803,Friant and Audubon,Fresno,93720,"Fresno County (California, USA)",1119,122022-803,Friant and Audubon,Fresno,93720,"Fresno County (California, USA)",,,Fresno,0,Fresno,Fresno,California,-119.782428,36.868803,Exact,,JB- Collected by CR,GRVD,Infusion (fresh grass or other freshly picked organic material),2025-04-18,16,1,1,N,"Fixed; WWP, down hill in shrubs; 13",Culex tarsalis,04/21/25 09:02 AM,,,,1
CNSL,110,3403966,8216,122013-809,10309 N Willow Ave,Fresno,93720,"Fresno County (California, USA)",8216,122013-809,10309 N Willow Ave,Fresno,93720,"Fresno County (California, USA)",,,Fresno,0,Fresno,Fresno,California,-119.730662,36.886501,Exact,,JB- Collected by CR,GRVD,Infusion (fresh grass or other freshly picked organic material),2025-04-18,16,1,1,N,Fixed; Clovis Community College,Culex quinquefasciatus,04/21/25 09:03 AM,,,,7
CNSL,110,3403966,8216,122013-809,10309 N Willow Ave,Fresno,93720,"Fresno County (California, USA)",8216,122013-809,10309 N Willow Ave,Fresno,93720,"Fresno County (California, USA)",,,Fresno,0,Fresno,Fresno,California,-119.730662,36.886501,Exact,,JB- Collected by CR,GRVD,Infusion (fresh grass or other freshly picked organic material),2025-04-18,16,1,1,N,Fixed; Clovis Community College,Culex stigmatosoma,04/21/25 09:03 AM,,,,1
CNSL,111,3403968,2635,112107-819,3950 Marcus Ave,Friant,93626,"Fresno County (California, USA)",2635,112107-819,3950 Marcus Ave,Friant,93626,"Fresno County (California, USA)",,,Friant,0,Fresno,Fresno,California,-119.711428,36.985059,Exact,,JB- Collected by CR,GRVD,Infusion (fresh grass or other freshly picked organic material),2025-04-18,16,1,1,N,Fixed; 3950 Marcus,Culex quinquefasciatus,04/21/25 09:04 AM,,,,1
CNSL,111,3403968,2635,112107-819,3950 Marcus Ave,Friant,93626,"Fresno County (California, USA)",2635,112107-819,3950 Marcus Ave,Friant,93626,"Fresno County (California, USA)",,,Friant,0,Fresno,Fresno,California,-119.711428,36.985059,Exact,,JB- Collected by CR,GRVD,Infusion (fresh grass or other freshly picked organic material),2025-04-18,16,1,1,N,Fixed; 3950 Marcus,Culex tarsalis,04/21/25 09:04 AM,,,,1
CNSL,111,3403968,2635,112107-819,3950 Marcus Ave,Friant,93626,"Fresno County (California, USA)",2635,112107-819,3950 Marcus Ave,Friant,93626,"Fresno County (California, USA)",,,Friant,0,Fresno,Fresno,California,-119.711428,36.985059,Exact,,JB- Collected by CR,GRVD,Infusion (fresh grass or other freshly picked organic material),2025-04-18,16,1,1,N,Fixed; 3950 Marcus,Culex stigmatosoma,04/21/25 09:04 AM,,1,,
CNSL,112,3403969,8223,122026-813,8215 N Yorktown Dr,Fresno,93420,"Fresno County (California, USA)",8223,122026-813,8215 N Yorktown Dr,Fresno,93420,"Fresno County (California, USA)",,,Fresno,0,Fresno,Fresno,California,-119.762797,36.85529,Exact,,JB- Collected by CR,GRVD,Infusion (fresh grass or other freshly picked organic material),2025-04-18,16,1,1,N,Fixed; 8215 N Yorktown; 14,Culex quinquefasciatus,04/21/25 09:05 AM,,2,,39
CNSL,113,3403970,1600,112107-812,Country Side and Parker,Friant,93611,"Fresno County (California, USA)",1600,112107-812,Country Side and Parker,Friant,93611,"Fresno County (California, USA)",,,Friant,0,Fresno,Fresno,California,-119.713984,36.982524,Exact,,JB- Collected by CR,GRVD,Infusion (fresh grass or other freshly picked organic material),2025-04-18,16,1,1,N,"Fixed; Friant, bt houses and treatment ponds",Culex quinquefasciatus,04/21/25 09:05 AM,,,,8
CNSL,114,3403972,1325,112107-810,Flemming Road & Brook Trout Drive,Friant,93626,"Fresno County (California, USA)",1325,112107-810,Flemming Road & Brook Trout Drive,Friant,93626,"Fresno County (California, USA)",,,Friant,0,Fresno,Fresno,California,-119.715028,36.988917,Exact,,JB- Collected by CR,GRVD,Infusion (fresh grass or other freshly picked organic material),2025-04-18,16,1,1,N,"Fixed; Friant, Fish Hatchery",Culex quinquefasciatus,04/21/25 09:06 AM,,,,4
CNSL,115,3403974,1118,122027-802,Friant and Audubon,Fresno,93720,"Fresno County (California, USA)",1118,122027-802,Friant and Audubon,Fresno,93720,"Fresno County (California, USA)",,,Fresno,0,Fresno,Fresno,California,-119.781875,36.865925,Exact,,JB- Collected by CR,BGSENT,"BG-Lure, CO2 (dry ice)",2025-04-18,16,1,1,N,"Fixed; WWP, Japanese Garden",Culex quinquefasciatus,04/21/25 09:07 AM,,,2,
CNSL,115,3403974,1118,122027-802,Friant and Audubon,Fresno,93720,"Fresno County (California, USA)",1118,122027-802,Friant and Audubon,Fresno,93720,"Fresno County (California, USA)",,,Fresno,0,Fresno,Fresno,California,-119.781875,36.865925,Exact,,JB- Collected by CR,BGSENT,"BG-Lure, CO2 (dry ice)",2025-04-18,16,1,1,N,"Fixed; WWP, Japanese Garden",Culex tarsalis,04/21/25 09:07 AM,,1,1,
CNSL,115,3403974,1118,122027-802,Friant and Audubon,Fresno,93720,"Fresno County (California, USA)",1118,122027-802,Friant and Audubon,Fresno,93720,"Fresno County (California, USA)",,,Fresno,0,Fresno,Fresno,California,-119.781875,36.865925,Exact,,JB- Collected by CR,BGSENT,"BG-Lure, CO2 (dry ice)",2025-04-18,16,1,1,N,"Fixed; WWP, Japanese Garden",Culex stigmatosoma,04/21/25 09:07 AM,,,1,
CNSL,116,3403975,8216,122013-809,10309 N Willow Ave,Fresno,93720,"Fresno County (California, USA)",8216,122013-809,10309 N Willow Ave,Fresno,93720,"Fresno County (California, USA)",,,Fresno,0,Fresno,Fresno,California,-119.730662,36.886501,Exact,,JB- Collected by CR,BGSENT,"BG-Lure, CO2 (dry ice)",2025-04-18,16,1,1,N,Fixed; Clovis Community College,Culex tarsalis,04/21/25 09:09 AM,,,7,
CNSL,116,3403975,8216,122013-809,10309 N Willow Ave,Fresno,93720,"Fresno County (California, USA)",8216,122013-809,10309 N Willow Ave,Fresno,93720,"Fresno County (California, USA)",,,Fresno,0,Fresno,Fresno,California,-119.730662,36.886501,Exact,,JB- Collected by CR,BGSENT,"BG-Lure, CO2 (dry ice)",2025-04-18,16,1,1,N,Fixed; Clovis Community College,Culex stigmatosoma,04/21/25 09:09 AM,,,3,
CNSL,117,3403977,2635,112107-819,3950 Marcus Ave,Friant,93626,"Fresno County (California, USA)",2635,112107-819,3950 Marcus Ave,Friant,93626,"Fresno County (California, USA)",,,Friant,0,Fresno,Fresno,California,-119.711428,36.985059,Exact,,JB- Collected by CR,BGSENT,"BG-Lure, CO2 (dry ice)",2025-04-18,16,1,1,N,Fixed;; 3950 Marcus,Culex quinquefasciatus,04/21/25 09:10 AM,,,1,
CNSL,117,3403977,2635,112107-819,3950 Marcus Ave,Friant,93626,"Fresno County (California, USA)",2635,112107-819,3950 Marcus Ave,Friant,93626,"Fresno County (California, USA)",,,Friant,0,Fresno,Fresno,California,-119.711428,36.985059,Exact,,JB- Collected by CR,BGSENT,"BG-Lure, CO2 (dry ice)",2025-04-18,16,1,1,N,Fixed;; 3950 Marcus,Culex tarsalis,04/21/25 09:10 AM,,1,,
CNSL,118,3403978,8223,122026-813,8215 N Yorktown Dr,Fresno,93420,"Fresno County (California, USA)",8223,122026-813,8215 N Yorktown Dr,Fresno,93420,"Fresno County (California, USA)",,,Fresno,0,Fresno,Fresno,California,-119.762797,36.85529,Exact,,JB- Collected by CR,BGSENT,"BG-Lure, CO2 (dry ice)",2025-04-18,16,1,1,N,Fixed; 8215 N Yorktown,Culex quinquefasciatus,04/21/25 09:10 AM,,,6,
CNSL,119,3403980,1119,122022-803,Friant and Audubon,Fresno,93720,"Fresno County (California, USA)",1119,122022-803,Friant and Audubon,Fresno,93720,"Fresno County (California, USA)",,,Fresno,0,Fresno,Fresno,California,-119.782428,36.868803,Exact,,JB- Collected by CR,CO2,"BG-Lure, CO2 (dry ice)",2025-04-18,16,1,1,N,"Fixed; WWP, down hill in shrubs",Culex quinquefasciatus,04/21/25 09:13 AM,,,2,
CNSL,119,3403980,1119,122022-803,Friant and Audubon,Fresno,93720,"Fresno County (California, USA)",1119,122022-803,Friant and Audubon,Fresno,93720,"Fresno County (California, USA)",,,Fresno,0,Fresno,Fresno,California,-119.782428,36.868803,Exact,,JB- Collected by CR,CO2,"BG-Lure, CO2 (dry ice)",2025-04-18,16,1,1,N,"Fixed; WWP, down hill in shrubs",Culex tarsalis,04/21/25 09:13 AM,,,6,
CNSL,120,3403982,1600,112107-812,Country Side and Parker,Friant,93611,"Fresno County (California, USA)",1600,112107-812,Country Side and Parker,Friant,93611,"Fresno County (California, USA)",,,Friant,0,Fresno,Fresno,California,-119.713984,36.982524,Exact,,JB- Collected by CR,CO2,"BG-Lure, CO2 (dry ice)",2025-04-18,16,1,1,N,"Fixed; Friant, bt houses and treatment ponds; 15",Culex quinquefasciatus,04/21/25 09:14 AM,,,29,
CNSL,120,3403982,1600,112107-812,Country Side and Parker,Friant,93611,"Fresno County (California, USA)",1600,112107-812,Country Side and Parker,Friant,93611,"Fresno County (California, USA)",,,Friant,0,Fresno,Fresno,California,-119.713984,36.982524,Exact,,JB- Collected by CR,CO2,"BG-Lure, CO2 (dry ice)",2025-04-18,16,1,1,N,"Fixed; Friant, bt houses and treatment ponds; 15",Culex tarsalis,04/21/25 09:14 AM,,,19,
CNSL,120,3403982,1600,112107-812,Country Side and Parker,Friant,93611,"Fresno County (California, USA)",1600,112107-812,Country Side and Parker,Friant,93611,"Fresno County (California, USA)",,,Friant,0,Fresno,Fresno,California,-119.713984,36.982524,Exact,,JB- Collected by CR,CO2,"BG-Lure, CO2 (dry ice)",2025-04-18,16,1,1,N,"Fixed; Friant, bt houses and treatment ponds; 15",Culex stigmatosoma,04/21/25 09:14 AM,,,2,
CNSL,121,3403983,1325,112107-810,Flemming Road & Brook Trout Drive,Friant,93626,"Fresno County (California, USA)",1325,112107-810,Flemming Road & Brook Trout Drive,Friant,93626,"Fresno County (California, USA)",,,Friant,0,Fresno,Fresno,California,-119.715028,36.988917,Exact,,JB- Collected by CR,CO2,"BG-Lure, CO2 (dry ice)",2025-04-18,16,1,1,N,"Fixed; Friant, Fish Hatchery",Culex stigmatosoma,04/21/25 09:14 AM,,,1,
CNSL,121,3403983,1325,112107-810,Flemming Road & Brook Trout Drive,Friant,93626,"Fresno County (California, USA)",1325,112107-810,Flemming Road & Brook Trout Drive,Friant,93626,"Fresno County (California, USA)",,,Friant,0,Fresno,Fresno,California,-119.715028,36.988917,Exact,,JB- Collected by CR,CO2,"BG-Lure, CO2 (dry ice)",2025-04-18,16,1,1,N,"Fixed; Friant, Fish Hatchery",Culex tarsalis,04/21/25 09:14 AM,,,1,
CNSL,122,3403989,2233,142304-803,Rio Vista and Trimmer Springs Road,Sanger,93657,"Fresno County (California, USA)",2233,142304-803,Rio Vista and Trimmer Springs Road,Sanger,93657,"Fresno County (California, USA)",,,Centerville,0,Sanger,Fresno,California,-119.473083,36.744778,Exact,,JB- Collected by CR,CO2,CO2 (dry ice),2025-04-16,16,1,1,N,Fixed; Collins Creek/ Paxton's middle of trail,Culex thriambus,04/21/25 09:18 AM,,,1,
CNSL,122,3403989,2233,142304-803,Rio Vista and Trimmer Springs Road,Sanger,93657,"Fresno County (California, USA)",2233,142304-803,Rio Vista and Trimmer Springs Road,Sanger,93657,"Fresno County (California, USA)",,,Centerville,0,Sanger,Fresno,California,-119.473083,36.744778,Exact,,JB- Collected by CR,CO2,CO2 (dry ice),2025-04-16,16,1,1,N,Fixed; Collins Creek/ Paxton's middle of trail,Aedes melanimon,04/21/25 09:18 AM,,,1,
CNSL,123,3404008,1566,132106-822,6743 Willow,Fresno,93710,"Fresno County (California, USA)",1566,132106-822,6743 Willow,Fresno,93710,"Fresno County (California, USA)",,,Fresno,0,Fresno,Fresno,California,-119.731051,36.833932,Exact,,JB- Collected by MT,GRVD,Infusion (fresh grass or other freshly picked organic material),2025-04-18,16,1,1,N,Random; 3187 Palo Alto,Culex quinquefasciatus,04/21/25 09:31 AM,,,,10
CNSL,124,3404013,7,132012-815,2650 E Shaw Ave,Fresno,93710,"Fresno County (California, USA)",7,132012-815,2650 E Shaw Ave,Fresno,93710,"Fresno County (California, USA)",,,Fresno,0,Fresno,Fresno,California,-119.737857,36.812677,Approximate,,JB- Collected by MT,GRVD,Infusion (fresh grass or other freshly picked organic material),2025-04-18,16,1,1,N,"CSUF; Shaw and Chestnut, PB Site A",Culex quinquefasciatus,04/21/25 09:33 AM,,2,,16
CNSL,125,3404018,7,132012-815,2650 E Shaw Ave,Fresno,93710,"Fresno County (California, USA)",7,132012-815,2650 E Shaw Ave,Fresno,93710,"Fresno County (California, USA)",,,Fresno,0,Fresno,Fresno,California,-119.737857,36.812677,Approximate,,JB- Collected by MT,GRVD,Infusion (fresh grass or other freshly picked organic material),2025-04-18,16,1,1,N,"CSUF; Shaw and Chestnut, PB Site B",Culex quinquefasciatus,04/21/25 09:34 AM,,,,5
CNSL,126,3404020,1210,132011-801,1620 Bulldog Lane; CSUF,Fresno,93740,"Fresno County (California, USA)",1210,132011-801,1620 Bulldog Lane; CSUF,Fresno,93740,"Fresno County (California, USA)",,,Fresno,0,Fresno,Fresno,California,-119.758989,36.812867,Approximate,,JB- Collected by MT,GRVD,Infusion (fresh grass or other freshly picked organic material),2025-04-18,16,1,1,N,"CSUF; Cedar and Bulldog, Stadium PB; 12",Culex quinquefasciatus,04/21/25 09:36 AM,,3,,60
CNSL,126,3404020,1210,132011-801,1620 Bulldog Lane; CSUF,Fresno,93740,"Fresno County (California, USA)",1210,132011-801,1620 Bulldog Lane; CSUF,Fresno,93740,"Fresno County (California, USA)",,,Fresno,0,Fresno,Fresno,California,-119.758989,36.812867,Approximate,,JB- Collected by MT,GRVD,Infusion (fresh grass or other freshly picked organic material),2025-04-18,16,1,1,N,"CSUF; Cedar and Bulldog, Stadium PB; 12",Culex tarsalis,04/21/25 09:36 AM,,,,2
CNSL,127,3404022,1087,132106-801,North/East of Chestnut and Bullard; CSUF,Fresno,93710,"Fresno County (California, USA)",1087,132106-801,North/East of Chestnut and Bullard; CSUF,Fresno,93710,"Fresno County (California, USA)",,,Fresno,0,Fresno,Fresno,California,-119.732597,36.826664,Exact,,JB- Collected by MT,GRVD,Infusion (fresh grass or other freshly picked organic material),2025-04-18,16,1,1,N,"CSUF; Chestnut and Bullard, olive orchard",Culex quinquefasciatus,04/21/25 09:37 AM,,,,16
CNSL,127,3404022,1087,132106-801,North/East of Chestnut and Bullard; CSUF,Fresno,93710,"Fresno County (California, USA)",1087,132106-801,North/East of Chestnut and Bullard; CSUF,Fresno,93710,"Fresno County (California, USA)",,,Fresno,0,Fresno,Fresno,California,-119.732597,36.826664,Exact,,JB- Collected by MT,GRVD,Infusion (fresh grass or other freshly picked organic material),2025-04-18,16,1,1,N,"CSUF; Chestnut and Bullard, olive orchard",Culex stigmatosoma,04/21/25 09:37 AM,,,,1
CNSL,128,3404026,1566,132106-822,6743 Willow,Fresno,93710,"Fresno County (California, USA)",1566,132106-822,6743 Willow,Fresno,93710,"Fresno County (California, USA)",,,Fresno,0,Fresno,Fresno,California,-119.731051,36.833932,Approximate,,JB- Collected by MT,BGSENT,"BG-Lure, CO2 (dry ice)",2025-04-18,16,1,1,N,Random; 3187 Palo Alto,Culex quinquefasciatus,04/21/25 09:38 AM,,,6,
CNSL,128,3404026,1566,132106-822,6743 Willow,Fresno,93710,"Fresno County (California, USA)",1566,132106-822,6743 Willow,Fresno,93710,"Fresno County (California, USA)",,,Fresno,0,Fresno,Fresno,California,-119.731051,36.833932,Approximate,,JB- Collected by MT,BGSENT,"BG-Lure, CO2 (dry ice)",2025-04-18,16,1,1,N,Random; 3187 Palo Alto,Culex tarsalis,04/21/25 09:38 AM,,,3,
CNSL,129,3404029,7,132012-815,2650 E Shaw Ave,Fresno,93710,"Fresno County (California, USA)",7,132012-815,2650 E Shaw Ave,Fresno,93710,"Fresno County (California, USA)",,,Fresno,0,Fresno,Fresno,California,-119.737857,36.812677,Approximate,,JB- Collected by MT,CO2,CO2 (dry ice),2025-04-18,16,1,1,N,"CSUF; Shaw and Chestnut, PB Site A",Culex quinquefasciatus,04/21/25 09:39 AM,,,2,
CNSL,129,3404029,7,132012-815,2650 E Shaw Ave,Fresno,93710,"Fresno County (California, USA)",7,132012-815,2650 E Shaw Ave,Fresno,93710,"Fresno County (California, USA)",,,Fresno,0,Fresno,Fresno,California,-119.737857,36.812677,Approximate,,JB- Collected by MT,CO2,CO2 (dry ice),2025-04-18,16,1,1,N,"CSUF; Shaw and Chestnut, PB Site A",Culex erythrothorax,04/21/25 09:39 AM,,,2,
CNSL,129,3404029,7,132012-815,2650 E Shaw Ave,Fresno,93710,"Fresno County (California, USA)",7,132012-815,2650 E Shaw Ave,Fresno,93710,"Fresno County (California, USA)",,,Fresno,0,Fresno,Fresno,California,-119.737857,36.812677,Approximate,,JB- Collected by MT,CO2,CO2 (dry ice),2025-04-18,16,1,1,N,"CSUF; Shaw and Chestnut, PB Site A",Culex tarsalis,04/21/25 09:39 AM,,,5,
CNSL,129,3404029,7,132012-815,2650 E Shaw Ave,Fresno,93710,"Fresno County (California, USA)",7,132012-815,2650 E Shaw Ave,Fresno,93710,"Fresno County (California, USA)",,,Fresno,0,Fresno,Fresno,California,-119.737857,36.812677,Approximate,,JB- Collected by MT,CO2,CO2 (dry ice),2025-04-18,16,1,1,N,"CSUF; Shaw and Chestnut, PB Site A",Anopheles freeborni,04/21/25 09:39 AM,,,4,
CNSL,129,3404029,7,132012-815,2650 E Shaw Ave,Fresno,93710,"Fresno County (California, USA)",7,132012-815,2650 E Shaw Ave,Fresno,93710,"Fresno County (California, USA)",,,Fresno,0,Fresno,Fresno,California,-119.737857,36.812677,Approximate,,JB- Collected by MT,CO2,CO2 (dry ice),2025-04-18,16,1,1,N,"CSUF; Shaw and Chestnut, PB Site A",Culiseta inornata,04/21/25 09:39 AM,,,1,
CNSL,130,3404032,7,132012-815,2650 E Shaw Ave,Fresno,93710,"Fresno County (California, USA)",7,132012-815,2650 E Shaw Ave,Fresno,93710,"Fresno County (California, USA)",,,Fresno,0,Fresno,Fresno,California,-119.737857,36.812677,Approximate,,JB- Collected by MT,CO2,CO2 (dry ice),2025-04-18,16,1,1,N,"CSUF; Shaw and Chestnut, PB Site B",Culex tarsalis,04/21/25 09:41 AM,,,51,
CNSL,130,3404032,7,132012-815,2650 E Shaw Ave,Fresno,93710,"Fresno County (California, USA)",7,132012-815,2650 E Shaw Ave,Fresno,93710,"Fresno County (California, USA)",,,Fresno,0,Fresno,Fresno,California,-119.737857,36.812677,Approximate,,JB- Collected by MT,CO2,CO2 (dry ice),2025-04-18,16,1,1,N,"CSUF; Shaw and Chestnut, PB Site B",Culex erythrothorax,04/21/25 09:41 AM,,,342,
CNSL,130,3404032,7,132012-815,2650 E Shaw Ave,Fresno,93710,"Fresno County (California, USA)",7,132012-815,2650 E Shaw Ave,Fresno,93710,"Fresno County (California, USA)",,,Fresno,0,Fresno,Fresno,California,-119.737857,36.812677,Approximate,,JB- Collected by MT,CO2,CO2 (dry ice),2025-04-18,16,1,1,N,"CSUF; Shaw and Chestnut, PB Site B",Anopheles freeborni,04/21/25 09:41 AM,,,1,
CNSL,131,3404034,1210,132011-801,1620 Bulldog Lane; CSUF,Fresno,93740,"Fresno County (California, USA)",1210,132011-801,1620 Bulldog Lane; CSUF,Fresno,93740,"Fresno County (California, USA)",,,Fresno,0,Fresno,Fresno,California,-119.758989,36.812867,Approximate,,JB- Collected by MT,CO2,CO2 (dry ice),2025-04-18,16,1,1,N,"CSUF; Cedar and Bulldog, Stadium PB",Culex tarsalis,04/21/25 09:42 AM,,,7,
CNSL,132,3404037,1087,132106-801,North/East of Chestnut and Bullard; CSUF,Fresno,93710,"Fresno County (California, USA)",1087,132106-801,North/East of Chestnut and Bullard; CSUF,Fresno,93710,"Fresno County (California, USA)",,,Fresno,0,Fresno,Fresno,California,-119.732597,36.826664,Exact,,JB- Collected by MT,CO2,CO2 (dry ice),2025-04-18,16,1,1,N,"CSUF; Chestnut and Bullard, olive orchard",Culex quinquefasciatus,04/21/25 09:43 AM,,,9,
CNSL,132,3404037,1087,132106-801,North/East of Chestnut and Bullard; CSUF,Fresno,93710,"Fresno County (California, USA)",1087,132106-801,North/East of Chestnut and Bullard; CSUF,Fresno,93710,"Fresno County (California, USA)",,,Fresno,0,Fresno,Fresno,California,-119.732597,36.826664,Exact,,JB- Collected by MT,CO2,CO2 (dry ice),2025-04-18,16,1,1,N,"CSUF; Chestnut and Bullard, olive orchard",Culex stigmatosoma,04/21/25 09:43 AM,,,2,
CNSL,132,3404037,1087,132106-801,North/East of Chestnut and Bullard; CSUF,Fresno,93710,"Fresno County (California, USA)",1087,132106-801,North/East of Chestnut and Bullard; CSUF,Fresno,93710,"Fresno County (California, USA)",,,Fresno,0,Fresno,Fresno,California,-119.732597,36.826664,Exact,,JB- Collected by MT,CO2,CO2 (dry ice),2025-04-18,16,1,1,N,"CSUF; Chestnut and Bullard, olive orchard",Culex tarsalis,04/21/25 09:43 AM,,,17,
CNSL,133,3405135,5217,172127-807,21030 S Fowler Ave,Laton,93242,"Fresno County (California, USA)",5217,172127-807,21030 S Fowler Ave,Laton,93242,"Fresno County (California, USA)",,,Laton,0,Laton,Fresno,California,-119.685016,36.430048,Exact,,KR- Collected by MT,GRVD,Infusion (fresh grass or other freshly picked organic material),2025-04-22,17,1,1,N,"Fixed; almond orchard N of Levee and Fowler, S of canal",Culex quinquefasciatus,04/23/25 08:14 AM,,6,,11
CNSL,133,3405135,5217,172127-807,21030 S Fowler Ave,Laton,93242,"Fresno County (California, USA)",5217,172127-807,21030 S Fowler Ave,Laton,93242,"Fresno County (California, USA)",,,Laton,0,Laton,Fresno,California,-119.685016,36.430048,Exact,,KR- Collected by MT,GRVD,Infusion (fresh grass or other freshly picked organic material),2025-04-22,17,1,1,N,"Fixed; almond orchard N of Levee and Fowler, S of canal",Culex tarsalis,04/23/25 08:14 AM,,,,1
CNSL,133,3405135,5217,172127-807,21030 S Fowler Ave,Laton,93242,"Fresno County (California, USA)",5217,172127-807,21030 S Fowler Ave,Laton,93242,"Fresno County (California, USA)",,,Laton,0,Laton,Fresno,California,-119.685016,36.430048,Exact,,KR- Collected by MT,GRVD,Infusion (fresh grass or other freshly picked organic material),2025-04-22,17,1,1,N,"Fixed; almond orchard N of Levee and Fowler, S of canal",Culex stigmatosoma,04/23/25 08:14 AM,,3,,4
CNSL,134,3405137,5286,172122-819,6822 De Woody St,Laton,93242,"Fresno County (California, USA)",5286,172122-819,6822 De Woody St,Laton,93242,"Fresno County (California, USA)",,,Laton,0,Laton,Fresno,California,-119.67538,36.435832,Exact,,KR- Collected by MT,GRVD,Infusion (fresh grass or other freshly picked organic material),2025-04-22,17,1,1,N,Fixed; 6822 De Woody Ave,Culex quinquefasciatus,04/23/25 08:15 AM,,,,10
CNSL,134,3405137,5286,172122-819,6822 De Woody St,Laton,93242,"Fresno County (California, USA)",5286,172122-819,6822 De Woody St,Laton,93242,"Fresno County (California, USA)",,,Laton,0,Laton,Fresno,California,-119.67538,36.435832,Exact,,KR- Collected by MT,GRVD,Infusion (fresh grass or other freshly picked organic material),2025-04-22,17,1,1,N,Fixed; 6822 De Woody Ave,Culex stigmatosoma,04/23/25 08:15 AM,,,,2
CNSL,134,3405137,5286,172122-819,6822 De Woody St,Laton,93242,"Fresno County (California, USA)",5286,172122-819,6822 De Woody St,Laton,93242,"Fresno County (California, USA)",,,Laton,0,Laton,Fresno,California,-119.67538,36.435832,Exact,,KR- Collected by MT,GRVD,Infusion (fresh grass or other freshly picked organic material),2025-04-22,17,1,1,N,Fixed; 6822 De Woody Ave,Culicoides,04/23/25 08:15 AM,,,,4
CNSL,135,3405138,5287,172121-805,approx 5308 E Mt Whitney Ave,Laton,93242,"Fresno County (California, USA)",5287,172121-805,approx 5308 E Mt Whitney Ave,Laton,93242,"Fresno County (California, USA)",,,Laton,0,Laton,Fresno,California,-119.702103,36.431326,Exact,,KR- Collected by MT,GRVD,Infusion (fresh grass or other freshly picked organic material),2025-04-22,17,1,1,N,Fixed; orchard W of Mnt Whitney and Latonia,Culex quinquefasciatus,04/23/25 08:16 AM,,2,,7
CNSL,135,3405138,5287,172121-805,approx 5308 E Mt Whitney Ave,Laton,93242,"Fresno County (California, USA)",5287,172121-805,approx 5308 E Mt Whitney Ave,Laton,93242,"Fresno County (California, USA)",,,Laton,0,Laton,Fresno,California,-119.702103,36.431326,Exact,,KR- Collected by MT,GRVD,Infusion (fresh grass or other freshly picked organic material),2025-04-22,17,1,1,N,Fixed; orchard W of Mnt Whitney and Latonia,Culex tarsalis,04/23/25 08:16 AM,,2,,
CNSL,135,3405138,5287,172121-805,approx 5308 E Mt Whitney Ave,Laton,93242,"Fresno County (California, USA)",5287,172121-805,approx 5308 E Mt Whitney Ave,Laton,93242,"Fresno County (California, USA)",,,Laton,0,Laton,Fresno,California,-119.702103,36.431326,Exact,,KR- Collected by MT,GRVD,Infusion (fresh grass or other freshly picked organic material),2025-04-22,17,1,1,N,Fixed; orchard W of Mnt Whitney and Latonia,Culex stigmatosoma,04/23/25 08:16 AM,,1,,
CNSL,135,3405138,5287,172121-805,approx 5308 E Mt Whitney Ave,Laton,93242,"Fresno County (California, USA)",5287,172121-805,approx 5308 E Mt Whitney Ave,Laton,93242,"Fresno County (California, USA)",,,Laton,0,Laton,Fresno,California,-119.702103,36.431326,Exact,,KR- Collected by MT,GRVD,Infusion (fresh grass or other freshly picked organic material),2025-04-22,17,1,1,N,Fixed; orchard W of Mnt Whitney and Latonia,Culiseta inornata,04/23/25 08:16 AM,,,,1
CNSL,135,3405138,5287,172121-805,approx 5308 E Mt Whitney Ave,Laton,93242,"Fresno County (California, USA)",5287,172121-805,approx 5308 E Mt Whitney Ave,Laton,93242,"Fresno County (California, USA)",,,Laton,0,Laton,Fresno,California,-119.702103,36.431326,Exact,,KR- Collected by MT,GRVD,Infusion (fresh grass or other freshly picked organic material),2025-04-22,17,1,1,N,Fixed; orchard W of Mnt Whitney and Latonia,Culicoides,04/23/25 08:16 AM,,,,1
CNSL,136,3405139,6422,172010-804,Davis and Cedar,Caruthers,93609,"Fresno County (California, USA)",6422,172010-804,Davis and Cedar,Caruthers,93609,"Fresno County (California, USA)",,,Riverdale,7129.193864,Laton,Fresno,California,-119.779393,36.473879,Approximate,,KR- Collected by MT,GRVD,Infusion (fresh grass or other freshly picked organic material),2025-04-22,17,1,1,N,"2025 South; Davis and Elm, almond orchard",Culex quinquefasciatus,04/23/25 08:17 AM,,,,1
CNSL,136,3405139,6422,172010-804,Davis and Cedar,Caruthers,93609,"Fresno County (California, USA)",6422,172010-804,Davis and Cedar,Caruthers,93609,"Fresno County (California, USA)",,,Riverdale,7129.193864,Laton,Fresno,California,-119.779393,36.473879,Approximate,,KR- Collected by MT,GRVD,Infusion (fresh grass or other freshly picked organic material),2025-04-22,17,1,1,N,"2025 South; Davis and Elm, almond orchard",Culiseta inornata,04/23/25 08:17 AM,,,,1
CNSL,137,3405140,6321,172122-811,6219 E Riverdale Ave,Laton,93242,"Fresno County (California, USA)",6321,172122-811,6219 E Riverdale Ave,Laton,93242,"Fresno County (California, USA)",,,Laton,0,Laton,Fresno,California,-119.68824,36.439649,Exact,,KR- Collected by MT,GRVD,Infusion (fresh grass or other freshly picked organic material),2025-04-22,17,1,1,N,Fixed; almond orchard N of canal on E side of Fowler Ave,Culex quinquefasciatus,04/23/25 08:19 AM,,5,,17
CNSL,137,3405140,6321,172122-811,6219 E Riverdale Ave,Laton,93242,"Fresno County (California, USA)",6321,172122-811,6219 E Riverdale Ave,Laton,93242,"Fresno County (California, USA)",,,Laton,0,Laton,Fresno,California,-119.68824,36.439649,Exact,,KR- Collected by MT,GRVD,Infusion (fresh grass or other freshly picked organic material),2025-04-22,17,1,1,N,Fixed; almond orchard N of canal on E side of Fowler Ave,Culiseta inornata,04/23/25 08:19 AM,,,,1
CNSL,137,3405140,6321,172122-811,6219 E Riverdale Ave,Laton,93242,"Fresno County (California, USA)",6321,172122-811,6219 E Riverdale Ave,Laton,93242,"Fresno County (California, USA)",,,Laton,0,Laton,Fresno,California,-119.68824,36.439649,Exact,,KR- Collected by MT,GRVD,Infusion (fresh grass or other freshly picked organic material),2025-04-22,17,1,1,N,Fixed; almond orchard N of canal on E side of Fowler Ave,Culex stigmatosoma,04/23/25 08:19 AM,,,,13
CNSL,138,3405141,5259,172123-807,7476 E Mt Whitney Ave,Laton,93242,"Fresno County (California, USA)",5259,172123-807,7476 E Mt Whitney Ave,Laton,93242,"Fresno County (California, USA)",,,Laton,649.2708125,Laton,Fresno,California,-119.663543,36.431123,Exact,,KR- Collected by MT,GRVD,Infusion (fresh grass or other freshly picked organic material),2025-04-22,17,1,1,N,"Fixed; NW corner of Mnt Whitney and Laton, almond orchard",Culex quinquefasciatus,04/23/25 08:21 AM,,1,,6
CNSL,139,3405142,5116,172128-803,5505 E. Mount Whitney Avenue,Laton,93242,"Fresno County (California, USA)",5116,172128-803,5505 E. Mount Whitney Avenue,Laton,93242,"Fresno County (California, USA)",,,Laton,0,Laton,Fresno,California,-119.698306,36.427667,Exact,,KR- Collected by MT,GRVD,Infusion (fresh grass or other freshly picked organic material),2025-04-22,17,1,1,N,"Fixed; SW of Mt Whitney and W of Old Kingston, almonds N of canal",Culex quinquefasciatus,04/23/25 08:22 AM,,,,2
CNSL,140,3405146,6346,172130-803,21721 Tiburcio Ave,Laton,93242,"Fresno County (California, USA)",6346,172130-803,21721 Tiburcio Ave,Laton,93242,"Fresno County (California, USA)",,,Hardwick,1909.315887,Laton,Fresno,California,-119.730603,36.421582,Exact,,KR- Collected by MT,GRVD,Infusion (fresh grass or other freshly picked organic material),2025-04-22,17,1,1,N,"Fixed; E of Tiburcio S of Mt Whitney, District boarder",Culex quinquefasciatus,04/23/25 08:24 AM,,,,11
CNSL,141,3405149,5279,172121-804,W of Riverdale Ave and Fatima Ave,Laton,93242,"Fresno County (California, USA)",5279,172121-804,W of Riverdale Ave and Fatima Ave,Laton,93242,"Fresno County (California, USA)",,,Laton,0,Laton,Fresno,California,-119.696632,36.439072,Exact,,KR- Collected by MT,GRVD,Infusion (fresh grass or other freshly picked organic material),2025-04-22,17,1,1,N,Fixed; Orchard W of Riverdale Ave and Fatima Ave,Culex quinquefasciatus,04/23/25 08:25 AM,,,,10
CNSL,141,3405149,5279,172121-804,W of Riverdale Ave and Fatima Ave,Laton,93242,"Fresno County (California, USA)",5279,172121-804,W of Riverdale Ave and Fatima Ave,Laton,93242,"Fresno County (California, USA)",,,Laton,0,Laton,Fresno,California,-119.696632,36.439072,Exact,,KR- Collected by MT,GRVD,Infusion (fresh grass or other freshly picked organic material),2025-04-22,17,1,1,N,Fixed; Orchard W of Riverdale Ave and Fatima Ave,Culex stigmatosoma,04/23/25 08:25 AM,,,,1
CNSL,142,3405151,6166,172129-807,Hochderffer and Clovis Avenue,Laton,93242,"Fresno County (California, USA)",6166,172129-807,Hochderffer and Clovis Avenue,Laton,93242,"Fresno County (California, USA)",,,Laton,290.758945,Laton,Fresno,California,-119.711861,36.427389,Exact,,KR- Collected by MT,GRVD,Infusion (fresh grass or other freshly picked organic material),2025-04-22,17,1,1,N,"Fixed; stonefruit orchard E of Clovis N side of Hochderffer, W of corn and eucalyptus",Culex quinquefasciatus,04/23/25 08:27 AM,,2,,2
CNSL,142,3405151,6166,172129-807,Hochderffer and Clovis Avenue,Laton,93242,"Fresno County (California, USA)",6166,172129-807,Hochderffer and Clovis Avenue,Laton,93242,"Fresno County (California, USA)",,,Laton,290.758945,Laton,Fresno,California,-119.711861,36.427389,Exact,,KR- Collected by MT,GRVD,Infusion (fresh grass or other freshly picked organic material),2025-04-22,17,1,1,N,"Fixed; stonefruit orchard E of Clovis N side of Hochderffer, W of corn and eucalyptus",Culex stigmatosoma,04/23/25 08:27 AM,,1,,
CNSL,142,3405151,6166,172129-807,Hochderffer and Clovis Avenue,Laton,93242,"Fresno County (California, USA)",6166,172129-807,Hochderffer and Clovis Avenue,Laton,93242,"Fresno County (California, USA)",,,Laton,290.758945,Laton,Fresno,California,-119.711861,36.427389,Exact,,KR- Collected by MT,GRVD,Infusion (fresh grass or other freshly picked organic material),2025-04-22,17,1,1,N,"Fixed; stonefruit orchard E of Clovis N side of Hochderffer, W of corn and eucalyptus",Culex tarsalis,04/23/25 08:27 AM,,1,,
CNSL,143,3405152,8239,132127-810,SW corner Weldon & Armstorng Ave,Fresno,93727`,"Fresno County (California, USA)",8239,132127-810,SW corner Weldon & Armstorng Ave,Fresno,93727`,"Fresno County (California, USA)",,,Fresno,77.80101559,Fresno,Fresno,California,-119.67365,36.767792,Exact,,JB- Collected by CR,GRVD,Infusion (fresh grass or other freshly picked organic material),2025-04-22,17,1,1,N,Fixed; SW corner Weldon and Armstrong,Culex quinquefasciatus,04/23/25 08:29 AM,,2,,42
CNSL,143,3405152,8239,132127-810,SW corner Weldon & Armstorng Ave,Fresno,93727`,"Fresno County (California, USA)",8239,132127-810,SW corner Weldon & Armstorng Ave,Fresno,93727`,"Fresno County (California, USA)",,,Fresno,77.80101559,Fresno,Fresno,California,-119.67365,36.767792,Exact,,JB- Collected by CR,GRVD,Infusion (fresh grass or other freshly picked organic material),2025-04-22,17,1,1,N,Fixed; SW corner Weldon and Armstrong,Culex stigmatosoma,04/23/25 08:29 AM,,,,7
CNSL,143,3405152,8239,132127-810,SW corner Weldon & Armstorng Ave,Fresno,93727`,"Fresno County (California, USA)",8239,132127-810,SW corner Weldon & Armstorng Ave,Fresno,93727`,"Fresno County (California, USA)",,,Fresno,77.80101559,Fresno,Fresno,California,-119.67365,36.767792,Exact,,JB- Collected by CR,GRVD,Infusion (fresh grass or other freshly picked organic material),2025-04-22,17,1,1,N,Fixed; SW corner Weldon and Armstrong,Culex tarsalis,04/23/25 08:29 AM,,,,2
CNSL,144,3405153,1755,142101-803,8253 E Belmont Ave,Fresno,93727,"Fresno County (California, USA)",1755,142101-803,8253 E Belmont Ave,Fresno,93727,"Fresno County (California, USA)",,,Fresno,2356.24309,Fresno,Fresno,California,-119.637812,36.744684,Exact,,JB- Collected by CR,GRVD,Infusion (fresh grass or other freshly picked organic material),2025-04-22,17,1,1,N,Fixed; Belmont Country Club,Culex quinquefasciatus,04/23/25 08:30 AM,,3,,34
CNSL,144,3405153,1755,142101-803,8253 E Belmont Ave,Fresno,93727,"Fresno County (California, USA)",1755,142101-803,8253 E Belmont Ave,Fresno,93727,"Fresno County (California, USA)",,,Fresno,2356.24309,Fresno,Fresno,California,-119.637812,36.744684,Exact,,JB- Collected by CR,GRVD,Infusion (fresh grass or other freshly picked organic material),2025-04-22,17,1,1,N,Fixed; Belmont Country Club,Culex stigmatosoma,04/23/25 08:30 AM,,,,1
CNSL,145,3405154,8243,132126-805,SW corner Shields and De Wolf Ave,Fresno,93737,"Fresno County (California, USA)",8243,132126-805,SW corner Shields and De Wolf Ave,Fresno,93737,"Fresno County (California, USA)",,,Fresno,708.7250559,Fresno,Fresno,California,-119.646651,36.778342,Exact,,JB- Collected by CR,GRVD,Infusion (fresh grass or other freshly picked organic material),2025-04-22,17,1,1,N,Fixed;SW corner Shields and Dewolf,Culex quinquefasciatus,04/23/25 08:31 AM,,5,,30
CNSL,145,3405154,8243,132126-805,SW corner Shields and De Wolf Ave,Fresno,93737,"Fresno County (California, USA)",8243,132126-805,SW corner Shields and De Wolf Ave,Fresno,93737,"Fresno County (California, USA)",,,Fresno,708.7250559,Fresno,Fresno,California,-119.646651,36.778342,Exact,,JB- Collected by CR,GRVD,Infusion (fresh grass or other freshly picked organic material),2025-04-22,17,1,1,N,Fixed;SW corner Shields and Dewolf,Culex stigmatosoma,04/23/25 08:31 AM,,1,,8
CNSL,146,3405155,1415,132135-808,7509 McKinley,Fresno,93727,"Fresno County (California, USA)",1415,132135-808,7509 McKinley,Fresno,93727,"Fresno County (California, USA)",,,Fresno,787.2257279,Fresno,Fresno,California,-119.65488,36.762322,Exact,,JB- Collected by CR,GRVD,Infusion (fresh grass or other freshly picked organic material),2025-04-22,17,1,1,N,"Fixed; deadend of pine citrus orchard, between McKinley and Olive",Culex quinquefasciatus,04/23/25 08:32 AM,,3,,14
CNSL,147,3405156,8199,142112-804,W of Leonard N of RR tracks,Fresno,,"Fresno County (California, USA)",8199,142112-804,W of Leonard N of RR tracks,Fresno,,"Fresno County (California, USA)",,,Fresno,1722.939313,Fresno,Fresno,California,-119.637301,36.725206,Exact,,JB- Collected by CR,GRVD,Infusion (fresh grass or other freshly picked organic material),2025-04-22,17,1,1,N,Fixed; orchard N of RR tracks on W side of Leonard,Culex quinquefasciatus,04/23/25 08:34 AM,,2,,11
CNSL,147,3405156,8199,142112-804,W of Leonard N of RR tracks,Fresno,,"Fresno County (California, USA)",8199,142112-804,W of Leonard N of RR tracks,Fresno,,"Fresno County (California, USA)",,,Fresno,1722.939313,Fresno,Fresno,California,-119.637301,36.725206,Exact,,JB- Collected by CR,GRVD,Infusion (fresh grass or other freshly picked organic material),2025-04-22,17,1,1,N,Fixed; orchard N of RR tracks on W side of Leonard,Culex stigmatosoma,04/23/25 08:34 AM,,4,,5
CNSL,147,3405156,8199,142112-804,W of Leonard N of RR tracks,Fresno,,"Fresno County (California, USA)",8199,142112-804,W of Leonard N of RR tracks,Fresno,,"Fresno County (California, USA)",,,Fresno,1722.939313,Fresno,Fresno,California,-119.637301,36.725206,Exact,,JB- Collected by CR,GRVD,Infusion (fresh grass or other freshly picked organic material),2025-04-22,17,1,1,N,Fixed; orchard N of RR tracks on W side of Leonard,Culex restuans,04/23/25 08:34 AM,,,,3
CNSL,147,3405156,8199,142112-804,W of Leonard N of RR tracks,Fresno,,"Fresno County (California, USA)",8199,142112-804,W of Leonard N of RR tracks,Fresno,,"Fresno County (California, USA)",,,Fresno,1722.939313,Fresno,Fresno,California,-119.637301,36.725206,Exact,,JB- Collected by CR,GRVD,Infusion (fresh grass or other freshly picked organic material),2025-04-22,17,1,1,N,Fixed; orchard N of RR tracks on W side of Leonard,Culiseta inornata,04/23/25 08:34 AM,,1,,
CNSL,148,3405158,1410,132135-803,Locan/Olive,Fresno,93727,"Fresno County (California, USA)",1410,132135-803,Locan/Olive,Fresno,93727,"Fresno County (California, USA)",,,Fresno,1226.759387,Fresno,Fresno,California,-119.652862,36.756875,Exact,,JB- Collected by CR,GRVD,Infusion (fresh grass or other freshly picked organic material),2025-04-22,17,1,1,N,"Fixed; orchard NW of Belmont Nursery, E of Locan neighborhood",Culex quinquefasciatus,04/23/25 08:35 AM,,,,1
CNSL,148,3405158,1410,132135-803,Locan/Olive,Fresno,93727,"Fresno County (California, USA)",1410,132135-803,Locan/Olive,Fresno,93727,"Fresno County (California, USA)",,,Fresno,1226.759387,Fresno,Fresno,California,-119.652862,36.756875,Exact,,JB- Collected by CR,GRVD,Infusion (fresh grass or other freshly picked organic material),2025-04-22,17,1,1,N,"Fixed; orchard NW of Belmont Nursery, E of Locan neighborhood",Culex stigmatosoma,04/23/25 08:35 AM,,,,1
CNSL,149,3405159,8192,142102-813,253 N De Wolf Ave,Fresno,93737,"Fresno County (California, USA)",8192,142102-813,253 N De Wolf Ave,Fresno,93737,"Fresno County (California, USA)",,,Fresno,1607.532921,Fresno,Fresno,California,-119.646331,36.740035,Exact,,JB- Collected by CR,GRVD,Infusion (fresh grass or other freshly picked organic material),2025-04-22,17,1,1,N,Fixed; orchard NW of DeWolf and Hwy 180,Culex quinquefasciatus,04/23/25 08:36 AM,,,,18
CNSL,149,3405159,8192,142102-813,253 N De Wolf Ave,Fresno,93737,"Fresno County (California, USA)",8192,142102-813,253 N De Wolf Ave,Fresno,93737,"Fresno County (California, USA)",,,Fresno,1607.532921,Fresno,Fresno,California,-119.646331,36.740035,Exact,,JB- Collected by CR,GRVD,Infusion (fresh grass or other freshly picked organic material),2025-04-22,17,1,1,N,Fixed; orchard NW of DeWolf and Hwy 180,Culex stigmatosoma,04/23/25 08:36 AM,,,,6
CNSL,149,3405159,8192,142102-813,253 N De Wolf Ave,Fresno,93737,"Fresno County (California, USA)",8192,142102-813,253 N De Wolf Ave,Fresno,93737,"Fresno County (California, USA)",,,Fresno,1607.532921,Fresno,Fresno,California,-119.646331,36.740035,Exact,,JB- Collected by CR,GRVD,Infusion (fresh grass or other freshly picked organic material),2025-04-22,17,1,1,N,Fixed; orchard NW of DeWolf and Hwy 180,Culiseta inornata,04/23/25 08:36 AM,,1,,1
CNSL,150,3405160,1410,132135-803,Locan/Olive,Fresno,93727,"Fresno County (California, USA)",1410,132135-803,Locan/Olive,Fresno,93727,"Fresno County (California, USA)",,,Fresno,1226.759387,Fresno,Fresno,California,-119.652862,36.756875,Exact,,JB- Collected by CR,CO2,CO2 (dry ice),2025-04-22,17,1,1,N,"Fixed; orchard NW of Belmont Nursery, E of Locan neighborhood",Culex quinquefasciatus,04/23/25 08:38 AM,,,3,
CNSL,150,3405160,1410,132135-803,Locan/Olive,Fresno,93727,"Fresno County (California, USA)",1410,132135-803,Locan/Olive,Fresno,93727,"Fresno County (California, USA)",,,Fresno,1226.759387,Fresno,Fresno,California,-119.652862,36.756875,Exact,,JB- Collected by CR,CO2,CO2 (dry ice),2025-04-22,17,1,1,N,"Fixed; orchard NW of Belmont Nursery, E of Locan neighborhood",Culex tarsalis,04/23/25 08:38 AM,,,2,
CNSL,150,3405160,1410,132135-803,Locan/Olive,Fresno,93727,"Fresno County (California, USA)",1410,132135-803,Locan/Olive,Fresno,93727,"Fresno County (California, USA)",,,Fresno,1226.759387,Fresno,Fresno,California,-119.652862,36.756875,Exact,,JB- Collected by CR,CO2,CO2 (dry ice),2025-04-22,17,1,1,N,"Fixed; orchard NW of Belmont Nursery, E of Locan neighborhood",Culex stigmatosoma,04/23/25 08:38 AM,,,2,
CNSL,151,3405161,8192,142102-813,253 N De Wolf Ave,Fresno,93737,"Fresno County (California, USA)",8192,142102-813,253 N De Wolf Ave,Fresno,93737,"Fresno County (California, USA)",,,Fresno,1607.532921,Fresno,Fresno,California,-119.646331,36.740035,Exact,,JB- Collected by CR,CO2,CO2 (dry ice),2025-04-22,17,1,1,N,Fixed; orchard NW of DeWolf and Hwy 180,Culex quinquefasciatus,04/23/25 08:39 AM,,,21,
CNSL,151,3405161,8192,142102-813,253 N De Wolf Ave,Fresno,93737,"Fresno County (California, USA)",8192,142102-813,253 N De Wolf Ave,Fresno,93737,"Fresno County (California, USA)",,,Fresno,1607.532921,Fresno,Fresno,California,-119.646331,36.740035,Exact,,JB- Collected by CR,CO2,CO2 (dry ice),2025-04-22,17,1,1,N,Fixed; orchard NW of DeWolf and Hwy 180,Culex stigmatosoma,04/23/25 08:39 AM,,,2,
CNSL,151,3405161,8192,142102-813,253 N De Wolf Ave,Fresno,93737,"Fresno County (California, USA)",8192,142102-813,253 N De Wolf Ave,Fresno,93737,"Fresno County (California, USA)",,,Fresno,1607.532921,Fresno,Fresno,California,-119.646331,36.740035,Exact,,JB- Collected by CR,CO2,CO2 (dry ice),2025-04-22,17,1,1,N,Fixed; orchard NW of DeWolf and Hwy 180,Culex tarsalis,04/23/25 08:39 AM,,,6,
CNSL,151,3405161,8192,142102-813,253 N De Wolf Ave,Fresno,93737,"Fresno County (California, USA)",8192,142102-813,253 N De Wolf Ave,Fresno,93737,"Fresno County (California, USA)",,,Fresno,1607.532921,Fresno,Fresno,California,-119.646331,36.740035,Exact,,JB- Collected by CR,CO2,CO2 (dry ice),2025-04-22,17,1,1,N,Fixed; orchard NW of DeWolf and Hwy 180,Culiseta inornata,04/23/25 08:39 AM,,,2,
CNSL,152,3405162,8239,132127-810,SW corner Weldon & Armstorng Ave,Fresno,93727`,"Fresno County (California, USA)",8239,132127-810,SW corner Weldon & Armstorng Ave,Fresno,93727`,"Fresno County (California, USA)",,,Fresno,77.80101559,Fresno,Fresno,California,-119.67365,36.767792,Exact,,JB- Collected by CR,CO2,CO2 (dry ice),2025-04-22,17,1,1,N,Fixed; SW corner Weldon and Armstrong,Culex quinquefasciatus,04/23/25 08:41 AM,,1,20,
CNSL,152,3405162,8239,132127-810,SW corner Weldon & Armstorng Ave,Fresno,93727`,"Fresno County (California, USA)",8239,132127-810,SW corner Weldon & Armstorng Ave,Fresno,93727`,"Fresno County (California, USA)",,,Fresno,77.80101559,Fresno,Fresno,California,-119.67365,36.767792,Exact,,JB- Collected by CR,CO2,CO2 (dry ice),2025-04-22,17,1,1,N,Fixed; SW corner Weldon and Armstrong,Culex tarsalis,04/23/25 08:41 AM,,,6,
CNSL,152,3405162,8239,132127-810,SW corner Weldon & Armstorng Ave,Fresno,93727`,"Fresno County (California, USA)",8239,132127-810,SW corner Weldon & Armstorng Ave,Fresno,93727`,"Fresno County (California, USA)",,,Fresno,77.80101559,Fresno,Fresno,California,-119.67365,36.767792,Exact,,JB- Collected by CR,CO2,CO2 (dry ice),2025-04-22,17,1,1,N,Fixed; SW corner Weldon and Armstrong,Culiseta inornata,04/23/25 08:41 AM,,,1,
CNSL,153,3405163,1755,142101-803,8253 E Belmont Ave,Fresno,93727,"Fresno County (California, USA)",1755,142101-803,8253 E Belmont Ave,Fresno,93727,"Fresno County (California, USA)",,,Fresno,2356.24309,Fresno,Fresno,California,-119.637812,36.744684,Exact,,JB- Collected by CR,BGSENT,"BG-Lure, CO2 (dry ice)",2025-04-22,17,1,1,N,Fixed; Belmont Country Club,Culex quinquefasciatus,04/23/25 08:42 AM,,,7,
CNSL,153,3405163,1755,142101-803,8253 E Belmont Ave,Fresno,93727,"Fresno County (California, USA)",1755,142101-803,8253 E Belmont Ave,Fresno,93727,"Fresno County (California, USA)",,,Fresno,2356.24309,Fresno,Fresno,California,-119.637812,36.744684,Exact,,JB- Collected by CR,BGSENT,"BG-Lure, CO2 (dry ice)",2025-04-22,17,1,1,N,Fixed; Belmont Country Club,Culex tarsalis,04/23/25 08:42 AM,,,3,
CNSL,153,3405163,1755,142101-803,8253 E Belmont Ave,Fresno,93727,"Fresno County (California, USA)",1755,142101-803,8253 E Belmont Ave,Fresno,93727,"Fresno County (California, USA)",,,Fresno,2356.24309,Fresno,Fresno,California,-119.637812,36.744684,Exact,,JB- Collected by CR,BGSENT,"BG-Lure, CO2 (dry ice)",2025-04-22,17,1,1,N,Fixed; Belmont Country Club,Aedes aegypti,04/23/25 08:42 AM,,,1,
CNSL,154,3405164,8243,132126-805,SW corner Shields and De Wolf Ave,Fresno,93737,"Fresno County (California, USA)",8243,132126-805,SW corner Shields and De Wolf Ave,Fresno,93737,"Fresno County (California, USA)",,,Fresno,708.7250559,Fresno,Fresno,California,-119.646651,36.778342,Exact,,JB- Collected by CR,CO2,CO2 (dry ice),2025-04-22,17,1,1,N,Fixed; SW corner Shields and Dewolf,Culex quinquefasciatus,04/23/25 08:43 AM,,1,1,
CNSL,154,3405164,8243,132126-805,SW corner Shields and De Wolf Ave,Fresno,93737,"Fresno County (California, USA)",8243,132126-805,SW corner Shields and De Wolf Ave,Fresno,93737,"Fresno County (California, USA)",,,Fresno,708.7250559,Fresno,Fresno,California,-119.646651,36.778342,Exact,,JB- Collected by CR,CO2,CO2 (dry ice),2025-04-22,17,1,1,N,Fixed; SW corner Shields and Dewolf,Culex tarsalis,04/23/25 08:43 AM,,,2,
CNSL,155,3405166,1415,132135-808,7509 McKinley,Fresno,93727,"Fresno County (California, USA)",1415,132135-808,7509 McKinley,Fresno,93727,"Fresno County (California, USA)",,,Fresno,787.2257279,Fresno,Fresno,California,-119.65488,36.762322,Exact,,JB- Collected by CR,CO2,CO2 (dry ice),2025-04-22,17,1,1,N,"Fixed; deadend of Pine, citrus orchard between McKinley and Olive",Culex quinquefasciatus,04/23/25 08:44 AM,,,1,
CNSL,155,3405166,1415,132135-808,7509 McKinley,Fresno,93727,"Fresno County (California, USA)",1415,132135-808,7509 McKinley,Fresno,93727,"Fresno County (California, USA)",,,Fresno,787.2257279,Fresno,Fresno,California,-119.65488,36.762322,Exact,,JB- Collected by CR,CO2,CO2 (dry ice),2025-04-22,17,1,1,N,"Fixed; deadend of Pine, citrus orchard between McKinley and Olive",Culex tarsalis,04/23/25 08:44 AM,,,1,
CNSL,156,3405167,8199,142112-804,W of Leonard N of RR tracks,Fresno,,"Fresno County (California, USA)",8199,142112-804,W of Leonard N of RR tracks,Fresno,,"Fresno County (California, USA)",,,Fresno,1722.939313,Fresno,Fresno,California,-119.637301,36.725206,Exact,,JB- Collected by CR,CO2,CO2 (dry ice),2025-04-22,17,1,1,N,Fixed; orchard N of RR tracks on W side of Leonard,Culex quinquefasciatus,04/23/25 08:45 AM,,,1,
CNSL,156,3405167,8199,142112-804,W of Leonard N of RR tracks,Fresno,,"Fresno County (California, USA)",8199,142112-804,W of Leonard N of RR tracks,Fresno,,"Fresno County (California, USA)",,,Fresno,1722.939313,Fresno,Fresno,California,-119.637301,36.725206,Exact,,JB- Collected by CR,CO2,CO2 (dry ice),2025-04-22,17,1,1,N,Fixed; orchard N of RR tracks on W side of Leonard,Culex stigmatosoma,04/23/25 08:45 AM,,,1,
CNSL,156,3405167,8199,142112-804,W of Leonard N of RR tracks,Fresno,,"Fresno County (California, USA)",8199,142112-804,W of Leonard N of RR tracks,Fresno,,"Fresno County (California, USA)",,,Fresno,1722.939313,Fresno,Fresno,California,-119.637301,36.725206,Exact,,JB- Collected by CR,CO2,CO2 (dry ice),2025-04-22,17,1,1,N,Fixed; orchard N of RR tracks on W side of Leonard,Culex tarsalis,04/23/25 08:45 AM,,,4,
CNSL,157,3405168,6321,172122-811,6219 E Riverdale Ave,Laton,93242,"Fresno County (California, USA)",6321,172122-811,6219 E Riverdale Ave,Laton,93242,"Fresno County (California, USA)",,,Laton,0,Laton,Fresno,California,-119.68824,36.439649,Exact,,KR- Collected by MT,CO2,CO2 (dry ice),2025-04-22,17,1,1,N,Fixed; almond orchard N of canal on E side of Fowler Ave,Culex quinquefasciatus,04/23/25 08:48 AM,,,1,
CNSL,157,3405168,6321,172122-811,6219 E Riverdale Ave,Laton,93242,"Fresno County (California, USA)",6321,172122-811,6219 E Riverdale Ave,Laton,93242,"Fresno County (California, USA)",,,Laton,0,Laton,Fresno,California,-119.68824,36.439649,Exact,,KR- Collected by MT,CO2,CO2 (dry ice),2025-04-22,17,1,1,N,Fixed; almond orchard N of canal on E side of Fowler Ave,Culex tarsalis,04/23/25 08:48 AM,,,1,
CNSL,157,3405168,6321,172122-811,6219 E Riverdale Ave,Laton,93242,"Fresno County (California, USA)",6321,172122-811,6219 E Riverdale Ave,Laton,93242,"Fresno County (California, USA)",,,Laton,0,Laton,Fresno,California,-119.68824,36.439649,Exact,,KR- Collected by MT,CO2,CO2 (dry ice),2025-04-22,17,1,1,N,Fixed; almond orchard N of canal on E side of Fowler Ave,Culex stigmatosoma,04/23/25 08:48 AM,,,1,
CNSL,157,3405168,6321,172122-811,6219 E Riverdale Ave,Laton,93242,"Fresno County (California, USA)",6321,172122-811,6219 E Riverdale Ave,Laton,93242,"Fresno County (California, USA)",,,Laton,0,Laton,Fresno,California,-119.68824,36.439649,Exact,,KR- Collected by MT,CO2,CO2 (dry ice),2025-04-22,17,1,1,N,Fixed; almond orchard N of canal on E side of Fowler Ave,Culiseta inornata,04/23/25 08:48 AM,,,1,
CNSL,158,3405169,5259,172123-807,7476 E Mt Whitney Ave,Laton,93242,"Fresno County (California, USA)",5259,172123-807,7476 E Mt Whitney Ave,Laton,93242,"Fresno County (California, USA)",,,Laton,649.2708125,Laton,Fresno,California,-119.663543,36.431123,Exact,,KR- Collected by MT,CO2,CO2 (dry ice),2025-04-22,17,1,1,N,"Fixed; NW corner of Mnt Whitney and Locan, almond orchard",Culex quinquefasciatus,04/23/25 08:49 AM,,,4,
CNSL,158,3405169,5259,172123-807,7476 E Mt Whitney Ave,Laton,93242,"Fresno County (California, USA)",5259,172123-807,7476 E Mt Whitney Ave,Laton,93242,"Fresno County (California, USA)",,,Laton,649.2708125,Laton,Fresno,California,-119.663543,36.431123,Exact,,KR- Collected by MT,CO2,CO2 (dry ice),2025-04-22,17,1,1,N,"Fixed; NW corner of Mnt Whitney and Locan, almond orchard",Aedes aegypti,04/23/25 08:49 AM,,,1,
CNSL,158,3405169,5259,172123-807,7476 E Mt Whitney Ave,Laton,93242,"Fresno County (California, USA)",5259,172123-807,7476 E Mt Whitney Ave,Laton,93242,"Fresno County (California, USA)",,,Laton,649.2708125,Laton,Fresno,California,-119.663543,36.431123,Exact,,KR- Collected by MT,CO2,CO2 (dry ice),2025-04-22,17,1,1,N,"Fixed; NW corner of Mnt Whitney and Locan, almond orchard",Culex tarsalis,04/23/25 08:49 AM,,,7,
CNSL,158,3405169,5259,172123-807,7476 E Mt Whitney Ave,Laton,93242,"Fresno County (California, USA)",5259,172123-807,7476 E Mt Whitney Ave,Laton,93242,"Fresno County (California, USA)",,,Laton,649.2708125,Laton,Fresno,California,-119.663543,36.431123,Exact,,KR- Collected by MT,CO2,CO2 (dry ice),2025-04-22,17,1,1,N,"Fixed; NW corner of Mnt Whitney and Locan, almond orchard",Culiseta inornata,04/23/25 08:49 AM,,,1,
CNSL,159,3405170,5116,172128-803,5505 E. Mount Whitney Avenue,Laton,93242,"Fresno County (California, USA)",5116,172128-803,5505 E. Mount Whitney Avenue,Laton,93242,"Fresno County (California, USA)",,,Laton,0,Laton,Fresno,California,-119.698306,36.427667,Exact,,KR- Collected by MT,CO2,CO2 (dry ice),2025-04-22,17,1,1,N,"Fixed; SW of Mt Whitney and W of Old Kingston, almonds N of canal",Culex quinquefasciatus,04/23/25 08:50 AM,,,2,
CNSL,160,3405171,6346,172130-803,21721 Tiburcio Ave,Laton,93242,"Fresno County (California, USA)",6346,172130-803,21721 Tiburcio Ave,Laton,93242,"Fresno County (California, USA)",,,Hardwick,1909.315887,Laton,Fresno,California,-119.730603,36.421582,Exact,,KR- Collected by MT,CO2,CO2 (dry ice),2025-04-22,17,1,1,N,"Fixed; E of Tiburcio S of Mt Whitney, district border",,04/23/25 08:51 AM,,,,
CNSL,161,3405173,5279,172121-804,W of Riverdale Ave and Fatima Ave,Laton,93242,"Fresno County (California, USA)",5279,172121-804,W of Riverdale Ave and Fatima Ave,Laton,93242,"Fresno County (California, USA)",,,Laton,0,Laton,Fresno,California,-119.696632,36.439072,Exact,,KR- Collected by MT,CO2,CO2 (dry ice),2025-04-22,17,1,1,N,Fixed; orchard W of Riverdale Ave and Fatima Ave,Culex tarsalis,04/23/25 08:52 AM,,,1,
CNSL,161,3405173,5279,172121-804,W of Riverdale Ave and Fatima Ave,Laton,93242,"Fresno County (California, USA)",5279,172121-804,W of Riverdale Ave and Fatima Ave,Laton,93242,"Fresno County (California, USA)",,,Laton,0,Laton,Fresno,California,-119.696632,36.439072,Exact,,KR- Collected by MT,CO2,CO2 (dry ice),2025-04-22,17,1,1,N,Fixed; orchard W of Riverdale Ave and Fatima Ave,Culiseta inornata,04/23/25 08:52 AM,,,2,
CNSL,162,3405175,6166,172129-807,Hochderffer and Clovis Avenue,Laton,93242,"Fresno County (California, USA)",6166,172129-807,Hochderffer and Clovis Avenue,Laton,93242,"Fresno County (California, USA)",,,Laton,290.758945,Laton,Fresno,California,-119.711861,36.427389,Exact,,KR- Collected by MT,CO2,CO2 (dry ice),2025-04-22,17,1,1,N,"Fixed; Stonefruit orchard E of Clovis on N side of Hochderffer, W of corn and eucalyptus",Culex quinquefasciatus,04/23/25 08:54 AM,,,9,
CNSL,162,3405175,6166,172129-807,Hochderffer and Clovis Avenue,Laton,93242,"Fresno County (California, USA)",6166,172129-807,Hochderffer and Clovis Avenue,Laton,93242,"Fresno County (California, USA)",,,Laton,290.758945,Laton,Fresno,California,-119.711861,36.427389,Exact,,KR- Collected by MT,CO2,CO2 (dry ice),2025-04-22,17,1,1,N,"Fixed; Stonefruit orchard E of Clovis on N side of Hochderffer, W of corn and eucalyptus",Culex tarsalis,04/23/25 08:54 AM,,,3,
CNSL,162,3405175,6166,172129-807,Hochderffer and Clovis Avenue,Laton,93242,"Fresno County (California, USA)",6166,172129-807,Hochderffer and Clovis Avenue,Laton,93242,"Fresno County (California, USA)",,,Laton,290.758945,Laton,Fresno,California,-119.711861,36.427389,Exact,,KR- Collected by MT,CO2,CO2 (dry ice),2025-04-22,17,1,1,N,"Fixed; Stonefruit orchard E of Clovis on N side of Hochderffer, W of corn and eucalyptus",Culex stigmatosoma,04/23/25 08:54 AM,,,1,
CNSL,162,3405175,6166,172129-807,Hochderffer and Clovis Avenue,Laton,93242,"Fresno County (California, USA)",6166,172129-807,Hochderffer and Clovis Avenue,Laton,93242,"Fresno County (California, USA)",,,Laton,290.758945,Laton,Fresno,California,-119.711861,36.427389,Exact,,KR- Collected by MT,CO2,CO2 (dry ice),2025-04-22,17,1,1,N,"Fixed; Stonefruit orchard E of Clovis on N side of Hochderffer, W of corn and eucalyptus",Aedes nigromaculis,04/23/25 08:54 AM,,,1,
CNSL,163,3405176,5217,172127-807,21030 S Fowler Ave,Laton,93242,"Fresno County (California, USA)",5217,172127-807,21030 S Fowler Ave,Laton,93242,"Fresno County (California, USA)",,,Laton,0,Laton,Fresno,California,-119.685016,36.430048,Exact,,KR- Collected by MT,CO2,CO2 (dry ice),2025-04-22,17,1,1,N,"Fixed; almond orchard N of Levee and Fowler, S of canal",Culex quinquefasciatus,04/23/25 08:55 AM,,,9,
CNSL,163,3405176,5217,172127-807,21030 S Fowler Ave,Laton,93242,"Fresno County (California, USA)",5217,172127-807,21030 S Fowler Ave,Laton,93242,"Fresno County (California, USA)",,,Laton,0,Laton,Fresno,California,-119.685016,36.430048,Exact,,KR- Collected by MT,CO2,CO2 (dry ice),2025-04-22,17,1,1,N,"Fixed; almond orchard N of Levee and Fowler, S of canal",Culex tarsalis,04/23/25 08:55 AM,,,5,
CNSL,163,3405176,5217,172127-807,21030 S Fowler Ave,Laton,93242,"Fresno County (California, USA)",5217,172127-807,21030 S Fowler Ave,Laton,93242,"Fresno County (California, USA)",,,Laton,0,Laton,Fresno,California,-119.685016,36.430048,Exact,,KR- Collected by MT,CO2,CO2 (dry ice),2025-04-22,17,1,1,N,"Fixed; almond orchard N of Levee and Fowler, S of canal",Culex stigmatosoma,04/23/25 08:55 AM,,,2,
CNSL,164,3405177,5287,172121-805,approx 5308 E Mt Whitney Ave,Laton,93242,"Fresno County (California, USA)",5287,172121-805,approx 5308 E Mt Whitney Ave,Laton,93242,"Fresno County (California, USA)",,,Laton,0,Laton,Fresno,California,-119.702103,36.431326,Exact,,KR- Collected by MT,CO2,CO2 (dry ice),2025-04-22,17,1,1,N,Fixed; orchard W of Mnt Whitney and Latonia,Culex tarsalis,04/23/25 08:57 AM,,,4,
CNSL,164,3405177,5287,172121-805,approx 5308 E Mt Whitney Ave,Laton,93242,"Fresno County (California, USA)",5287,172121-805,approx 5308 E Mt Whitney Ave,Laton,93242,"Fresno County (California, USA)",,,Laton,0,Laton,Fresno,California,-119.702103,36.431326,Exact,,KR- Collected by MT,CO2,CO2 (dry ice),2025-04-22,17,1,1,N,Fixed; orchard W of Mnt Whitney and Latonia,Culex stigmatosoma,04/23/25 08:57 AM,,,2,
CNSL,164,3405177,5287,172121-805,approx 5308 E Mt Whitney Ave,Laton,93242,"Fresno County (California, USA)",5287,172121-805,approx 5308 E Mt Whitney Ave,Laton,93242,"Fresno County (California, USA)",,,Laton,0,Laton,Fresno,California,-119.702103,36.431326,Exact,,KR- Collected by MT,CO2,CO2 (dry ice),2025-04-22,17,1,1,N,Fixed; orchard W of Mnt Whitney and Latonia,Culex quinquefasciatus,04/23/25 08:57 AM,,,3,
CNSL,165,3405178,6422,172010-804,Davis and Cedar,Caruthers,93609,"Fresno County (California, USA)",6422,172010-804,Davis and Cedar,Caruthers,93609,"Fresno County (California, USA)",,,Riverdale,7129.193864,Laton,Fresno,California,-119.779393,36.473879,Approximate,,KR- Collected by MT,CO2,CO2 (dry ice),2025-04-22,17,1,1,N,"2025 South; Davis and Elm, almond orchard",Culex quinquefasciatus,04/23/25 08:58 AM,,,2,
CNSL,165,3405178,6422,172010-804,Davis and Cedar,Caruthers,93609,"Fresno County (California, USA)",6422,172010-804,Davis and Cedar,Caruthers,93609,"Fresno County (California, USA)",,,Riverdale,7129.193864,Laton,Fresno,California,-119.779393,36.473879,Approximate,,KR- Collected by MT,CO2,CO2 (dry ice),2025-04-22,17,1,1,N,"2025 South; Davis and Elm, almond orchard",Culex tarsalis,04/23/25 08:58 AM,,,5,
CNSL,166,3405180,5286,172122-819,6822 De Woody St,Laton,93242,"Fresno County (California, USA)",5286,172122-819,6822 De Woody St,Laton,93242,"Fresno County (California, USA)",,,Laton,0,Laton,Fresno,California,-119.67538,36.435832,Exact,,KR- Collected by MT,BGSENT,"BG-Lure, CO2 (dry ice)",2025-04-22,17,1,1,N,Fixed; 6822 De Woody Ave,Culex quinquefasciatus,04/23/25 09:00 AM,,,2,
CNSL,166,3405180,5286,172122-819,6822 De Woody St,Laton,93242,"Fresno County (California, USA)",5286,172122-819,6822 De Woody St,Laton,93242,"Fresno County (California, USA)",,,Laton,0,Laton,Fresno,California,-119.67538,36.435832,Exact,,KR- Collected by MT,BGSENT,"BG-Lure, CO2 (dry ice)",2025-04-22,17,1,1,N,Fixed; 6822 De Woody Ave,Aedes aegypti,04/23/25 09:00 AM,,,2,
CNSL,167,3406102,4399,162207-809,2814 Birch St,Selma,93662,"Fresno County (California, USA)",4399,162207-809,2814 Birch St,Selma,93662,"Fresno County (California, USA)",,,Selma,0,Selma,Fresno,California,-119.626712,36.555342,Exact,,JB- Collected by MT,GRVD,Infusion (fresh grass or other freshly picked organic material),2025-04-23,17,1,1,N,SR90; 2814 Birch St,Culex quinquefasciatus,04/24/25 09:16 AM,,,,7
CNSL,168,3406103,8056,122028-813,8140 N Maroa Ave #102,Fresno,93711,"Fresno County (California, USA)",8056,122028-813,8140 N Maroa Ave #102,Fresno,93711,"Fresno County (California, USA)",,,Fresno,0,Fresno,Fresno,California,-119.799376,36.853883,Exact,,JB- Collected by MT,GRVD,Infusion (fresh grass or other freshly picked organic material),2025-04-23,17,1,1,N,SR113; 8126 N Maroa Ave,Culex quinquefasciatus,04/24/25 09:18 AM,,2,,8
CNSL,169,3406104,3164,142302-807,800 N Piedra Road,Sanger,93657,"Fresno County (California, USA)",3164,142302-807,800 N Piedra Road,Sanger,93657,"Fresno County (California, USA)",,,Minkler,0,Reedley,Fresno,California,-119.443806,36.746111,Approximate,,JB- Collected by CR,GRVD,Infusion (fresh grass or other freshly picked organic material),2025-04-23,17,1,1,N,SR103; 734 N Piedra Rd,Culex quinquefasciatus,04/24/25 09:20 AM,,,,4
CNSL,169,3406104,3164,142302-807,800 N Piedra Road,Sanger,93657,"Fresno County (California, USA)",3164,142302-807,800 N Piedra Road,Sanger,93657,"Fresno County (California, USA)",,,Minkler,0,Reedley,Fresno,California,-119.443806,36.746111,Approximate,,JB- Collected by CR,GRVD,Infusion (fresh grass or other freshly picked organic material),2025-04-23,17,1,1,N,SR103; 734 N Piedra Rd,Culex stigmatosoma,04/24/25 09:20 AM,,,,11
CNSL,169,3406104,3164,142302-807,800 N Piedra Road,Sanger,93657,"Fresno County (California, USA)",3164,142302-807,800 N Piedra Road,Sanger,93657,"Fresno County (California, USA)",,,Minkler,0,Reedley,Fresno,California,-119.443806,36.746111,Approximate,,JB- Collected by CR,GRVD,Infusion (fresh grass or other freshly picked organic material),2025-04-23,17,1,1,N,SR103; 734 N Piedra Rd,Culex thriambus,04/24/25 09:20 AM,,,,4
CNSL,169,3406104,3164,142302-807,800 N Piedra Road,Sanger,93657,"Fresno County (California, USA)",3164,142302-807,800 N Piedra Road,Sanger,93657,"Fresno County (California, USA)",,,Minkler,0,Reedley,Fresno,California,-119.443806,36.746111,Approximate,,JB- Collected by CR,GRVD,Infusion (fresh grass or other freshly picked organic material),2025-04-23,17,1,1,N,SR103; 734 N Piedra Rd,Culex restuans,04/24/25 09:20 AM,,,,2
CNSL,169,3406104,3164,142302-807,800 N Piedra Road,Sanger,93657,"Fresno County (California, USA)",3164,142302-807,800 N Piedra Road,Sanger,93657,"Fresno County (California, USA)",,,Minkler,0,Reedley,Fresno,California,-119.443806,36.746111,Approximate,,JB- Collected by CR,GRVD,Infusion (fresh grass or other freshly picked organic material),2025-04-23,17,1,1,N,SR103; 734 N Piedra Rd,Culiseta incidens,04/24/25 09:20 AM,,,,1
CNSL,169,3406104,3164,142302-807,800 N Piedra Road,Sanger,93657,"Fresno County (California, USA)",3164,142302-807,800 N Piedra Road,Sanger,93657,"Fresno County (California, USA)",,,Minkler,0,Reedley,Fresno,California,-119.443806,36.746111,Approximate,,JB- Collected by CR,GRVD,Infusion (fresh grass or other freshly picked organic material),2025-04-23,17,1,1,N,SR103; 734 N Piedra Rd,Culiseta particeps,04/24/25 09:20 AM,,,,1
CNSL,170,3406105,3164,142302-807,800 N Piedra Road,Sanger,93657,"Fresno County (California, USA)",3164,142302-807,800 N Piedra Road,Sanger,93657,"Fresno County (California, USA)",,,Minkler,0,Reedley,Fresno,California,-119.443806,36.746111,Approximate,,JB- Collected by CR,BGSENT,"BG-Lure, CO2 (dry ice)",2025-04-23,17,1,1,N,SR103; 734 N Piedra Rd,Aedes melanimon,04/24/25 09:21 AM,,,1,
CNSL,171,3406106,4399,162207-809,2814 Birch St,Selma,93662,"Fresno County (California, USA)",4399,162207-809,2814 Birch St,Selma,93662,"Fresno County (California, USA)",,,Selma,0,Selma,Fresno,California,-119.626712,36.555342,Exact,,JB- Collected by MT,BGSENT,"BG-Lure, CO2 (dry ice)",2025-04-23,17,1,1,N,SR90; 2814 Birch St,Culex quinquefasciatus,04/24/25 09:22 AM,,,1,
CNSL,172,3406108,8056,122028-813,8140 N Maroa Ave #102,Fresno,93711,"Fresno County (California, USA)",8056,122028-813,8140 N Maroa Ave #102,Fresno,93711,"Fresno County (California, USA)",,,Fresno,0,Fresno,Fresno,California,-119.799376,36.853883,Exact,,JB- Collected by MT,BGSENT,"BG-Lure, CO2 (dry ice)",2025-04-23,17,1,1,N,SR113; 8126 N Maroa Ave,Culex quinquefasciatus,04/24/25 09:23 AM,,,5,
CNSL,172,3406108,8056,122028-813,8140 N Maroa Ave #102,Fresno,93711,"Fresno County (California, USA)",8056,122028-813,8140 N Maroa Ave #102,Fresno,93711,"Fresno County (California, USA)",,,Fresno,0,Fresno,Fresno,California,-119.799376,36.853883,Exact,,JB- Collected by MT,BGSENT,"BG-Lure, CO2 (dry ice)",2025-04-23,17,1,1,N,SR113; 8126 N Maroa Ave,Culex tarsalis,04/24/25 09:23 AM,,,2,
CNSL,172,3406108,8056,122028-813,8140 N Maroa Ave #102,Fresno,93711,"Fresno County (California, USA)",8056,122028-813,8140 N Maroa Ave #102,Fresno,93711,"Fresno County (California, USA)",,,Fresno,0,Fresno,Fresno,California,-119.799376,36.853883,Exact,,JB- Collected by MT,BGSENT,"BG-Lure, CO2 (dry ice)",2025-04-23,17,1,1,N,SR113; 8126 N Maroa Ave,Aedes aegypti,04/24/25 09:23 AM,,,1,
CNSL,173,3406109,2291,152205-802,NW Lincoln/Del Rey,Del Rey,93616,"Fresno County (California, USA)",2291,152205-802,NW Lincoln/Del Rey,Del Rey,93616,"Fresno County (California, USA)",,,Del Rey,0,Parlier-Del Rey,Fresno,California,-119.596006,36.652513,Exact,,JB- Collected by CR,GRVD,Infusion (fresh grass or other freshly picked organic material),2025-04-23,17,1,1,N,Fixed; Del Rey stonefruit orchard to the South,Culex quinquefasciatus,04/24/25 09:27 AM,,5,,9
CNSL,173,3406109,2291,152205-802,NW Lincoln/Del Rey,Del Rey,93616,"Fresno County (California, USA)",2291,152205-802,NW Lincoln/Del Rey,Del Rey,93616,"Fresno County (California, USA)",,,Del Rey,0,Parlier-Del Rey,Fresno,California,-119.596006,36.652513,Exact,,JB- Collected by CR,GRVD,Infusion (fresh grass or other freshly picked organic material),2025-04-23,17,1,1,N,Fixed; Del Rey stonefruit orchard to the South,Culex stigmatosoma,04/24/25 09:27 AM,,1,,
CNSL,173,3406109,2291,152205-802,NW Lincoln/Del Rey,Del Rey,93616,"Fresno County (California, USA)",2291,152205-802,NW Lincoln/Del Rey,Del Rey,93616,"Fresno County (California, USA)",,,Del Rey,0,Parlier-Del Rey,Fresno,California,-119.596006,36.652513,Exact,,JB- Collected by CR,GRVD,Infusion (fresh grass or other freshly picked organic material),2025-04-23,17,1,1,N,Fixed; Del Rey stonefruit orchard to the South,Culex tarsalis,04/24/25 09:27 AM,,1,,
CNSL,174,3406110,3435,142214-807,Rainbow Route and Quality Ave,Sanger,93657,"Fresno County (California, USA)",3435,142214-807,Rainbow Route and Quality Ave,Sanger,93657,"Fresno County (California, USA)",,,Sanger,17.30447966,Sanger,Fresno,California,-119.542803,36.706992,Exact,,JB- Collected by CR,GRVD,Infusion (fresh grass or other freshly picked organic material),2025-04-23,17,1,1,N,Fixed; persimmon orchard NE of Quality and 8th,Culex quinquefasciatus,04/24/25 09:28 AM,,,,53
CNSL,174,3406110,3435,142214-807,Rainbow Route and Quality Ave,Sanger,93657,"Fresno County (California, USA)",3435,142214-807,Rainbow Route and Quality Ave,Sanger,93657,"Fresno County (California, USA)",,,Sanger,17.30447966,Sanger,Fresno,California,-119.542803,36.706992,Exact,,JB- Collected by CR,GRVD,Infusion (fresh grass or other freshly picked organic material),2025-04-23,17,1,1,N,Fixed; persimmon orchard NE of Quality and 8th,Culex tarsalis,04/24/25 09:28 AM,,,,3
CNSL,174,3406110,3435,142214-807,Rainbow Route and Quality Ave,Sanger,93657,"Fresno County (California, USA)",3435,142214-807,Rainbow Route and Quality Ave,Sanger,93657,"Fresno County (California, USA)",,,Sanger,17.30447966,Sanger,Fresno,California,-119.542803,36.706992,Exact,,JB- Collected by CR,GRVD,Infusion (fresh grass or other freshly picked organic material),2025-04-23,17,1,1,N,Fixed; persimmon orchard NE of Quality and 8th,Culex stigmatosoma,04/24/25 09:28 AM,,,,2
CNSL,175,3406111,2685,142210-801,NE of Fairbanks & Oak,Sanger,93657,"Fresno County (California, USA)",2685,142210-801,NE of Fairbanks & Oak,Sanger,93657,"Fresno County (California, USA)",,,Sanger,32.29316193,Sanger,Fresno,California,-119.569425,36.72144,Exact,,JB- Collected by CR,GRVD,Infusion (fresh grass or other freshly picked organic material),2025-04-23,17,1,1,N,Fixed; orchard NE of Fairbanks and Oak,Culex quinquefasciatus,04/24/25 09:30 AM,,,,4
CNSL,176,3406112,2703,152205-816,10591 E American Ave,Del Rey,93616,"Fresno County (California, USA)",2703,152205-816,10591 E American Ave,Del Rey,93616,"Fresno County (California, USA)",,,Del Rey,0,Parlier-Del Rey,Fresno,California,-119.599964,36.662836,Exact,,JB- Collected by CR,GRVD,Infusion (fresh grass or other freshly picked organic material),2025-04-23,17,1,1,N,Fixed; Del Rey almond orchard Portola/ American,Culex quinquefasciatus,04/24/25 09:31 AM,,1,,3
CNSL,176,3406112,2703,152205-816,10591 E American Ave,Del Rey,93616,"Fresno County (California, USA)",2703,152205-816,10591 E American Ave,Del Rey,93616,"Fresno County (California, USA)",,,Del Rey,0,Parlier-Del Rey,Fresno,California,-119.599964,36.662836,Exact,,JB- Collected by CR,GRVD,Infusion (fresh grass or other freshly picked organic material),2025-04-23,17,1,1,N,Fixed; Del Rey almond orchard Portola/ American,Culex stigmatosoma,04/24/25 09:31 AM,,,,2
CNSL,177,3406113,2266,142215-809,Greenwood and Church,Sanger,93657,"Fresno County (California, USA)",2266,142215-809,Greenwood and Church,Sanger,93657,"Fresno County (California, USA)",,,Sanger,0,Sanger,Fresno,California,-119.564886,36.713961,Exact,,JB- Collected by CR,GRVD,Infusion (fresh grass or other freshly picked organic material),2025-04-23,17,1,1,N,"Fixed; Holding Park, Greenwood and Church",Culex quinquefasciatus,04/24/25 09:32 AM,,3,,19
CNSL,177,3406113,2266,142215-809,Greenwood and Church,Sanger,93657,"Fresno County (California, USA)",2266,142215-809,Greenwood and Church,Sanger,93657,"Fresno County (California, USA)",,,Sanger,0,Sanger,Fresno,California,-119.564886,36.713961,Exact,,JB- Collected by CR,GRVD,Infusion (fresh grass or other freshly picked organic material),2025-04-23,17,1,1,N,"Fixed; Holding Park, Greenwood and Church",Culex stigmatosoma,04/24/25 09:32 AM,,1,,3
CNSL,178,3406169,2083,142222-803,2590 North,Sanger,93657,"Fresno County (California, USA)",2083,142222-803,2590 North,Sanger,93657,"Fresno County (California, USA)",,,Sanger,0,Sanger,Fresno,California,-119.573136,36.693394,Exact,,JB- Collected by CR,GRVD,Infusion (fresh grass or other freshly picked organic material),2025-04-23,17,1,1,N,"Fixed; St. Mary's Church, NE North and Bethel",Culex quinquefasciatus,04/24/25 09:59 AM,,1,,14
CNSL,179,3406172,2561,142215-824,489 Brehler Ave,Sanger,93657,"Fresno County (California, USA)",2561,142215-824,489 Brehler Ave,Sanger,93657,"Fresno County (California, USA)",,,Sanger,0,Sanger,Fresno,California,-119.571822,36.708803,Exact,,JB- Collected by CR,GRVD,Infusion (fresh grass or other freshly picked organic material),2025-04-23,17,1,1,N,Fixed; 489 Brehler,Culex quinquefasciatus,04/24/25 10:00 AM,,3,,34
CNSL,179,3406172,2561,142215-824,489 Brehler Ave,Sanger,93657,"Fresno County (California, USA)",2561,142215-824,489 Brehler Ave,Sanger,93657,"Fresno County (California, USA)",,,Sanger,0,Sanger,Fresno,California,-119.571822,36.708803,Exact,,JB- Collected by CR,GRVD,Infusion (fresh grass or other freshly picked organic material),2025-04-23,17,1,1,N,Fixed; 489 Brehler,Culex stigmatosoma,04/24/25 10:00 AM,,,,9
CNSL,180,3406174,2086,142227-801,3545 Greenwood Ave.,Sanger,93657,"Fresno County (California, USA)",2086,142227-801,3545 Greenwood Ave.,Sanger,93657,"Fresno County (California, USA)",,,Sanger,516.4777413,Sanger,Fresno,California,-119.566456,36.684236,Exact,,JB- Collected by CR,GRVD,Infusion (fresh grass or other freshly picked organic material),2025-04-23,17,1,1,N,Fixed; 3545 Greenwood Ave,Culex quinquefasciatus,04/24/25 10:00 AM,,2,,33
CNSL,181,3406178,2522,142216-810,1246 S Indianola Ave,Sanger,93657,"Fresno County (California, USA)",2522,142216-810,1246 S Indianola Ave,Sanger,93657,"Fresno County (California, USA)",,,Sanger,259.4953178,Sanger,Fresno,California,-119.581387,36.719266,Exact,,JB- Collected by CR,GRVD,Infusion (fresh grass or other freshly picked organic material),2025-04-23,17,1,1,N,"Fixed; SE of CA and Indianola, oranges",Culex quinquefasciatus,04/24/25 10:01 AM,,,,13
CNSL,182,3406180,2529,142221-805,11342 E Annadale Ave,Sanger,93657,"Fresno County (California, USA)",2529,142221-805,11342 E Annadale Ave,Sanger,93657,"Fresno County (California, USA)",,,Sanger,312.7500022,Sanger,Fresno,California,-119.586756,36.699062,Exact,,JB- Collected by CR,GRVD,Infusion (fresh grass or other freshly picked organic material),2025-04-23,17,1,1,N,Fixed; W of Annadale and Indianola on S side oranges,Culex quinquefasciatus,04/24/25 10:02 AM,,2,,12
CNSL,183,3406185,2523,142216-811,11333 E Church Ave,Sanger,93657,"Fresno County (California, USA)",2523,142216-811,11333 E Church Ave,Sanger,93657,"Fresno County (California, USA)",,,Sanger,234.6261506,Sanger,Fresno,California,-119.585979,36.713487,Exact,,JB- Collected by CR,GRVD,Infusion (fresh grass or other freshly picked organic material),2025-04-23,17,1,1,N,"Fixed; SW of Church and Indianola, almonds",Culex quinquefasciatus,04/24/25 10:03 AM,,1,,3
CNSL,183,3406185,2523,142216-811,11333 E Church Ave,Sanger,93657,"Fresno County (California, USA)",2523,142216-811,11333 E Church Ave,Sanger,93657,"Fresno County (California, USA)",,,Sanger,234.6261506,Sanger,Fresno,California,-119.585979,36.713487,Exact,,JB- Collected by CR,GRVD,Infusion (fresh grass or other freshly picked organic material),2025-04-23,17,1,1,N,"Fixed; SW of Church and Indianola, almonds",Culex stigmatosoma,04/24/25 10:03 AM,,,,1
CNSL,183,3406185,2523,142216-811,11333 E Church Ave,Sanger,93657,"Fresno County (California, USA)",2523,142216-811,11333 E Church Ave,Sanger,93657,"Fresno County (California, USA)",,,Sanger,234.6261506,Sanger,Fresno,California,-119.585979,36.713487,Exact,,JB- Collected by CR,GRVD,Infusion (fresh grass or other freshly picked organic material),2025-04-23,17,1,1,N,"Fixed; SW of Church and Indianola, almonds",Culex tarsalis,04/24/25 10:03 AM,,,,1
CNSL,184,3406187,2020,132217-804,North/East of Ashlan and Quail Lake Drive,Clovis,93611,"Fresno County (California, USA)",2020,132217-804,North/East of Ashlan and Quail Lake Drive,Clovis,93611,"Fresno County (California, USA)",,,Clovis,1559.192632,Sanger,Fresno,California,-119.595,36.795,Exact,,JB- Collected by MT,GRVD,Infusion (fresh grass or other freshly picked organic material),2025-04-23,17,1,1,N,"Fixed; QL, Red Bank Slough",Culex quinquefasciatus,04/24/25 10:04 AM,,2,,11
CNSL,184,3406187,2020,132217-804,North/East of Ashlan and Quail Lake Drive,Clovis,93611,"Fresno County (California, USA)",2020,132217-804,North/East of Ashlan and Quail Lake Drive,Clovis,93611,"Fresno County (California, USA)",,,Clovis,1559.192632,Sanger,Fresno,California,-119.595,36.795,Exact,,JB- Collected by MT,GRVD,Infusion (fresh grass or other freshly picked organic material),2025-04-23,17,1,1,N,"Fixed; QL, Red Bank Slough",Culex stigmatosoma,04/24/25 10:04 AM,,,,17
CNSL,184,3406187,2020,132217-804,North/East of Ashlan and Quail Lake Drive,Clovis,93611,"Fresno County (California, USA)",2020,132217-804,North/East of Ashlan and Quail Lake Drive,Clovis,93611,"Fresno County (California, USA)",,,Clovis,1559.192632,Sanger,Fresno,California,-119.595,36.795,Exact,,JB- Collected by MT,GRVD,Infusion (fresh grass or other freshly picked organic material),2025-04-23,17,1,1,N,"Fixed; QL, Red Bank Slough",Culex thriambus,04/24/25 10:04 AM,,,,2
CNSL,185,3406189,8185,132218-807,Thompson and Ashlan,Clovis,,"Fresno County (California, USA)",8185,132218-807,Thompson and Ashlan,Clovis,,"Fresno County (California, USA)",,,Clovis,481.7008441,Fresno,Fresno,California,-119.620901,36.797503,Exact,,JB- Collected by MT,GRVD,Infusion (fresh grass or other freshly picked organic material),2025-04-23,17,1,1,N,Fixed; NE of Ashlan and Thompson in almond orchard,Culex quinquefasciatus,04/24/25 10:06 AM,,2,,21
CNSL,185,3406189,8185,132218-807,Thompson and Ashlan,Clovis,,"Fresno County (California, USA)",8185,132218-807,Thompson and Ashlan,Clovis,,"Fresno County (California, USA)",,,Clovis,481.7008441,Fresno,Fresno,California,-119.620901,36.797503,Exact,,JB- Collected by MT,GRVD,Infusion (fresh grass or other freshly picked organic material),2025-04-23,17,1,1,N,Fixed; NE of Ashlan and Thompson in almond orchard,Culex stigmatosoma,04/24/25 10:06 AM,,,,6
CNSL,185,3406189,8185,132218-807,Thompson and Ashlan,Clovis,,"Fresno County (California, USA)",8185,132218-807,Thompson and Ashlan,Clovis,,"Fresno County (California, USA)",,,Clovis,481.7008441,Fresno,Fresno,California,-119.620901,36.797503,Exact,,JB- Collected by MT,GRVD,Infusion (fresh grass or other freshly picked organic material),2025-04-23,17,1,1,N,Fixed; NE of Ashlan and Thompson in almond orchard,Culiseta inornata,04/24/25 10:06 AM,,,,1
CNSL,186,3406190,2141,132216-814,11648 E. Ashlan,Clovis,93611,"Fresno County (California, USA)",2141,132216-814,11648 E. Ashlan,Clovis,93611,"Fresno County (California, USA)",,,Clovis,2712.790777,Sanger,Fresno,California,-119.582086,36.798539,Exact,,JB- Collected by MT,GRVD,Infusion (fresh grass or other freshly picked organic material),2025-04-23,17,1,1,N,Fixed; Wolf Lakes,Culex quinquefasciatus,04/24/25 10:06 AM,,1,,8
CNSL,186,3406190,2141,132216-814,11648 E. Ashlan,Clovis,93611,"Fresno County (California, USA)",2141,132216-814,11648 E. Ashlan,Clovis,93611,"Fresno County (California, USA)",,,Clovis,2712.790777,Sanger,Fresno,California,-119.582086,36.798539,Exact,,JB- Collected by MT,GRVD,Infusion (fresh grass or other freshly picked organic material),2025-04-23,17,1,1,N,Fixed; Wolf Lakes,Culex stigmatosoma,04/24/25 10:06 AM,,,,7
CNSL,186,3406190,2141,132216-814,11648 E. Ashlan,Clovis,93611,"Fresno County (California, USA)",2141,132216-814,11648 E. Ashlan,Clovis,93611,"Fresno County (California, USA)",,,Clovis,2712.790777,Sanger,Fresno,California,-119.582086,36.798539,Exact,,JB- Collected by MT,GRVD,Infusion (fresh grass or other freshly picked organic material),2025-04-23,17,1,1,N,Fixed; Wolf Lakes,Culex tarsalis,04/24/25 10:06 AM,,,,1
CNSL,187,3406193,2658,132221-815,3218 N Indianola Ave,Sanger,93657,"Fresno County (California, USA)",2658,132221-815,3218 N Indianola Ave,Sanger,93657,"Fresno County (California, USA)",,,Clovis,2933.989855,Sanger,Fresno,California,-119.582314,36.783216,Exact,,JB- Collected by MT,GRVD,Infusion (fresh grass or other freshly picked organic material),2025-04-23,17,1,1,N,"Fixed; Orchard N of Shields Ave, on E side of Indianola Ave",Culex quinquefasciatus,04/24/25 10:08 AM,,3,,4
CNSL,187,3406193,2658,132221-815,3218 N Indianola Ave,Sanger,93657,"Fresno County (California, USA)",2658,132221-815,3218 N Indianola Ave,Sanger,93657,"Fresno County (California, USA)",,,Clovis,2933.989855,Sanger,Fresno,California,-119.582314,36.783216,Exact,,JB- Collected by MT,GRVD,Infusion (fresh grass or other freshly picked organic material),2025-04-23,17,1,1,N,"Fixed; Orchard N of Shields Ave, on E side of Indianola Ave",Culex stigmatosoma,04/24/25 10:08 AM,,,,4
CNSL,187,3406193,2658,132221-815,3218 N Indianola Ave,Sanger,93657,"Fresno County (California, USA)",2658,132221-815,3218 N Indianola Ave,Sanger,93657,"Fresno County (California, USA)",,,Clovis,2933.989855,Sanger,Fresno,California,-119.582314,36.783216,Exact,,JB- Collected by MT,GRVD,Infusion (fresh grass or other freshly picked organic material),2025-04-23,17,1,1,N,"Fixed; Orchard N of Shields Ave, on E side of Indianola Ave",Culex tarsalis,04/24/25 10:08 AM,,1,,
CNSL,188,3406195,2576,132101-803,8403 E Bullard Ave,Clovis,93619,"Fresno County (California, USA)",2576,132101-803,8403 E Bullard Ave,Clovis,93619,"Fresno County (California, USA)",,,Clovis,82.51455514,Fresno,Fresno,California,-119.637761,36.82322,Exact,,JB- Collected by MT,GRVD,Infusion (fresh grass or other freshly picked organic material),2025-04-23,17,1,1,N,Fixed; NW corner Bullard/ Leonard,Culex quinquefasciatus,04/24/25 10:10 AM,,2,,34
CNSL,188,3406195,2576,132101-803,8403 E Bullard Ave,Clovis,93619,"Fresno County (California, USA)",2576,132101-803,8403 E Bullard Ave,Clovis,93619,"Fresno County (California, USA)",,,Clovis,82.51455514,Fresno,Fresno,California,-119.637761,36.82322,Exact,,JB- Collected by MT,GRVD,Infusion (fresh grass or other freshly picked organic material),2025-04-23,17,1,1,N,Fixed; NW corner Bullard/ Leonard,Culex stigmatosoma,04/24/25 10:10 AM,,,,30
CNSL,189,3406196,2083,142222-803,2590 North,Sanger,93657,"Fresno County (California, USA)",2083,142222-803,2590 North,Sanger,93657,"Fresno County (California, USA)",,,Sanger,0,Sanger,Fresno,California,-119.573136,36.693394,Exact,,JB- Collected by CR,BGSENT,"BG-Lure, CO2 (dry ice)",2025-04-23,17,1,1,N,"Fixed; St. Mary's Church, NE North and Bethel",Culex quinquefasciatus,04/24/25 10:11 AM,,,2,
CNSL,189,3406196,2083,142222-803,2590 North,Sanger,93657,"Fresno County (California, USA)",2083,142222-803,2590 North,Sanger,93657,"Fresno County (California, USA)",,,Sanger,0,Sanger,Fresno,California,-119.573136,36.693394,Exact,,JB- Collected by CR,BGSENT,"BG-Lure, CO2 (dry ice)",2025-04-23,17,1,1,N,"Fixed; St. Mary's Church, NE North and Bethel",Aedes aegypti,04/24/25 10:11 AM,,1,,
CNSL,190,3406200,2561,142215-824,489 Brehler Ave,Sanger,93657,"Fresno County (California, USA)",2561,142215-824,489 Brehler Ave,Sanger,93657,"Fresno County (California, USA)",,,Sanger,0,Sanger,Fresno,California,-119.571822,36.708803,Exact,,JB- Collected by CR,BGSENT,"BG-Lure, CO2 (dry ice)",2025-04-23,17,1,1,N,Fixed; 489 Brehler,Culex quinquefasciatus,04/24/25 10:14 AM,,,2,
CNSL,190,3406200,2561,142215-824,489 Brehler Ave,Sanger,93657,"Fresno County (California, USA)",2561,142215-824,489 Brehler Ave,Sanger,93657,"Fresno County (California, USA)",,,Sanger,0,Sanger,Fresno,California,-119.571822,36.708803,Exact,,JB- Collected by CR,BGSENT,"BG-Lure, CO2 (dry ice)",2025-04-23,17,1,1,N,Fixed; 489 Brehler,Culex tarsalis,04/24/25 10:14 AM,,,3,
CNSL,191,3406201,2086,142227-801,3545 Greenwood Ave.,Sanger,93657,"Fresno County (California, USA)",2086,142227-801,3545 Greenwood Ave.,Sanger,93657,"Fresno County (California, USA)",,,Sanger,516.4777413,Sanger,Fresno,California,-119.566456,36.684236,Exact,,JB- Collected by CR,BGSENT,"BG-Lure, CO2 (dry ice)",2025-04-23,17,1,1,N,Fixed; 3545 Greenwood Ave,Culex quinquefasciatus,04/24/25 10:15 AM,,,1,
CNSL,191,3406201,2086,142227-801,3545 Greenwood Ave.,Sanger,93657,"Fresno County (California, USA)",2086,142227-801,3545 Greenwood Ave.,Sanger,93657,"Fresno County (California, USA)",,,Sanger,516.4777413,Sanger,Fresno,California,-119.566456,36.684236,Exact,,JB- Collected by CR,BGSENT,"BG-Lure, CO2 (dry ice)",2025-04-23,17,1,1,N,Fixed; 3545 Greenwood Ave,Culex tarsalis,04/24/25 10:15 AM,,,1,
CNSL,192,3406204,2522,142216-810,1246 S Indianola Ave,Sanger,93657,"Fresno County (California, USA)",2522,142216-810,1246 S Indianola Ave,Sanger,93657,"Fresno County (California, USA)",,,Sanger,259.4953178,Sanger,Fresno,California,-119.581387,36.719266,Exact,,JB- Collected by CR,CO2,CO2 (dry ice),2025-04-23,17,1,1,N,"Fixed; SE of CA and Indianola, oranges",Culex quinquefasciatus,04/24/25 10:17 AM,,,28,
CNSL,192,3406204,2522,142216-810,1246 S Indianola Ave,Sanger,93657,"Fresno County (California, USA)",2522,142216-810,1246 S Indianola Ave,Sanger,93657,"Fresno County (California, USA)",,,Sanger,259.4953178,Sanger,Fresno,California,-119.581387,36.719266,Exact,,JB- Collected by CR,CO2,CO2 (dry ice),2025-04-23,17,1,1,N,"Fixed; SE of CA and Indianola, oranges",Culex tarsalis,04/24/25 10:17 AM,,,11,
CNSL,192,3406204,2522,142216-810,1246 S Indianola Ave,Sanger,93657,"Fresno County (California, USA)",2522,142216-810,1246 S Indianola Ave,Sanger,93657,"Fresno County (California, USA)",,,Sanger,259.4953178,Sanger,Fresno,California,-119.581387,36.719266,Exact,,JB- Collected by CR,CO2,CO2 (dry ice),2025-04-23,17,1,1,N,"Fixed; SE of CA and Indianola, oranges",Culex stigmatosoma,04/24/25 10:17 AM,,,32,
CNSL,193,3406223,2529,142221-805,11342 E Annadale Ave,Sanger,93657,"Fresno County (California, USA)",2529,142221-805,11342 E Annadale Ave,Sanger,93657,"Fresno County (California, USA)",,,Sanger,312.7500022,Sanger,Fresno,California,-119.586756,36.699062,Exact,,JB- Collected by CR,CO2,CO2 (dry ice),2025-04-23,17,1,1,N,"Fixed; W of Annadale and Indianola on S side, oranges",Culex quinquefasciatus,04/24/25 10:33 AM,,,41,
CNSL,193,3406223,2529,142221-805,11342 E Annadale Ave,Sanger,93657,"Fresno County (California, USA)",2529,142221-805,11342 E Annadale Ave,Sanger,93657,"Fresno County (California, USA)",,,Sanger,312.7500022,Sanger,Fresno,California,-119.586756,36.699062,Exact,,JB- Collected by CR,CO2,CO2 (dry ice),2025-04-23,17,1,1,N,"Fixed; W of Annadale and Indianola on S side, oranges",Culex stigmatosoma,04/24/25 10:33 AM,,,34,
CNSL,193,3406223,2529,142221-805,11342 E Annadale Ave,Sanger,93657,"Fresno County (California, USA)",2529,142221-805,11342 E Annadale Ave,Sanger,93657,"Fresno County (California, USA)",,,Sanger,312.7500022,Sanger,Fresno,California,-119.586756,36.699062,Exact,,JB- Collected by CR,CO2,CO2 (dry ice),2025-04-23,17,1,1,N,"Fixed; W of Annadale and Indianola on S side, oranges",Culex tarsalis,04/24/25 10:33 AM,,,13,
CNSL,193,3406223,2529,142221-805,11342 E Annadale Ave,Sanger,93657,"Fresno County (California, USA)",2529,142221-805,11342 E Annadale Ave,Sanger,93657,"Fresno County (California, USA)",,,Sanger,312.7500022,Sanger,Fresno,California,-119.586756,36.699062,Exact,,JB- Collected by CR,CO2,CO2 (dry ice),2025-04-23,17,1,1,N,"Fixed; W of Annadale and Indianola on S side, oranges",Culiseta inornata,04/24/25 10:33 AM,,,1,
CNSL,194,3406225,2523,142216-811,11333 E Church Ave,Sanger,93657,"Fresno County (California, USA)",2523,142216-811,11333 E Church Ave,Sanger,93657,"Fresno County (California, USA)",,,Sanger,234.6261506,Sanger,Fresno,California,-119.585979,36.713487,Exact,,JB- Collected by CR,CO2,CO2 (dry ice),2025-04-23,17,1,1,N,"Fixed; SW of Church and Indianola, almonds",Culex quinquefasciatus,04/24/25 10:34 AM,,,3,
CNSL,194,3406225,2523,142216-811,11333 E Church Ave,Sanger,93657,"Fresno County (California, USA)",2523,142216-811,11333 E Church Ave,Sanger,93657,"Fresno County (California, USA)",,,Sanger,234.6261506,Sanger,Fresno,California,-119.585979,36.713487,Exact,,JB- Collected by CR,CO2,CO2 (dry ice),2025-04-23,17,1,1,N,"Fixed; SW of Church and Indianola, almonds",Culex tarsalis,04/24/25 10:34 AM,,,4,
CNSL,194,3406225,2523,142216-811,11333 E Church Ave,Sanger,93657,"Fresno County (California, USA)",2523,142216-811,11333 E Church Ave,Sanger,93657,"Fresno County (California, USA)",,,Sanger,234.6261506,Sanger,Fresno,California,-119.585979,36.713487,Exact,,JB- Collected by CR,CO2,CO2 (dry ice),2025-04-23,17,1,1,N,"Fixed; SW of Church and Indianola, almonds",Culex stigmatosoma,04/24/25 10:34 AM,,,2,
CNSL,195,3406830,2291,152205-802,NW Lincoln/Del Rey,Del Rey,93616,"Fresno County (California, USA)",2291,152205-802,NW Lincoln/Del Rey,Del Rey,93616,"Fresno County (California, USA)",,,Del Rey,0,Parlier-Del Rey,Fresno,California,-119.596006,36.652513,Exact,,JB- Collected by CR,CO2,CO2 (dry ice),2025-04-23,17,1,1,Y,"Fixed; Del Rey stonefruit orchard to the South, fan off",,04/25/25 08:22 AM,,,,
CNSL,196,3406833,3435,142214-807,Rainbow Route and Quality Ave,Sanger,93657,"Fresno County (California, USA)",3435,142214-807,Rainbow Route and Quality Ave,Sanger,93657,"Fresno County (California, USA)",,,Sanger,17.30447966,Sanger,Fresno,California,-119.542803,36.706992,Exact,,JB- Collected by CR,CO2,CO2 (dry ice),2025-04-23,17,1,1,N,Fixed; persimmon orchard NE of Quality and 8th,Culex quinquefasciatus,04/25/25 08:23 AM,,,2,
CNSL,196,3406833,3435,142214-807,Rainbow Route and Quality Ave,Sanger,93657,"Fresno County (California, USA)",3435,142214-807,Rainbow Route and Quality Ave,Sanger,93657,"Fresno County (California, USA)",,,Sanger,17.30447966,Sanger,Fresno,California,-119.542803,36.706992,Exact,,JB- Collected by CR,CO2,CO2 (dry ice),2025-04-23,17,1,1,N,Fixed; persimmon orchard NE of Quality and 8th,Culex tarsalis,04/25/25 08:23 AM,,,3,
CNSL,196,3406833,3435,142214-807,Rainbow Route and Quality Ave,Sanger,93657,"Fresno County (California, USA)",3435,142214-807,Rainbow Route and Quality Ave,Sanger,93657,"Fresno County (California, USA)",,,Sanger,17.30447966,Sanger,Fresno,California,-119.542803,36.706992,Exact,,JB- Collected by CR,CO2,CO2 (dry ice),2025-04-23,17,1,1,N,Fixed; persimmon orchard NE of Quality and 8th,Culiseta inornata,04/25/25 08:23 AM,,,1,
CNSL,197,3406836,2685,142210-801,NE of Fairbanks & Oak,Sanger,93657,"Fresno County (California, USA)",2685,142210-801,NE of Fairbanks & Oak,Sanger,93657,"Fresno County (California, USA)",,,Sanger,32.29316193,Sanger,Fresno,California,-119.569425,36.72144,Exact,,JB- Collected by CR,CO2,CO2 (dry ice),2025-04-23,17,1,1,N,Fixed; Orchard NE of Fairbanks and Oak,Culex quinquefasciatus,04/25/25 08:26 AM,,,4,
CNSL,197,3406836,2685,142210-801,NE of Fairbanks & Oak,Sanger,93657,"Fresno County (California, USA)",2685,142210-801,NE of Fairbanks & Oak,Sanger,93657,"Fresno County (California, USA)",,,Sanger,32.29316193,Sanger,Fresno,California,-119.569425,36.72144,Exact,,JB- Collected by CR,CO2,CO2 (dry ice),2025-04-23,17,1,1,N,Fixed; Orchard NE of Fairbanks and Oak,Culex stigmatosoma,04/25/25 08:26 AM,,,1,
CNSL,197,3406836,2685,142210-801,NE of Fairbanks & Oak,Sanger,93657,"Fresno County (California, USA)",2685,142210-801,NE of Fairbanks & Oak,Sanger,93657,"Fresno County (California, USA)",,,Sanger,32.29316193,Sanger,Fresno,California,-119.569425,36.72144,Exact,,JB- Collected by CR,CO2,CO2 (dry ice),2025-04-23,17,1,1,N,Fixed; Orchard NE of Fairbanks and Oak,Culex tarsalis,04/25/25 08:26 AM,,,1,
CNSL,198,3406840,2703,152205-816,10591 E American Ave,Del Rey,93616,"Fresno County (California, USA)",2703,152205-816,10591 E American Ave,Del Rey,93616,"Fresno County (California, USA)",,,Del Rey,0,Parlier-Del Rey,Fresno,California,-119.599964,36.662836,Exact,,JB- Collected by CR,CO2,CO2 (dry ice),2025-04-23,17,1,1,N,Fixed; Del Rey almond orchard Portola/American,,04/25/25 08:27 AM,,,,
CNSL,199,3406844,2266,142215-809,Greenwood and Church,Sanger,93657,"Fresno County (California, USA)",2266,142215-809,Greenwood and Church,Sanger,93657,"Fresno County (California, USA)",,,Sanger,0,Sanger,Fresno,California,-119.564886,36.713961,Exact,,JB- Collected by CR,CO2,CO2 (dry ice),2025-04-23,17,1,1,N,"Fixed; Holding Park, Greenwood and Church",Culex tarsalis,04/25/25 08:28 AM,,,1,
CNSL,199,3406844,2266,142215-809,Greenwood and Church,Sanger,93657,"Fresno County (California, USA)",2266,142215-809,Greenwood and Church,Sanger,93657,"Fresno County (California, USA)",,,Sanger,0,Sanger,Fresno,California,-119.564886,36.713961,Exact,,JB- Collected by CR,CO2,CO2 (dry ice),2025-04-23,17,1,1,N,"Fixed; Holding Park, Greenwood and Church",Culex stigmatosoma,04/25/25 08:28 AM,,,2,
CNSL,200,3406848,2020,132217-804,North/East of Ashlan and Quail Lake Drive,Clovis,93611,"Fresno County (California, USA)",2020,132217-804,North/East of Ashlan and Quail Lake Drive,Clovis,93611,"Fresno County (California, USA)",,,Clovis,1559.192632,Sanger,Fresno,California,-119.595,36.795,Exact,,JB- Collected by MT,CO2,CO2 (dry ice),2025-04-23,17,1,1,N,Fixed; QL Red Bank Slough,Culex quinquefasciatus,04/25/25 08:30 AM,,,3,
CNSL,200,3406848,2020,132217-804,North/East of Ashlan and Quail Lake Drive,Clovis,93611,"Fresno County (California, USA)",2020,132217-804,North/East of Ashlan and Quail Lake Drive,Clovis,93611,"Fresno County (California, USA)",,,Clovis,1559.192632,Sanger,Fresno,California,-119.595,36.795,Exact,,JB- Collected by MT,CO2,CO2 (dry ice),2025-04-23,17,1,1,N,Fixed; QL Red Bank Slough,Culex tarsalis,04/25/25 08:30 AM,,1,24,
CNSL,201,3406854,8185,132218-807,Thompson and Ashlan,Clovis,,"Fresno County (California, USA)",8185,132218-807,Thompson and Ashlan,Clovis,,"Fresno County (California, USA)",,,Clovis,481.7008441,Fresno,Fresno,California,-119.620901,36.797503,Exact,,JB- Collected by MT,CO2,CO2 (dry ice),2025-04-23,17,1,1,N,Fixed; NW of Ashlan and Thompson in almond orchard,Culex quinquefasciatus,04/25/25 08:32 AM,,,1,
CNSL,201,3406854,8185,132218-807,Thompson and Ashlan,Clovis,,"Fresno County (California, USA)",8185,132218-807,Thompson and Ashlan,Clovis,,"Fresno County (California, USA)",,,Clovis,481.7008441,Fresno,Fresno,California,-119.620901,36.797503,Exact,,JB- Collected by MT,CO2,CO2 (dry ice),2025-04-23,17,1,1,N,Fixed; NW of Ashlan and Thompson in almond orchard,Culex tarsalis,04/25/25 08:32 AM,,,5,
CNSL,202,3406858,2141,132216-814,11648 E. Ashlan,Clovis,93611,"Fresno County (California, USA)",2141,132216-814,11648 E. Ashlan,Clovis,93611,"Fresno County (California, USA)",,,Clovis,2712.790777,Sanger,Fresno,California,-119.582086,36.798539,Exact,,JB- Collected by MT,CO2,CO2 (dry ice),2025-04-23,17,1,1,N,Fixed; Wolf Lakes,Culex quinquefasciatus,04/25/25 08:33 AM,,,2,
CNSL,202,3406858,2141,132216-814,11648 E. Ashlan,Clovis,93611,"Fresno County (California, USA)",2141,132216-814,11648 E. Ashlan,Clovis,93611,"Fresno County (California, USA)",,,Clovis,2712.790777,Sanger,Fresno,California,-119.582086,36.798539,Exact,,JB- Collected by MT,CO2,CO2 (dry ice),2025-04-23,17,1,1,N,Fixed; Wolf Lakes,Culex stigmatosoma,04/25/25 08:33 AM,,,1,
CNSL,202,3406858,2141,132216-814,11648 E. Ashlan,Clovis,93611,"Fresno County (California, USA)",2141,132216-814,11648 E. Ashlan,Clovis,93611,"Fresno County (California, USA)",,,Clovis,2712.790777,Sanger,Fresno,California,-119.582086,36.798539,Exact,,JB- Collected by MT,CO2,CO2 (dry ice),2025-04-23,17,1,1,N,Fixed; Wolf Lakes,Culex tarsalis,04/25/25 08:33 AM,,,19,
CNSL,202,3406858,2141,132216-814,11648 E. Ashlan,Clovis,93611,"Fresno County (California, USA)",2141,132216-814,11648 E. Ashlan,Clovis,93611,"Fresno County (California, USA)",,,Clovis,2712.790777,Sanger,Fresno,California,-119.582086,36.798539,Exact,,JB- Collected by MT,CO2,CO2 (dry ice),2025-04-23,17,1,1,N,Fixed; Wolf Lakes,Aedes aegypti,04/25/25 08:33 AM,,,1,
CNSL,203,3406860,2658,132221-815,3218 N Indianola Ave,Sanger,93657,"Fresno County (California, USA)",2658,132221-815,3218 N Indianola Ave,Sanger,93657,"Fresno County (California, USA)",,,Clovis,2933.989855,Sanger,Fresno,California,-119.582314,36.783216,Exact,,JB- Collected by MT,CO2,CO2 (dry ice),2025-04-23,17,1,1,N,Fixed; orchard N of Shields Ave on E side of Indianola Ave,Culex quinquefasciatus,04/25/25 08:34 AM,,,3,
CNSL,203,3406860,2658,132221-815,3218 N Indianola Ave,Sanger,93657,"Fresno County (California, USA)",2658,132221-815,3218 N Indianola Ave,Sanger,93657,"Fresno County (California, USA)",,,Clovis,2933.989855,Sanger,Fresno,California,-119.582314,36.783216,Exact,,JB- Collected by MT,CO2,CO2 (dry ice),2025-04-23,17,1,1,N,Fixed; orchard N of Shields Ave on E side of Indianola Ave,Culex tarsalis,04/25/25 08:34 AM,,,9,
CNSL,204,3406863,2576,132101-803,8403 E Bullard Ave,Clovis,93619,"Fresno County (California, USA)",2576,132101-803,8403 E Bullard Ave,Clovis,93619,"Fresno County (California, USA)",,,Clovis,82.51455514,Fresno,Fresno,California,-119.637761,36.82322,Exact,,JB- Collected by MT,CO2,CO2 (dry ice),2025-04-23,17,1,1,N,Fixed; NW corner Bullard/Leonard,Culex quinquefasciatus,04/25/25 08:35 AM,,1,4,
CNSL,204,3406863,2576,132101-803,8403 E Bullard Ave,Clovis,93619,"Fresno County (California, USA)",2576,132101-803,8403 E Bullard Ave,Clovis,93619,"Fresno County (California, USA)",,,Clovis,82.51455514,Fresno,Fresno,California,-119.637761,36.82322,Exact,,JB- Collected by MT,CO2,CO2 (dry ice),2025-04-23,17,1,1,N,Fixed; NW corner Bullard/Leonard,Culex tarsalis,04/25/25 08:35 AM,,,22,
CNSL,204,3406863,2576,132101-803,8403 E Bullard Ave,Clovis,93619,"Fresno County (California, USA)",2576,132101-803,8403 E Bullard Ave,Clovis,93619,"Fresno County (California, USA)",,,Clovis,82.51455514,Fresno,Fresno,California,-119.637761,36.82322,Exact,,JB- Collected by MT,CO2,CO2 (dry ice),2025-04-23,17,1,1,N,Fixed; NW corner Bullard/Leonard,Culex stigmatosoma,04/25/25 08:35 AM,,,5,
CNSL,205,3406903,3427,152413-821,669 4th St,Orange Cove,93646,"Fresno County (California, USA)",3427,152413-821,669 4th St,Orange Cove,93646,"Fresno County (California, USA)",,,Orange Cove,0,Orange Cove,Fresno,California,-119.310083,36.623184,Exact,,JB- Collected by CR,GRVD,Infusion (fresh grass or other freshly picked organic material),2025-04-24,17,1,1,N,Fixed; 669 4th St,Culex quinquefasciatus,04/25/25 08:49 AM,,4,49,
CNSL,205,3406903,3427,152413-821,669 4th St,Orange Cove,93646,"Fresno County (California, USA)",3427,152413-821,669 4th St,Orange Cove,93646,"Fresno County (California, USA)",,,Orange Cove,0,Orange Cove,Fresno,California,-119.310083,36.623184,Exact,,JB- Collected by CR,GRVD,Infusion (fresh grass or other freshly picked organic material),2025-04-24,17,1,1,N,Fixed; 669 4th St,Culex stigmatosoma,04/25/25 08:49 AM,,,12,
CNSL,205,3406903,3427,152413-821,669 4th St,Orange Cove,93646,"Fresno County (California, USA)",3427,152413-821,669 4th St,Orange Cove,93646,"Fresno County (California, USA)",,,Orange Cove,0,Orange Cove,Fresno,California,-119.310083,36.623184,Exact,,JB- Collected by CR,GRVD,Infusion (fresh grass or other freshly picked organic material),2025-04-24,17,1,1,N,Fixed; 669 4th St,Culex thriambus,04/25/25 08:49 AM,,,5,
CNSL,206,3407000,3407,152327-814,838 N Acacia Ave,Reedley,93654,"Fresno County (California, USA)",3407,152327-814,838 N Acacia Ave,Reedley,93654,"Fresno County (California, USA)",,,Reedley,0,Reedley,Fresno,California,-119.450079,36.60364,Exact,,JB- Collected by CR,GRVD,Infusion (fresh grass or other freshly picked organic material),2025-04-24,17,1,1,N,Fixed; 838 N Acacia,Culex quinquefasciatus,04/25/25 09:03 AM,,,,28
CNSL,206,3407000,3407,152327-814,838 N Acacia Ave,Reedley,93654,"Fresno County (California, USA)",3407,152327-814,838 N Acacia Ave,Reedley,93654,"Fresno County (California, USA)",,,Reedley,0,Reedley,Fresno,California,-119.450079,36.60364,Exact,,JB- Collected by CR,GRVD,Infusion (fresh grass or other freshly picked organic material),2025-04-24,17,1,1,N,Fixed; 838 N Acacia,Culex stigmatosoma,04/25/25 09:03 AM,,1,,5
CNSL,206,3407000,3407,152327-814,838 N Acacia Ave,Reedley,93654,"Fresno County (California, USA)",3407,152327-814,838 N Acacia Ave,Reedley,93654,"Fresno County (California, USA)",,,Reedley,0,Reedley,Fresno,California,-119.450079,36.60364,Exact,,JB- Collected by CR,GRVD,Infusion (fresh grass or other freshly picked organic material),2025-04-24,17,1,1,N,Fixed; 838 N Acacia,Culex thriambus,04/25/25 09:03 AM,,,,1
CNSL,207,3407016,3532,152325-811,W side of Zumwalt bt Early Ave and Duff Ave,Reedley,93654,"Fresno County (California, USA)",3532,152325-811,W side of Zumwalt bt Early Ave and Duff Ave,Reedley,93654,"Fresno County (California, USA)",,,Reedley,4.346858565,Reedley,Fresno,California,-119.421942,36.593592,Exact,,JB- Collected by CR,GRVD,Infusion (fresh grass or other freshly picked organic material),2025-04-24,17,1,1,N,"Fixed; W side of Zumwalt bt Duff and Early Ave, W side of sidewalk",Culex quinquefasciatus,04/25/25 09:07 AM,,,,18
CNSL,207,3407016,3532,152325-811,W side of Zumwalt bt Early Ave and Duff Ave,Reedley,93654,"Fresno County (California, USA)",3532,152325-811,W side of Zumwalt bt Early Ave and Duff Ave,Reedley,93654,"Fresno County (California, USA)",,,Reedley,4.346858565,Reedley,Fresno,California,-119.421942,36.593592,Exact,,JB- Collected by CR,GRVD,Infusion (fresh grass or other freshly picked organic material),2025-04-24,17,1,1,N,"Fixed; W side of Zumwalt bt Duff and Early Ave, W side of sidewalk",Culex stigmatosoma,04/25/25 09:07 AM,,1,,1
CNSL,207,3407016,3532,152325-811,W side of Zumwalt bt Early Ave and Duff Ave,Reedley,93654,"Fresno County (California, USA)",3532,152325-811,W side of Zumwalt bt Early Ave and Duff Ave,Reedley,93654,"Fresno County (California, USA)",,,Reedley,4.346858565,Reedley,Fresno,California,-119.421942,36.593592,Exact,,JB- Collected by CR,GRVD,Infusion (fresh grass or other freshly picked organic material),2025-04-24,17,1,1,N,"Fixed; W side of Zumwalt bt Duff and Early Ave, W side of sidewalk",Culicoides,04/25/25 09:07 AM,,,,2
CNSL,208,3407027,3500,152322-818,1409 N Riverview Ave,Reedley,93654,"Fresno County (California, USA)",3500,152322-818,1409 N Riverview Ave,Reedley,93654,"Fresno County (California, USA)",,,Reedley,0,Reedley,Fresno,California,-119.456798,36.6089,Exact,,JB- Collected by CR,GRVD,Infusion (fresh grass or other freshly picked organic material),2025-04-24,17,1,1,N,Fixed; 1409 N Riverview,Culex quinquefasciatus,04/25/25 09:13 AM,,1,,13
CNSL,208,3407027,3500,152322-818,1409 N Riverview Ave,Reedley,93654,"Fresno County (California, USA)",3500,152322-818,1409 N Riverview Ave,Reedley,93654,"Fresno County (California, USA)",,,Reedley,0,Reedley,Fresno,California,-119.456798,36.6089,Exact,,JB- Collected by CR,GRVD,Infusion (fresh grass or other freshly picked organic material),2025-04-24,17,1,1,N,Fixed; 1409 N Riverview,Culicoides,04/25/25 09:13 AM,,1,,
CNSL,209,3407028,3546,142335-805,"Random; W side of Academy, N of McKinley, citrus",Reedley,93654,"Fresno County (California, USA)",3546,142335-805,"Random; W side of Academy, N of McKinley, citrus",Reedley,93654,"Fresno County (California, USA)",,,Reedley,51.53225805,Reedley,Fresno,California,-119.447958,36.66915,Exact,,JB- Collected by CR,GRVD,Infusion (fresh grass or other freshly picked organic material),2025-04-24,17,1,1,N,Fixed; 4492 S Frankwood,Culex quinquefasciatus,04/25/25 09:14 AM,,1,,10
CNSL,209,3407028,3546,142335-805,"Random; W side of Academy, N of McKinley, citrus",Reedley,93654,"Fresno County (California, USA)",3546,142335-805,"Random; W side of Academy, N of McKinley, citrus",Reedley,93654,"Fresno County (California, USA)",,,Reedley,51.53225805,Reedley,Fresno,California,-119.447958,36.66915,Exact,,JB- Collected by CR,GRVD,Infusion (fresh grass or other freshly picked organic material),2025-04-24,17,1,1,N,Fixed; 4492 S Frankwood,Culiseta inornata,04/25/25 09:14 AM,,,,1
CNSL,209,3407028,3546,142335-805,"Random; W side of Academy, N of McKinley, citrus",Reedley,93654,"Fresno County (California, USA)",3546,142335-805,"Random; W side of Academy, N of McKinley, citrus",Reedley,93654,"Fresno County (California, USA)",,,Reedley,51.53225805,Reedley,Fresno,California,-119.447958,36.66915,Exact,,JB- Collected by CR,GRVD,Infusion (fresh grass or other freshly picked organic material),2025-04-24,17,1,1,N,Fixed; 4492 S Frankwood,Culex stigmatosoma,04/25/25 09:14 AM,,2,,24
CNSL,209,3407028,3546,142335-805,"Random; W side of Academy, N of McKinley, citrus",Reedley,93654,"Fresno County (California, USA)",3546,142335-805,"Random; W side of Academy, N of McKinley, citrus",Reedley,93654,"Fresno County (California, USA)",,,Reedley,51.53225805,Reedley,Fresno,California,-119.447958,36.66915,Exact,,JB- Collected by CR,GRVD,Infusion (fresh grass or other freshly picked organic material),2025-04-24,17,1,1,N,Fixed; 4492 S Frankwood,Culex thriambus,04/25/25 09:14 AM,,,,3
CNSL,210,3407029,3502,152414-815,25731 Sumner Ave,Orange Cove,93646,"Fresno County (California, USA)",3502,152414-815,25731 Sumner Ave,Orange Cove,93646,"Fresno County (California, USA)",,,Orange Cove,189.8835851,Orange Cove,Fresno,California,-119.32909,36.624484,Approximate,,JB- Collected by CR,GRVD,Infusion (fresh grass or other freshly picked organic material),2025-04-24,17,1,1,N,"2025 Central; E of Sumner and Monson on S side, orchard",Culex quinquefasciatus,04/25/25 09:15 AM,,,,12
CNSL,210,3407029,3502,152414-815,25731 Sumner Ave,Orange Cove,93646,"Fresno County (California, USA)",3502,152414-815,25731 Sumner Ave,Orange Cove,93646,"Fresno County (California, USA)",,,Orange Cove,189.8835851,Orange Cove,Fresno,California,-119.32909,36.624484,Approximate,,JB- Collected by CR,GRVD,Infusion (fresh grass or other freshly picked organic material),2025-04-24,17,1,1,N,"2025 Central; E of Sumner and Monson on S side, orchard",Culex stigmatosoma,04/25/25 09:15 AM,,1,,19
CNSL,211,3407070,3430,152435-803,S Anchor Ave and E Floral Ave,Dinuba,93618,"Fresno County (California, USA)",3430,152435-803,S Anchor Ave and E Floral Ave,Dinuba,93618,"Fresno County (California, USA)",,,Orosi,2678.347981,Orange Cove,Fresno,California,-119.323598,36.574222,Exact,,JB- Collected by CR,GRVD,Infusion (fresh grass or other freshly picked organic material),2025-04-24,17,1,1,N,"Fixed; NW corner of Anchor and Floral, orange orchard",Culex quinquefasciatus,04/25/25 09:43 AM,,,,11
CNSL,211,3407070,3430,152435-803,S Anchor Ave and E Floral Ave,Dinuba,93618,"Fresno County (California, USA)",3430,152435-803,S Anchor Ave and E Floral Ave,Dinuba,93618,"Fresno County (California, USA)",,,Orosi,2678.347981,Orange Cove,Fresno,California,-119.323598,36.574222,Exact,,JB- Collected by CR,GRVD,Infusion (fresh grass or other freshly picked organic material),2025-04-24,17,1,1,N,"Fixed; NW corner of Anchor and Floral, orange orchard",Culex thriambus,04/25/25 09:43 AM,,,,1
CNSL,212,3407072,3552,152413-825,1057 Adams Ave,Orange Cove,93646,"Fresno County (California, USA)",3552,152413-825,1057 Adams Ave,Orange Cove,93646,"Fresno County (California, USA)",,,Orange Cove,0,Orange Cove,Fresno,California,-119.31849,36.631644,Exact,,JB- Collected by CR,GRVD,Infusion (fresh grass or other freshly picked organic material),2025-04-24,17,1,1,N,Fixed; 1057 Adams Ave,Culex quinquefasciatus,04/25/25 09:43 AM,,1,,15
CNSL,213,3407074,3249,142430-801,Central and Alta Avenue,Reedley,93654,"Fresno County (California, USA)",3249,142430-801,Central and Alta Avenue,Reedley,93654,"Fresno County (California, USA)",,,Reedley,4198.476701,Reedley,Fresno,California,-119.401472,36.678278,Exact,,JB- Collected by CR,GRVD,Infusion (fresh grass or other freshly picked organic material),2025-04-24,17,1,1,N,Fixed; Wahtoke Lake,Culex stigmatosoma,04/25/25 09:44 AM,,,,2
CNSL,214,3407075,3428,152327-816,218 N Kingswood Pkwy,Reedley,93654,"Fresno County (California, USA)",3428,152327-816,218 N Kingswood Pkwy,Reedley,93654,"Fresno County (California, USA)",,,Reedley,0,Reedley,Fresno,California,-119.465946,36.597885,Exact,,JB- Collected by CR,GRVD,Infusion (fresh grass or other freshly picked organic material),2025-04-24,17,1,1,N,Fixed; 218 N Kingswood Pkwy,Culex quinquefasciatus,04/25/25 09:45 AM,,,,1
CNSL,214,3407075,3428,152327-816,218 N Kingswood Pkwy,Reedley,93654,"Fresno County (California, USA)",3428,152327-816,218 N Kingswood Pkwy,Reedley,93654,"Fresno County (California, USA)",,,Reedley,0,Reedley,Fresno,California,-119.465946,36.597885,Exact,,JB- Collected by CR,GRVD,Infusion (fresh grass or other freshly picked organic material),2025-04-24,17,1,1,N,Fixed; 218 N Kingswood Pkwy,Culex stigmatosoma,04/25/25 09:45 AM,,,,1
CNSL,215,3407076,3560,152432-805,orchard E of 22276 E Floral Ave,Dinuba,93618,"Fresno County (California, USA)",3560,152432-805,orchard E of 22276 E Floral Ave,Dinuba,93618,"Fresno County (California, USA)",,,Dinuba,503.9996902,Reedley,Fresno,California,-119.389617,36.575059,Exact,,JB- Collected by CR,GRVD,Infusion (fresh grass or other freshly picked organic material),2025-04-24,17,1,1,N,Fixed; citrus orchard by Floral,Culex quinquefasciatus,04/25/25 09:46 AM,,,,1
CNSL,216,3407078,3501,152424-803,1700 S Anchor Ave,Orange Cove,93646,"Fresno County (California, USA)",3501,152424-803,1700 S Anchor Ave,Orange Cove,93646,"Fresno County (California, USA)",,,Orange Cove,37.6389957,Orange Cove,Fresno,California,-119.321921,36.609866,Exact,,JB- Collected by CR,GRVD,Infusion (fresh grass or other freshly picked organic material),2025-04-24,17,1,1,N,"Fixed; SE corner Anchor and Parlier, citrus S of School",Culex quinquefasciatus,04/25/25 09:47 AM,,2,,9
CNSL,216,3407078,3501,152424-803,1700 S Anchor Ave,Orange Cove,93646,"Fresno County (California, USA)",3501,152424-803,1700 S Anchor Ave,Orange Cove,93646,"Fresno County (California, USA)",,,Orange Cove,37.6389957,Orange Cove,Fresno,California,-119.321921,36.609866,Exact,,JB- Collected by CR,GRVD,Infusion (fresh grass or other freshly picked organic material),2025-04-24,17,1,1,N,"Fixed; SE corner Anchor and Parlier, citrus S of School",Culex stigmatosoma,04/25/25 09:47 AM,,1,,7
CNSL,217,3407127,3430,152435-803,S Anchor Ave and E Floral Ave,Dinuba,93618,"Fresno County (California, USA)",3430,152435-803,S Anchor Ave and E Floral Ave,Dinuba,93618,"Fresno County (California, USA)",,,Orosi,2678.347981,Orange Cove,Fresno,California,-119.323598,36.574222,Exact,,JB- Collected by CR,CO2,CO2 (dry ice),2025-04-24,17,1,1,N,"Fixed; NW corner of Anchor and Floral, orange orchard",Culex stigmatosoma,04/25/25 10:25 AM,,,1,
CNSL,218,3407128,3249,142430-801,Central and Alta Avenue,Reedley,93654,"Fresno County (California, USA)",3249,142430-801,Central and Alta Avenue,Reedley,93654,"Fresno County (California, USA)",,,Reedley,4198.476701,Reedley,Fresno,California,-119.401472,36.678278,Exact,,JB- Collected by CR,CO2,CO2 (dry ice),2025-04-24,17,1,1,N,Fixed; Wahtoke Lake,Culex quinquefasciatus,04/25/25 10:25 AM,,,1,
CNSL,218,3407128,3249,142430-801,Central and Alta Avenue,Reedley,93654,"Fresno County (California, USA)",3249,142430-801,Central and Alta Avenue,Reedley,93654,"Fresno County (California, USA)",,,Reedley,4198.476701,Reedley,Fresno,California,-119.401472,36.678278,Exact,,JB- Collected by CR,CO2,CO2 (dry ice),2025-04-24,17,1,1,N,Fixed; Wahtoke Lake,Culex tarsalis,04/25/25 10:25 AM,,,4,
CNSL,218,3407128,3249,142430-801,Central and Alta Avenue,Reedley,93654,"Fresno County (California, USA)",3249,142430-801,Central and Alta Avenue,Reedley,93654,"Fresno County (California, USA)",,,Reedley,4198.476701,Reedley,Fresno,California,-119.401472,36.678278,Exact,,JB- Collected by CR,CO2,CO2 (dry ice),2025-04-24,17,1,1,N,Fixed; Wahtoke Lake,Culex stigmatosoma,04/25/25 10:25 AM,,,7,
CNSL,219,3407129,3560,152432-805,orchard E of 22276 E Floral Ave,Dinuba,93618,"Fresno County (California, USA)",3560,152432-805,orchard E of 22276 E Floral Ave,Dinuba,93618,"Fresno County (California, USA)",,,Dinuba,503.9996902,Reedley,Fresno,California,-119.389617,36.575059,Exact,,JB- Collected by CR,CO2,CO2 (dry ice),2025-04-24,17,1,1,N,Fixed; citrus orchard by Floral,Culex quinquefasciatus,04/25/25 10:27 AM,,,2,
CNSL,219,3407129,3560,152432-805,orchard E of 22276 E Floral Ave,Dinuba,93618,"Fresno County (California, USA)",3560,152432-805,orchard E of 22276 E Floral Ave,Dinuba,93618,"Fresno County (California, USA)",,,Dinuba,503.9996902,Reedley,Fresno,California,-119.389617,36.575059,Exact,,JB- Collected by CR,CO2,CO2 (dry ice),2025-04-24,17,1,1,N,Fixed; citrus orchard by Floral,Culex tarsalis,04/25/25 10:27 AM,,,1,
CNSL,219,3407129,3560,152432-805,orchard E of 22276 E Floral Ave,Dinuba,93618,"Fresno County (California, USA)",3560,152432-805,orchard E of 22276 E Floral Ave,Dinuba,93618,"Fresno County (California, USA)",,,Dinuba,503.9996902,Reedley,Fresno,California,-119.389617,36.575059,Exact,,JB- Collected by CR,CO2,CO2 (dry ice),2025-04-24,17,1,1,N,Fixed; citrus orchard by Floral,Culex stigmatosoma,04/25/25 10:27 AM,,,5,
CNSL,220,3407130,3501,152424-803,1700 S Anchor Ave,Orange Cove,93646,"Fresno County (California, USA)",3501,152424-803,1700 S Anchor Ave,Orange Cove,93646,"Fresno County (California, USA)",,,Orange Cove,37.6389957,Orange Cove,Fresno,California,-119.321921,36.609866,Exact,,JB- Collected by CR,CO2,CO2 (dry ice),2025-04-24,17,1,1,N,"Fixed; SE corner Anchor and Parlier, citrus orchard",Culex quinquefasciatus,04/25/25 10:28 AM,,,4,
CNSL,220,3407130,3501,152424-803,1700 S Anchor Ave,Orange Cove,93646,"Fresno County (California, USA)",3501,152424-803,1700 S Anchor Ave,Orange Cove,93646,"Fresno County (California, USA)",,,Orange Cove,37.6389957,Orange Cove,Fresno,California,-119.321921,36.609866,Exact,,JB- Collected by CR,CO2,CO2 (dry ice),2025-04-24,17,1,1,N,"Fixed; SE corner Anchor and Parlier, citrus orchard",Culex stigmatosoma,04/25/25 10:28 AM,,,3,
CNSL,220,3407130,3501,152424-803,1700 S Anchor Ave,Orange Cove,93646,"Fresno County (California, USA)",3501,152424-803,1700 S Anchor Ave,Orange Cove,93646,"Fresno County (California, USA)",,,Orange Cove,37.6389957,Orange Cove,Fresno,California,-119.321921,36.609866,Exact,,JB- Collected by CR,CO2,CO2 (dry ice),2025-04-24,17,1,1,N,"Fixed; SE corner Anchor and Parlier, citrus orchard",Culex tarsalis,04/25/25 10:28 AM,,,4,
CNSL,221,3407131,3502,152414-815,25731 Sumner Ave,Orange Cove,93646,"Fresno County (California, USA)",3502,152414-815,25731 Sumner Ave,Orange Cove,93646,"Fresno County (California, USA)",,,Orange Cove,189.8835851,Orange Cove,Fresno,California,-119.32909,36.624484,Approximate,,JB- Collected by CR,CO2,CO2 (dry ice),2025-04-24,17,1,1,N,2025 Central; E of Sumner and Monson orchard,Culex quinquefasciatus,04/25/25 10:30 AM,,,2,
CNSL,221,3407131,3502,152414-815,25731 Sumner Ave,Orange Cove,93646,"Fresno County (California, USA)",3502,152414-815,25731 Sumner Ave,Orange Cove,93646,"Fresno County (California, USA)",,,Orange Cove,189.8835851,Orange Cove,Fresno,California,-119.32909,36.624484,Approximate,,JB- Collected by CR,CO2,CO2 (dry ice),2025-04-24,17,1,1,N,2025 Central; E of Sumner and Monson orchard,Culex tarsalis,04/25/25 10:30 AM,,,6,
CNSL,221,3407131,3502,152414-815,25731 Sumner Ave,Orange Cove,93646,"Fresno County (California, USA)",3502,152414-815,25731 Sumner Ave,Orange Cove,93646,"Fresno County (California, USA)",,,Orange Cove,189.8835851,Orange Cove,Fresno,California,-119.32909,36.624484,Approximate,,JB- Collected by CR,CO2,CO2 (dry ice),2025-04-24,17,1,1,N,2025 Central; E of Sumner and Monson orchard,Culex stigmatosoma,04/25/25 10:30 AM,,,1,
CNSL,221,3407131,3502,152414-815,25731 Sumner Ave,Orange Cove,93646,"Fresno County (California, USA)",3502,152414-815,25731 Sumner Ave,Orange Cove,93646,"Fresno County (California, USA)",,,Orange Cove,189.8835851,Orange Cove,Fresno,California,-119.32909,36.624484,Approximate,,JB- Collected by CR,CO2,CO2 (dry ice),2025-04-24,17,1,1,N,2025 Central; E of Sumner and Monson orchard,Culiseta inornata,04/25/25 10:30 AM,,,1,
CNSL,222,3407133,3552,152413-825,1057 Adams Ave,Orange Cove,93646,"Fresno County (California, USA)",3552,152413-825,1057 Adams Ave,Orange Cove,93646,"Fresno County (California, USA)",,,Orange Cove,0,Orange Cove,Fresno,California,-119.31849,36.631644,Exact,,JB- Collected by CR,BGSENT,"BG-Lure, CO2 (dry ice)",2025-04-24,17,1,1,N,Fixed; 1057 Adams Ave,Culex quinquefasciatus,04/25/25 10:31 AM,,,1,
CNSL,222,3407133,3552,152413-825,1057 Adams Ave,Orange Cove,93646,"Fresno County (California, USA)",3552,152413-825,1057 Adams Ave,Orange Cove,93646,"Fresno County (California, USA)",,,Orange Cove,0,Orange Cove,Fresno,California,-119.31849,36.631644,Exact,,JB- Collected by CR,BGSENT,"BG-Lure, CO2 (dry ice)",2025-04-24,17,1,1,N,Fixed; 1057 Adams Ave,Culex tarsalis,04/25/25 10:31 AM,,,2,
CNSL,223,3407135,3428,152327-816,218 N Kingswood Pkwy,Reedley,93654,"Fresno County (California, USA)",3428,152327-816,218 N Kingswood Pkwy,Reedley,93654,"Fresno County (California, USA)",,,Reedley,0,Reedley,Fresno,California,-119.465946,36.597885,Exact,,JB- Collected by CR,BGSENT,"BG-Lure, CO2 (dry ice)",2025-04-24,17,1,1,N,Fixed; 218 N Kingswood Pkwy,Culex quinquefasciatus,04/25/25 10:32 AM,,,1,
CNSL,223,3407135,3428,152327-816,218 N Kingswood Pkwy,Reedley,93654,"Fresno County (California, USA)",3428,152327-816,218 N Kingswood Pkwy,Reedley,93654,"Fresno County (California, USA)",,,Reedley,0,Reedley,Fresno,California,-119.465946,36.597885,Exact,,JB- Collected by CR,BGSENT,"BG-Lure, CO2 (dry ice)",2025-04-24,17,1,1,N,Fixed; 218 N Kingswood Pkwy,Culex tarsalis,04/25/25 10:32 AM,,,1,
CNSL,223,3407135,3428,152327-816,218 N Kingswood Pkwy,Reedley,93654,"Fresno County (California, USA)",3428,152327-816,218 N Kingswood Pkwy,Reedley,93654,"Fresno County (California, USA)",,,Reedley,0,Reedley,Fresno,California,-119.465946,36.597885,Exact,,JB- Collected by CR,BGSENT,"BG-Lure, CO2 (dry ice)",2025-04-24,17,1,1,N,Fixed; 218 N Kingswood Pkwy,Aedes sierrensis,04/25/25 10:32 AM,,,1,
CNSL,224,3407550,3427,152413-821,669 4th St,Orange Cove,93646,"Fresno County (California, USA)",3427,152413-821,669 4th St,Orange Cove,93646,"Fresno County (California, USA)",,,Orange Cove,0,Orange Cove,Fresno,California,-119.310083,36.623184,Exact,,JB- Collected by CR,BGSENT,"BG-Lure, CO2 (dry ice)",2025-04-24,17,1,1,N,Fixed; 669 4th st,Culex quinquefasciatus,04/25/25 04:39 PM,,,1,
CNSL,225,3407551,3407,152327-814,838 N Acacia Ave,Reedley,93654,"Fresno County (California, USA)",3407,152327-814,838 N Acacia Ave,Reedley,93654,"Fresno County (California, USA)",,,Reedley,0,Reedley,Fresno,California,-119.450079,36.60364,Exact,,JB- Collected by CR,BGSENT,"BG-Lure, CO2 (dry ice)",2025-04-24,17,1,1,N,Fixed; 838 Acacia,,04/25/25 04:41 PM,,,,
CNSL,226,3407552,3532,152325-811,W side of Zumwalt bt Early Ave and Duff Ave,Reedley,93654,"Fresno County (California, USA)",3532,152325-811,W side of Zumwalt bt Early Ave and Duff Ave,Reedley,93654,"Fresno County (California, USA)",,,Reedley,4.346858565,Reedley,Fresno,California,-119.421942,36.593592,Exact,,JB- Collected by CR,BGSENT,"BG-Lure, CO2 (dry ice)",2025-04-24,17,1,1,N,"Fixed; W side of Zumwalt bt Duff and Early Ave, W side of sidewalk",Culex quinquefasciatus,04/25/25 04:42 PM,,,2,
CNSL,226,3407552,3532,152325-811,W side of Zumwalt bt Early Ave and Duff Ave,Reedley,93654,"Fresno County (California, USA)",3532,152325-811,W side of Zumwalt bt Early Ave and Duff Ave,Reedley,93654,"Fresno County (California, USA)",,,Reedley,4.346858565,Reedley,Fresno,California,-119.421942,36.593592,Exact,,JB- Collected by CR,BGSENT,"BG-Lure, CO2 (dry ice)",2025-04-24,17,1,1,N,"Fixed; W side of Zumwalt bt Duff and Early Ave, W side of sidewalk",Aedes aegypti,04/25/25 04:42 PM,,1,2,
CNSL,227,3407553,3500,152322-818,1409 N Riverview Ave,Reedley,93654,"Fresno County (California, USA)",3500,152322-818,1409 N Riverview Ave,Reedley,93654,"Fresno County (California, USA)",,,Reedley,0,Reedley,Fresno,California,-119.456798,36.6089,Exact,,JB- Collected by CR,BGSENT,"BG-Lure, CO2 (dry ice)",2025-04-24,17,1,1,N,Fixed; 1409 N Riverview,Culex quinquefasciatus,04/25/25 04:43 PM,,,1,
CNSL,227,3407553,3500,152322-818,1409 N Riverview Ave,Reedley,93654,"Fresno County (California, USA)",3500,152322-818,1409 N Riverview Ave,Reedley,93654,"Fresno County (California, USA)",,,Reedley,0,Reedley,Fresno,California,-119.456798,36.6089,Exact,,JB- Collected by CR,BGSENT,"BG-Lure, CO2 (dry ice)",2025-04-24,17,1,1,N,Fixed; 1409 N Riverview,Culex stigmatosoma,04/25/25 04:43 PM,,,1,
CNSL,227,3407553,3500,152322-818,1409 N Riverview Ave,Reedley,93654,"Fresno County (California, USA)",3500,152322-818,1409 N Riverview Ave,Reedley,93654,"Fresno County (California, USA)",,,Reedley,0,Reedley,Fresno,California,-119.456798,36.6089,Exact,,JB- Collected by CR,BGSENT,"BG-Lure, CO2 (dry ice)",2025-04-24,17,1,1,N,Fixed; 1409 N Riverview,Culex tarsalis,04/25/25 04:43 PM,,,1,
CNSL,227,3407553,3500,152322-818,1409 N Riverview Ave,Reedley,93654,"Fresno County (California, USA)",3500,152322-818,1409 N Riverview Ave,Reedley,93654,"Fresno County (California, USA)",,,Reedley,0,Reedley,Fresno,California,-119.456798,36.6089,Exact,,JB- Collected by CR,BGSENT,"BG-Lure, CO2 (dry ice)",2025-04-24,17,1,1,N,Fixed; 1409 N Riverview,Aedes aegypti,04/25/25 04:43 PM,,6,1,
CNSL,228,3407554,3546,142335-805,"Random; W side of Academy, N of McKinley, citrus",Reedley,93654,"Fresno County (California, USA)",3546,142335-805,"Random; W side of Academy, N of McKinley, citrus",Reedley,93654,"Fresno County (California, USA)",,,Reedley,51.53225805,Reedley,Fresno,California,-119.447958,36.66915,Exact,,JB- Collected by CR,BGSENT,"BG-Lure, CO2 (dry ice)",2025-04-24,17,1,1,N,Fixed; 4492 S Frankwood,Culex tarsalis,04/25/25 04:44 PM,,,2,
CNSL,228,3407554,3546,142335-805,"Random; W side of Academy, N of McKinley, citrus",Reedley,93654,"Fresno County (California, USA)",3546,142335-805,"Random; W side of Academy, N of McKinley, citrus",Reedley,93654,"Fresno County (California, USA)",,,Reedley,51.53225805,Reedley,Fresno,California,-119.447958,36.66915,Exact,,JB- Collected by CR,BGSENT,"BG-Lure, CO2 (dry ice)",2025-04-24,17,1,1,N,Fixed; 4492 S Frankwood,Culex stigmatosoma,04/25/25 04:44 PM,,,11,
CNSL,229,3407555,6389,171930-801,Chateau Fresno and Mnt Whitney,Lanare,,"Fresno County (California, USA)",6389,171930-801,Chateau Fresno and Mnt Whitney,Lanare,,"Fresno County (California, USA)",,,Lanare,514.1939482,Riverdale,Fresno,California,-119.942371,36.425727,Exact,,JB- Collected by MT,BGSENT,"BG-Lure, CO2 (dry ice)",2025-04-24,17,1,1,N,Fixed; Slough Chateau Fresno and Mnt Whitney,Culex quinquefasciatus,04/25/25 04:45 PM,,,16,
CNSL,229,3407555,6389,171930-801,Chateau Fresno and Mnt Whitney,Lanare,,"Fresno County (California, USA)",6389,171930-801,Chateau Fresno and Mnt Whitney,Lanare,,"Fresno County (California, USA)",,,Lanare,514.1939482,Riverdale,Fresno,California,-119.942371,36.425727,Exact,,JB- Collected by MT,BGSENT,"BG-Lure, CO2 (dry ice)",2025-04-24,17,1,1,N,Fixed; Slough Chateau Fresno and Mnt Whitney,Culex tarsalis,04/25/25 04:45 PM,,,364,
CNSL,229,3407555,6389,171930-801,Chateau Fresno and Mnt Whitney,Lanare,,"Fresno County (California, USA)",6389,171930-801,Chateau Fresno and Mnt Whitney,Lanare,,"Fresno County (California, USA)",,,Lanare,514.1939482,Riverdale,Fresno,California,-119.942371,36.425727,Exact,,JB- Collected by MT,BGSENT,"BG-Lure, CO2 (dry ice)",2025-04-24,17,1,1,N,Fixed; Slough Chateau Fresno and Mnt Whitney,Aedes nigromaculis,04/25/25 04:45 PM,,,1,
CNSL,229,3407555,6389,171930-801,Chateau Fresno and Mnt Whitney,Lanare,,"Fresno County (California, USA)",6389,171930-801,Chateau Fresno and Mnt Whitney,Lanare,,"Fresno County (California, USA)",,,Lanare,514.1939482,Riverdale,Fresno,California,-119.942371,36.425727,Exact,,JB- Collected by MT,BGSENT,"BG-Lure, CO2 (dry ice)",2025-04-24,17,1,1,N,Fixed; Slough Chateau Fresno and Mnt Whitney,Culicoides,04/25/25 04:45 PM,,8,62,
CNSL,230,3407556,6319,162018-810,2763 W Clemenceau Ave,Caruthers,93609,"Fresno County (California, USA)",6319,162018-810,2763 W Clemenceau Ave,Caruthers,93609,"Fresno County (California, USA)",,,Caruthers,0,Caruthers-Raisin City,Fresno,California,-119.83934,36.53606,Exact,,JB- Collected by MT,GRVD,Infusion (fresh grass or other freshly picked organic material),2025-04-24,17,1,1,N,Fixed; Almond orchard across from Caruthers fire dept,Culex quinquefasciatus,04/25/25 04:47 PM,,,,20
CNSL,230,3407556,6319,162018-810,2763 W Clemenceau Ave,Caruthers,93609,"Fresno County (California, USA)",6319,162018-810,2763 W Clemenceau Ave,Caruthers,93609,"Fresno County (California, USA)",,,Caruthers,0,Caruthers-Raisin City,Fresno,California,-119.83934,36.53606,Exact,,JB- Collected by MT,GRVD,Infusion (fresh grass or other freshly picked organic material),2025-04-24,17,1,1,N,Fixed; Almond orchard across from Caruthers fire dept,Culex tarsalis,04/25/25 04:47 PM,,1,,
CNSL,231,3407557,6389,171930-801,Chateau Fresno and Mnt Whitney,Lanare,,"Fresno County (California, USA)",6389,171930-801,Chateau Fresno and Mnt Whitney,Lanare,,"Fresno County (California, USA)",,,Lanare,514.1939482,Riverdale,Fresno,California,-119.942371,36.425727,Exact,,JB- Collected by MT,GRVD,Infusion (fresh grass or other freshly picked organic material),2025-04-24,17,1,1,N,Fixed; slough Chateau Fresno and Mnt Whitney,Culex quinquefasciatus,04/25/25 04:47 PM,,3,,4
CNSL,231,3407557,6389,171930-801,Chateau Fresno and Mnt Whitney,Lanare,,"Fresno County (California, USA)",6389,171930-801,Chateau Fresno and Mnt Whitney,Lanare,,"Fresno County (California, USA)",,,Lanare,514.1939482,Riverdale,Fresno,California,-119.942371,36.425727,Exact,,JB- Collected by MT,GRVD,Infusion (fresh grass or other freshly picked organic material),2025-04-24,17,1,1,N,Fixed; slough Chateau Fresno and Mnt Whitney,Culex tarsalis,04/25/25 04:47 PM,,2,,2
CNSL,232,3407558,6281,161913-805,3187 W Caruthers ave,Caruthers,93609,"Fresno County (California, USA)",6281,161913-805,3187 W Caruthers ave,Caruthers,93609,"Fresno County (California, USA)",,,Caruthers,0,Caruthers-Raisin City,Fresno,California,-119.852331,36.537445,Exact,,JB- Collected by MT,GRVD,Infusion (fresh grass or other freshly picked organic material),2025-04-24,17,1,1,N,Fixed; Near Caruthers sewage settling ponds,Culex quinquefasciatus,04/25/25 04:48 PM,,1,,10
CNSL,233,3407559,6324,171926-805,West of 4275 W Mt Whitney,Riverdale,93656,"Fresno County (California, USA)",6324,171926-805,West of 4275 W Mt Whitney,Riverdale,93656,"Fresno County (California, USA)",,,Riverdale,31.31589481,Riverdale,Fresno,California,-119.875809,36.430531,Exact,,JB- Collected by MT,GRVD,Infusion (fresh grass or other freshly picked organic material),2025-04-24,17,1,1,N,Fixed; Almond orchard W of Mnt Whitney and Brawley,Culex tarsalis,04/25/25 04:49 PM,,,,1
CNSL,234,3407560,6304,171909-801,19001 S Grantland Ave,Riverdale,93656,"Fresno County (California, USA)",6304,171909-801,19001 S Grantland Ave,Riverdale,93656,"Fresno County (California, USA)",,,Lanare,1922.014219,Riverdale,Fresno,California,-119.913464,36.462326,Exact,,JB- Collected by MT,GRVD,Infusion (fresh grass or other freshly picked organic material),2025-04-24,17,1,1,N,2025 South; by slough,Culex quinquefasciatus,04/25/25 04:50 PM,,,,2
CNSL,235,3407561,6320,171907-803,18001 S Chateau Fresno Ave,Riverdale,93656,"Fresno County (California, USA)",6320,171907-803,18001 S Chateau Fresno Ave,Riverdale,93656,"Fresno County (California, USA)",,,Lanare,2812.797956,Riverdale,Fresno,California,-119.941411,36.470041,Exact,,JB- Collected by MT,GRVD,Infusion (fresh grass or other freshly picked organic material),2025-04-24,17,1,1,N,"Fixed; Murphy's Slough, Chateau Fresno and Davis",Culex quinquefasciatus,04/25/25 04:51 PM,,,,2
CNSL,236,3407562,6319,162018-810,2763 W Clemenceau Ave,Caruthers,93609,"Fresno County (California, USA)",6319,162018-810,2763 W Clemenceau Ave,Caruthers,93609,"Fresno County (California, USA)",,,Caruthers,0,Caruthers-Raisin City,Fresno,California,-119.83934,36.53606,Exact,,JB- Collected by MT,CO2,CO2 (dry ice),2025-04-24,17,1,1,N,Fixed; Almond orchard across from Caruthers fire dept,,04/25/25 04:52 PM,,,,
CNSL,237,3407563,6281,161913-805,3187 W Caruthers ave,Caruthers,93609,"Fresno County (California, USA)",6281,161913-805,3187 W Caruthers ave,Caruthers,93609,"Fresno County (California, USA)",,,Caruthers,0,Caruthers-Raisin City,Fresno,California,-119.852331,36.537445,Exact,,JB- Collected by MT,CO2,CO2 (dry ice),2025-04-24,17,1,1,N,Fixed; Near Caruthers sewage settling ponds,Culex quinquefasciatus,04/25/25 04:54 PM,,,4,
CNSL,237,3407563,6281,161913-805,3187 W Caruthers ave,Caruthers,93609,"Fresno County (California, USA)",6281,161913-805,3187 W Caruthers ave,Caruthers,93609,"Fresno County (California, USA)",,,Caruthers,0,Caruthers-Raisin City,Fresno,California,-119.852331,36.537445,Exact,,JB- Collected by MT,CO2,CO2 (dry ice),2025-04-24,17,1,1,N,Fixed; Near Caruthers sewage settling ponds,Culex tarsalis,04/25/25 04:54 PM,,,3,
CNSL,238,3407564,6324,171926-805,West of 4275 W Mt Whitney,Riverdale,93656,"Fresno County (California, USA)",6324,171926-805,West of 4275 W Mt Whitney,Riverdale,93656,"Fresno County (California, USA)",,,Riverdale,31.31589481,Riverdale,Fresno,California,-119.875809,36.430531,Exact,,JB- Collected by MT,CO2,CO2 (dry ice),2025-04-24,17,1,1,N,Fixed; almond orch W of Mnt Whitney and Brawley,Culex tarsalis,04/25/25 04:55 PM,,,10,
CNSL,238,3407564,6324,171926-805,West of 4275 W Mt Whitney,Riverdale,93656,"Fresno County (California, USA)",6324,171926-805,West of 4275 W Mt Whitney,Riverdale,93656,"Fresno County (California, USA)",,,Riverdale,31.31589481,Riverdale,Fresno,California,-119.875809,36.430531,Exact,,JB- Collected by MT,CO2,CO2 (dry ice),2025-04-24,17,1,1,N,Fixed; almond orch W of Mnt Whitney and Brawley,Culex quinquefasciatus,04/25/25 04:55 PM,,,1,
CNSL,239,3407565,6304,171909-801,19001 S Grantland Ave,Riverdale,93656,"Fresno County (California, USA)",6304,171909-801,19001 S Grantland Ave,Riverdale,93656,"Fresno County (California, USA)",,,Lanare,1922.014219,Riverdale,Fresno,California,-119.913464,36.462326,Exact,,JB- Collected by MT,CO2,CO2 (dry ice),2025-04-24,17,1,1,N,2025 South; by slough,Culex tarsalis,04/25/25 04:55 PM,,,4,
CNSL,240,3407566,6320,171907-803,18001 S Chateau Fresno Ave,Riverdale,93656,"Fresno County (California, USA)",6320,171907-803,18001 S Chateau Fresno Ave,Riverdale,93656,"Fresno County (California, USA)",,,Lanare,2812.797956,Riverdale,Fresno,California,-119.941411,36.470041,Exact,,JB- Collected by MT,CO2,CO2 (dry ice),2025-04-24,17,1,1,N,"Fixed; Murphy's Slough, Chateau Fresno and Davis",Culex tarsalis,04/25/25 04:56 PM,,,5,
CNSL,240,3407566,6320,171907-803,18001 S Chateau Fresno Ave,Riverdale,93656,"Fresno County (California, USA)",6320,171907-803,18001 S Chateau Fresno Ave,Riverdale,93656,"Fresno County (California, USA)",,,Lanare,2812.797956,Riverdale,Fresno,California,-119.941411,36.470041,Exact,,JB- Collected by MT,CO2,CO2 (dry ice),2025-04-24,17,1,1,N,"Fixed; Murphy's Slough, Chateau Fresno and Davis",Culex quinquefasciatus,04/25/25 04:56 PM,,,2,
CNSL,241,3408608,8262,132112-813,1667 Las Rosas Ave,Clovis,93619,"Fresno County (California, USA)",8262,132112-813,1667 Las Rosas Ave,Clovis,93619,"Fresno County (California, USA)",,,Clovis,0,Fresno,Fresno,California,-119.628138,36.811413,Exact,,JB- Collected by CR,GRVD,Infusion (fresh grass or other freshly picked organic material),2025-04-25,17,1,1,N,SR125; 1667 Las Rosas,Culex quinquefasciatus,04/28/25 11:21 AM,,,,6
CNSL,241,3408608,8262,132112-813,1667 Las Rosas Ave,Clovis,93619,"Fresno County (California, USA)",8262,132112-813,1667 Las Rosas Ave,Clovis,93619,"Fresno County (California, USA)",,,Clovis,0,Fresno,Fresno,California,-119.628138,36.811413,Exact,,JB- Collected by CR,GRVD,Infusion (fresh grass or other freshly picked organic material),2025-04-25,17,1,1,N,SR125; 1667 Las Rosas,Culex stigmatosoma,04/28/25 11:21 AM,,,,2
CNSL,242,3408609,4366,152110-811,1012 Ahronian Ave,Fowler,93625,"Fresno County (California, USA)",4366,152110-811,1012 Ahronian Ave,Fowler,93625,"Fresno County (California, USA)",,,Fowler,0,Fowler,Fresno,California,-119.66532,36.637983,Exact,,JB- Collected by CR,GRVD,Infusion (fresh grass or other freshly picked organic material),2025-04-25,17,1,1,N,Fixed; 1012 Ahronian,Culex quinquefasciatus,04/28/25 11:23 AM,,3,,21
CNSL,242,3408609,4366,152110-811,1012 Ahronian Ave,Fowler,93625,"Fresno County (California, USA)",4366,152110-811,1012 Ahronian Ave,Fowler,93625,"Fresno County (California, USA)",,,Fowler,0,Fowler,Fresno,California,-119.66532,36.637983,Exact,,JB- Collected by CR,GRVD,Infusion (fresh grass or other freshly picked organic material),2025-04-25,17,1,1,N,Fixed; 1012 Ahronian,Culex thriambus,04/28/25 11:23 AM,,,,1
CNSL,242,3408609,4366,152110-811,1012 Ahronian Ave,Fowler,93625,"Fresno County (California, USA)",4366,152110-811,1012 Ahronian Ave,Fowler,93625,"Fresno County (California, USA)",,,Fowler,0,Fowler,Fresno,California,-119.66532,36.637983,Exact,,JB- Collected by CR,GRVD,Infusion (fresh grass or other freshly picked organic material),2025-04-25,17,1,1,N,Fixed; 1012 Ahronian,Culex stigmatosoma,04/28/25 11:23 AM,,,,6
CNSL,243,3408610,4358,152115-827,408 E Merced St,Fowler,,"Fresno County (California, USA)",4358,152115-827,408 E Merced St,Fowler,,"Fresno County (California, USA)",,,Fowler,0,Fowler,Fresno,California,-119.67678,36.632405,Exact,,JB- Collected by CR,GRVD,Infusion (fresh grass or other freshly picked organic material),2025-04-25,17,1,1,N,"Fixed; Presbyterian church of Fowler, 408 E Merced St",Culex quinquefasciatus,04/28/25 11:24 AM,,,,24
CNSL,243,3408610,4358,152115-827,408 E Merced St,Fowler,,"Fresno County (California, USA)",4358,152115-827,408 E Merced St,Fowler,,"Fresno County (California, USA)",,,Fowler,0,Fowler,Fresno,California,-119.67678,36.632405,Exact,,JB- Collected by CR,GRVD,Infusion (fresh grass or other freshly picked organic material),2025-04-25,17,1,1,N,"Fixed; Presbyterian church of Fowler, 408 E Merced St",Culex stigmatosoma,04/28/25 11:24 AM,,2,,3
CNSL,244,3408611,4363,142126-805,across street from 7590 E Muscat Ave,Fresno,93725,"Fresno County (California, USA)",4363,142126-805,across street from 7590 E Muscat Ave,Fresno,93725,"Fresno County (California, USA)",,,Fresno,3617.022754,Fresno,Fresno,California,-119.652916,36.684759,Exact,,JB- Collected by CR,GRVD,Infusion (fresh grass or other freshly picked organic material),2025-04-25,17,1,1,N,Fixed; citrus orchard NW corner of Muscat and Locan,Culex quinquefasciatus,04/28/25 11:24 AM,,1,,6
CNSL,244,3408611,4363,142126-805,across street from 7590 E Muscat Ave,Fresno,93725,"Fresno County (California, USA)",4363,142126-805,across street from 7590 E Muscat Ave,Fresno,93725,"Fresno County (California, USA)",,,Fresno,3617.022754,Fresno,Fresno,California,-119.652916,36.684759,Exact,,JB- Collected by CR,GRVD,Infusion (fresh grass or other freshly picked organic material),2025-04-25,17,1,1,N,Fixed; citrus orchard NW corner of Muscat and Locan,Culex stigmatosoma,04/28/25 11:24 AM,,,,1
CNSL,245,3408612,4308,152110-810,Orchard across from 377 N Jonna,Fowler,93625,"Fresno County (California, USA)",4308,152110-810,Orchard across from 377 N Jonna,Fowler,93625,"Fresno County (California, USA)",,,Fowler,50.61101023,Fowler,Fresno,California,-119.668389,36.642239,Exact,,JB- Collected by CR,GRVD,Infusion (fresh grass or other freshly picked organic material),2025-04-25,17,1,1,N,"Fixed; Almonds, N of Clayton Ave, W of Temperance",Culex quinquefasciatus,04/28/25 11:26 AM,,,,15
CNSL,245,3408612,4308,152110-810,Orchard across from 377 N Jonna,Fowler,93625,"Fresno County (California, USA)",4308,152110-810,Orchard across from 377 N Jonna,Fowler,93625,"Fresno County (California, USA)",,,Fowler,50.61101023,Fowler,Fresno,California,-119.668389,36.642239,Exact,,JB- Collected by CR,GRVD,Infusion (fresh grass or other freshly picked organic material),2025-04-25,17,1,1,N,"Fixed; Almonds, N of Clayton Ave, W of Temperance",Culex stigmatosoma,04/28/25 11:26 AM,,1,,
CNSL,245,3408612,4308,152110-810,Orchard across from 377 N Jonna,Fowler,93625,"Fresno County (California, USA)",4308,152110-810,Orchard across from 377 N Jonna,Fowler,93625,"Fresno County (California, USA)",,,Fowler,50.61101023,Fowler,Fresno,California,-119.668389,36.642239,Exact,,JB- Collected by CR,GRVD,Infusion (fresh grass or other freshly picked organic material),2025-04-25,17,1,1,N,"Fixed; Almonds, N of Clayton Ave, W of Temperance",Culex tarsalis,04/28/25 11:26 AM,,,,1
CNSL,246,3408613,4298,142121-803,2222 S Fowler Ave,Fresno,93725,"Fresno County (California, USA)",4298,142121-803,2222 S Fowler Ave,Fresno,93725,"Fresno County (California, USA)",,,Fresno,311.5017873,Fresno,Fresno,California,-119.682744,36.704652,Exact,,JB- Collected by CR,GRVD,Infusion (fresh grass or other freshly picked organic material),2025-04-25,17,1,1,N,"Fixed; citrus orchard N of Lone Star Elm, Jensen and Fowler",Culex quinquefasciatus,04/28/25 11:26 AM,,2,,21
CNSL,246,3408613,4298,142121-803,2222 S Fowler Ave,Fresno,93725,"Fresno County (California, USA)",4298,142121-803,2222 S Fowler Ave,Fresno,93725,"Fresno County (California, USA)",,,Fresno,311.5017873,Fresno,Fresno,California,-119.682744,36.704652,Exact,,JB- Collected by CR,GRVD,Infusion (fresh grass or other freshly picked organic material),2025-04-25,17,1,1,N,"Fixed; citrus orchard N of Lone Star Elm, Jensen and Fowler",Culex stigmatosoma,04/28/25 11:26 AM,,1,,12
CNSL,247,3408614,2590,142230-801,E of Muscat and McCall,Sanger,93657,"Fresno County (California, USA)",2590,142230-801,E of Muscat and McCall,Sanger,93657,"Fresno County (California, USA)",,,Del Rey,2513.733538,Fresno,Fresno,California,-119.614645,36.685343,Exact,,JB- Collected by CR,GRVD,Infusion (fresh grass or other freshly picked organic material),2025-04-25,17,1,1,N,"Fixed; W of Muscat and McCall, almond orchard W of blueberries",Culex quinquefasciatus,04/28/25 11:27 AM,,,,7
CNSL,247,3408614,2590,142230-801,E of Muscat and McCall,Sanger,93657,"Fresno County (California, USA)",2590,142230-801,E of Muscat and McCall,Sanger,93657,"Fresno County (California, USA)",,,Del Rey,2513.733538,Fresno,Fresno,California,-119.614645,36.685343,Exact,,JB- Collected by CR,GRVD,Infusion (fresh grass or other freshly picked organic material),2025-04-25,17,1,1,N,"Fixed; W of Muscat and McCall, almond orchard W of blueberries",Culex stigmatosoma,04/28/25 11:27 AM,,,,1
CNSL,248,3408615,4375,152115-826,Mott & Harris orchard,Fowler,93625,"Fresno County (California, USA)",4375,152115-826,Mott & Harris orchard,Fowler,93625,"Fresno County (California, USA)",,,Fowler,38.61328397,Fowler,Fresno,California,-119.668609,36.623288,Exact,,JB- Collected by CR,GRVD,Infusion (fresh grass or other freshly picked organic material),2025-04-25,17,1,1,N,"Fixed; Harris and Mott, orchard",Culex quinquefasciatus,04/28/25 11:28 AM,,,,8
CNSL,248,3408615,4375,152115-826,Mott & Harris orchard,Fowler,93625,"Fresno County (California, USA)",4375,152115-826,Mott & Harris orchard,Fowler,93625,"Fresno County (California, USA)",,,Fowler,38.61328397,Fowler,Fresno,California,-119.668609,36.623288,Exact,,JB- Collected by CR,GRVD,Infusion (fresh grass or other freshly picked organic material),2025-04-25,17,1,1,N,"Fixed; Harris and Mott, orchard",Culex stigmatosoma,04/28/25 11:28 AM,,,,2
CNSL,249,3408616,1062,132012-801,North/West of Shaw and Woodrow; CSUF,Fresno,93740,"Fresno County (California, USA)",1062,132012-801,North/West of Shaw and Woodrow; CSUF,Fresno,93740,"Fresno County (California, USA)",,,Fresno,0,Fresno,Fresno,California,-119.742726,36.810553,Exact,,JB- Collected by MT,GRVD,Infusion (fresh grass or other freshly picked organic material),2025-04-25,17,1,1,N,Fixed; Allergy Free Garden,Culex quinquefasciatus,04/28/25 11:30 AM,,1,,11
CNSL,250,3408617,1242,132012-811,5241 Maple; CSUF,Fresno,93740,"Fresno County (California, USA)",1242,132012-811,5241 Maple; CSUF,Fresno,93740,"Fresno County (California, USA)",,,Fresno,0,Fresno,Fresno,California,-119.741886,36.814342,Exact,,JB- Collected by MT,GRVD,Infusion (fresh grass or other freshly picked organic material),2025-04-25,17,1,1,N,Fixed; CSUF Crim bldg,Culex quinquefasciatus,04/28/25 11:31 AM,,1,,11
CNSL,250,3408617,1242,132012-811,5241 Maple; CSUF,Fresno,93740,"Fresno County (California, USA)",1242,132012-811,5241 Maple; CSUF,Fresno,93740,"Fresno County (California, USA)",,,Fresno,0,Fresno,Fresno,California,-119.741886,36.814342,Exact,,JB- Collected by MT,GRVD,Infusion (fresh grass or other freshly picked organic material),2025-04-25,17,1,1,N,Fixed; CSUF Crim bldg,Culex stigmatosoma,04/28/25 11:31 AM,,,,1
CNSL,251,3408618,7,132012-815,2650 E Shaw Ave,Fresno,93710,"Fresno County (California, USA)",7,132012-815,2650 E Shaw Ave,Fresno,93710,"Fresno County (California, USA)",,,Fresno,0,Fresno,Fresno,California,-119.737857,36.812677,Approximate,,JB- Collected by MT,GRVD,Infusion (fresh grass or other freshly picked organic material),2025-04-25,17,1,1,N,"Fixed; CSUF 2025; Shaw and Chestnut, PB1",Culex quinquefasciatus,04/28/25 11:33 AM,,3,,28
CNSL,251,3408618,7,132012-815,2650 E Shaw Ave,Fresno,93710,"Fresno County (California, USA)",7,132012-815,2650 E Shaw Ave,Fresno,93710,"Fresno County (California, USA)",,,Fresno,0,Fresno,Fresno,California,-119.737857,36.812677,Approximate,,JB- Collected by MT,GRVD,Infusion (fresh grass or other freshly picked organic material),2025-04-25,17,1,1,N,"Fixed; CSUF 2025; Shaw and Chestnut, PB1",Culex stigmatosoma,04/28/25 11:33 AM,,,,3
CNSL,252,3408619,7,132012-815,2650 E Shaw Ave,Fresno,93710,"Fresno County (California, USA)",7,132012-815,2650 E Shaw Ave,Fresno,93710,"Fresno County (California, USA)",,,Fresno,0,Fresno,Fresno,California,-119.737857,36.812677,Approximate,,JB- Collected by MT,GRVD,Infusion (fresh grass or other freshly picked organic material),2025-04-25,17,1,1,N,"Fixed; CSUF 2025; Shaw and Chestnut, PB2",Culex quinquefasciatus,04/28/25 11:34 AM,,2,,5
CNSL,252,3408619,7,132012-815,2650 E Shaw Ave,Fresno,93710,"Fresno County (California, USA)",7,132012-815,2650 E Shaw Ave,Fresno,93710,"Fresno County (California, USA)",,,Fresno,0,Fresno,Fresno,California,-119.737857,36.812677,Approximate,,JB- Collected by MT,GRVD,Infusion (fresh grass or other freshly picked organic material),2025-04-25,17,1,1,N,"Fixed; CSUF 2025; Shaw and Chestnut, PB2",Culex stigmatosoma,04/28/25 11:34 AM,,,,1
CNSL,253,3408620,1041,132001-801,South/East Corner of Bullard and Cedar; CSUF,Fresno,93710,"Fresno County (California, USA)",1041,132001-801,South/East Corner of Bullard and Cedar; CSUF,Fresno,93710,"Fresno County (California, USA)",,,Fresno,0,Fresno,Fresno,California,-119.749722,36.826667,Exact,,JB- Collected by MT,GRVD,Infusion (fresh grass or other freshly picked organic material),2025-04-25,17,1,1,N,Fixed; CSUF 2025; Pistachio orchard,Culex quinquefasciatus,04/28/25 11:47 AM,,2,,27
CNSL,254,3408621,1210,132011-801,1620 Bulldog Lane; CSUF,Fresno,93740,"Fresno County (California, USA)",1210,132011-801,1620 Bulldog Lane; CSUF,Fresno,93740,"Fresno County (California, USA)",,,Fresno,0,Fresno,Fresno,California,-119.758989,36.812867,Exact,,JB- Collected by MT,GRVD,Infusion (fresh grass or other freshly picked organic material),2025-04-25,17,1,1,N,Fixed; CSUF 2025; Cedar and Bulldog,Culex quinquefasciatus,04/28/25 11:47 AM,,14,,63
CNSL,254,3408621,1210,132011-801,1620 Bulldog Lane; CSUF,Fresno,93740,"Fresno County (California, USA)",1210,132011-801,1620 Bulldog Lane; CSUF,Fresno,93740,"Fresno County (California, USA)",,,Fresno,0,Fresno,Fresno,California,-119.758989,36.812867,Exact,,JB- Collected by MT,GRVD,Infusion (fresh grass or other freshly picked organic material),2025-04-25,17,1,1,N,Fixed; CSUF 2025; Cedar and Bulldog,Culex stigmatosoma,04/28/25 11:47 AM,,1,,5
CNSL,255,3408622,1068,132107-803,South/East of Chestnut and Bullard; CSUF,Fresno,93710,"Fresno County (California, USA)",1068,132107-803,South/East of Chestnut and Bullard; CSUF,Fresno,93710,"Fresno County (California, USA)",,,Fresno,0,Fresno,Fresno,California,-119.733492,36.819506,Exact,,JB- Collected by MT,GRVD,Infusion (fresh grass or other freshly picked organic material),2025-04-25,17,1,1,N,Fixed; CSUF oranges,Culex quinquefasciatus,04/28/25 11:48 AM,,1,,12
CNSL,256,3408623,1087,132106-801,North/East of Chestnut and Bullard; CSUF,Fresno,93710,"Fresno County (California, USA)",1087,132106-801,North/East of Chestnut and Bullard; CSUF,Fresno,93710,"Fresno County (California, USA)",,,Fresno,0,Fresno,Fresno,California,-119.732597,36.826664,Exact,,JB- Collected by MT,GRVD,Infusion (fresh grass or other freshly picked organic material),2025-04-25,17,1,1,N,Fixed;CSUF 2025; Chestnut and Bullard,Culex quinquefasciatus,04/28/25 11:48 AM,,1,,42
CNSL,256,3408623,1087,132106-801,North/East of Chestnut and Bullard; CSUF,Fresno,93710,"Fresno County (California, USA)",1087,132106-801,North/East of Chestnut and Bullard; CSUF,Fresno,93710,"Fresno County (California, USA)",,,Fresno,0,Fresno,Fresno,California,-119.732597,36.826664,Exact,,JB- Collected by MT,GRVD,Infusion (fresh grass or other freshly picked organic material),2025-04-25,17,1,1,N,Fixed;CSUF 2025; Chestnut and Bullard,Culex tarsalis,04/28/25 11:48 AM,,1,,
CNSL,257,3408624,1210,132011-801,1620 Bulldog Lane; CSUF,Fresno,93740,"Fresno County (California, USA)",1210,132011-801,1620 Bulldog Lane; CSUF,Fresno,93740,"Fresno County (California, USA)",,,Fresno,0,Fresno,Fresno,California,-119.758989,36.812867,Exact,,JB- Collected by MT,CO2,CO2,2025-04-25,17,1,1,N,Fixed; CSUF 2025; Cedar and Bulldog,Culex quinquefasciatus,04/28/25 11:50 AM,,1,2,
CNSL,257,3408624,1210,132011-801,1620 Bulldog Lane; CSUF,Fresno,93740,"Fresno County (California, USA)",1210,132011-801,1620 Bulldog Lane; CSUF,Fresno,93740,"Fresno County (California, USA)",,,Fresno,0,Fresno,Fresno,California,-119.758989,36.812867,Exact,,JB- Collected by MT,CO2,CO2,2025-04-25,17,1,1,N,Fixed; CSUF 2025; Cedar and Bulldog,Culex tarsalis,04/28/25 11:50 AM,,,1,
CNSL,258,3408625,1068,132107-803,South/East of Chestnut and Bullard; CSUF,Fresno,93710,"Fresno County (California, USA)",1068,132107-803,South/East of Chestnut and Bullard; CSUF,Fresno,93710,"Fresno County (California, USA)",,,Fresno,0,Fresno,Fresno,California,-119.733492,36.819506,Exact,,JB- Collected by MT,CO2,CO2,2025-04-25,17,1,1,N,Fixed; CSUF oranges,Culex quinquefasciatus,04/28/25 11:50 AM,,,10,
CNSL,258,3408625,1068,132107-803,South/East of Chestnut and Bullard; CSUF,Fresno,93710,"Fresno County (California, USA)",1068,132107-803,South/East of Chestnut and Bullard; CSUF,Fresno,93710,"Fresno County (California, USA)",,,Fresno,0,Fresno,Fresno,California,-119.733492,36.819506,Exact,,JB- Collected by MT,CO2,CO2,2025-04-25,17,1,1,N,Fixed; CSUF oranges,Culex tarsalis,04/28/25 11:50 AM,,,15,
CNSL,258,3408625,1068,132107-803,South/East of Chestnut and Bullard; CSUF,Fresno,93710,"Fresno County (California, USA)",1068,132107-803,South/East of Chestnut and Bullard; CSUF,Fresno,93710,"Fresno County (California, USA)",,,Fresno,0,Fresno,Fresno,California,-119.733492,36.819506,Exact,,JB- Collected by MT,CO2,CO2,2025-04-25,17,1,1,N,Fixed; CSUF oranges,Culiseta inornata,04/28/25 11:50 AM,,,1,
CNSL,259,3408626,1087,132106-801,North/East of Chestnut and Bullard; CSUF,Fresno,93710,"Fresno County (California, USA)",1087,132106-801,North/East of Chestnut and Bullard; CSUF,Fresno,93710,"Fresno County (California, USA)",,,Fresno,0,Fresno,Fresno,California,-119.732597,36.826664,Exact,,JB- Collected by MT,CO2,CO2,2025-04-25,17,1,1,N,Fixed; CSUF 2025; Chestnut and Bullard,Culex quinquefasciatus,04/28/25 11:51 AM,,,10,
CNSL,259,3408626,1087,132106-801,North/East of Chestnut and Bullard; CSUF,Fresno,93710,"Fresno County (California, USA)",1087,132106-801,North/East of Chestnut and Bullard; CSUF,Fresno,93710,"Fresno County (California, USA)",,,Fresno,0,Fresno,Fresno,California,-119.732597,36.826664,Exact,,JB- Collected by MT,CO2,CO2,2025-04-25,17,1,1,N,Fixed; CSUF 2025; Chestnut and Bullard,Culex tarsalis,04/28/25 11:51 AM,,,20,
CNSL,260,3408629,7,132012-815,2650 E Shaw Ave,Fresno,93710,"Fresno County (California, USA)",7,132012-815,2650 E Shaw Ave,Fresno,93710,"Fresno County (California, USA)",,,Fresno,0,Fresno,Fresno,California,-119.737857,36.812677,Approximate,,JB- Collected by MT,CO2,CO2,2025-04-25,17,1,1,N,Fixed; CSUF 2025; Shaw and Chestnut PB1,Culex quinquefasciatus,04/28/25 11:53 AM,,,2,
CNSL,260,3408629,7,132012-815,2650 E Shaw Ave,Fresno,93710,"Fresno County (California, USA)",7,132012-815,2650 E Shaw Ave,Fresno,93710,"Fresno County (California, USA)",,,Fresno,0,Fresno,Fresno,California,-119.737857,36.812677,Approximate,,JB- Collected by MT,CO2,CO2,2025-04-25,17,1,1,N,Fixed; CSUF 2025; Shaw and Chestnut PB1,Culex tarsalis,04/28/25 11:53 AM,,,2,
CNSL,260,3408629,7,132012-815,2650 E Shaw Ave,Fresno,93710,"Fresno County (California, USA)",7,132012-815,2650 E Shaw Ave,Fresno,93710,"Fresno County (California, USA)",,,Fresno,0,Fresno,Fresno,California,-119.737857,36.812677,Approximate,,JB- Collected by MT,CO2,CO2,2025-04-25,17,1,1,N,Fixed; CSUF 2025; Shaw and Chestnut PB1,Culex erythrothorax,04/28/25 11:53 AM,,,1,
CNSL,260,3408629,7,132012-815,2650 E Shaw Ave,Fresno,93710,"Fresno County (California, USA)",7,132012-815,2650 E Shaw Ave,Fresno,93710,"Fresno County (California, USA)",,,Fresno,0,Fresno,Fresno,California,-119.737857,36.812677,Approximate,,JB- Collected by MT,CO2,CO2,2025-04-25,17,1,1,N,Fixed; CSUF 2025; Shaw and Chestnut PB1,Anopheles freeborni,04/28/25 11:53 AM,,1,15,
CNSL,261,3408632,7,132012-815,2650 E Shaw Ave,Fresno,93710,"Fresno County (California, USA)",7,132012-815,2650 E Shaw Ave,Fresno,93710,"Fresno County (California, USA)",,,Fresno,0,Fresno,Fresno,California,-119.737857,36.812677,Approximate,,JB- Collected by MT,CO2,CO2,2025-04-25,17,1,1,N,"Fixed; CSUF 2025; Shaw and Chestnut, PB2",Culex quinquefasciatus,04/28/25 11:55 AM,,,22,
CNSL,261,3408632,7,132012-815,2650 E Shaw Ave,Fresno,93710,"Fresno County (California, USA)",7,132012-815,2650 E Shaw Ave,Fresno,93710,"Fresno County (California, USA)",,,Fresno,0,Fresno,Fresno,California,-119.737857,36.812677,Approximate,,JB- Collected by MT,CO2,CO2,2025-04-25,17,1,1,N,"Fixed; CSUF 2025; Shaw and Chestnut, PB2",Culex tarsalis,04/28/25 11:55 AM,,,5,
CNSL,261,3408632,7,132012-815,2650 E Shaw Ave,Fresno,93710,"Fresno County (California, USA)",7,132012-815,2650 E Shaw Ave,Fresno,93710,"Fresno County (California, USA)",,,Fresno,0,Fresno,Fresno,California,-119.737857,36.812677,Approximate,,JB- Collected by MT,CO2,CO2,2025-04-25,17,1,1,N,"Fixed; CSUF 2025; Shaw and Chestnut, PB2",Culex erythrothorax,04/28/25 11:55 AM,,,222,
CNSL,262,3408634,1041,132001-801,South/East Corner of Bullard and Cedar; CSUF,Fresno,93710,"Fresno County (California, USA)",1041,132001-801,South/East Corner of Bullard and Cedar; CSUF,Fresno,93710,"Fresno County (California, USA)",,,Fresno,0,Fresno,Fresno,California,-119.749722,36.826667,Exact,,JB- Collected by MT,CO2,CO2,2025-04-25,17,1,1,N,Fixed; CSUF 2025; Pistachio orchard,Culex quinquefasciatus,04/28/25 11:56 AM,,,4,
CNSL,262,3408634,1041,132001-801,South/East Corner of Bullard and Cedar; CSUF,Fresno,93710,"Fresno County (California, USA)",1041,132001-801,South/East Corner of Bullard and Cedar; CSUF,Fresno,93710,"Fresno County (California, USA)",,,Fresno,0,Fresno,Fresno,California,-119.749722,36.826667,Exact,,JB- Collected by MT,CO2,CO2,2025-04-25,17,1,1,N,Fixed; CSUF 2025; Pistachio orchard,Culex tarsalis,04/28/25 11:56 AM,,,6,
CNSL,263,3408637,1062,132012-801,North/West of Shaw and Woodrow; CSUF,Fresno,93740,"Fresno County (California, USA)",1062,132012-801,North/West of Shaw and Woodrow; CSUF,Fresno,93740,"Fresno County (California, USA)",,,Fresno,0,Fresno,Fresno,California,-119.742726,36.810553,Exact,,JB- Collected by MT,BGSENT,"BG-Lure, CO2 (dry ice)",2025-04-25,17,1,1,N,Fixed; Allergy Free Garden,Culex quinquefasciatus,04/28/25 11:57 AM,,,8,
CNSL,263,3408637,1062,132012-801,North/West of Shaw and Woodrow; CSUF,Fresno,93740,"Fresno County (California, USA)",1062,132012-801,North/West of Shaw and Woodrow; CSUF,Fresno,93740,"Fresno County (California, USA)",,,Fresno,0,Fresno,Fresno,California,-119.742726,36.810553,Exact,,JB- Collected by MT,BGSENT,"BG-Lure, CO2 (dry ice)",2025-04-25,17,1,1,N,Fixed; Allergy Free Garden,Culex stigmatosoma,04/28/25 11:57 AM,,,1,
CNSL,263,3408637,1062,132012-801,North/West of Shaw and Woodrow; CSUF,Fresno,93740,"Fresno County (California, USA)",1062,132012-801,North/West of Shaw and Woodrow; CSUF,Fresno,93740,"Fresno County (California, USA)",,,Fresno,0,Fresno,Fresno,California,-119.742726,36.810553,Exact,,JB- Collected by MT,BGSENT,"BG-Lure, CO2 (dry ice)",2025-04-25,17,1,1,N,Fixed; Allergy Free Garden,Culex tarsalis,04/28/25 11:57 AM,,,6,
CNSL,264,3408638,1242,132012-811,5241 Maple; CSUF,Fresno,93740,"Fresno County (California, USA)",1242,132012-811,5241 Maple; CSUF,Fresno,93740,"Fresno County (California, USA)",,,Fresno,0,Fresno,Fresno,California,-119.741886,36.814342,Exact,,JB- Collected by MT,BGSENT,"BG-Lure, CO2 (dry ice)",2025-04-25,17,1,1,N,Fixed; CSUF Crim bldg,Culex tarsalis,04/28/25 11:57 AM,,,5,
CNSL,265,3408639,8262,132112-813,1667 Las Rosas Ave,Clovis,93619,"Fresno County (California, USA)",8262,132112-813,1667 Las Rosas Ave,Clovis,93619,"Fresno County (California, USA)",,,Clovis,0,Fresno,Fresno,California,-119.628138,36.811413,Exact,,JB- Collected by CR,BGSENT,"BG-Lure, CO2 (dry ice)",2025-04-25,17,1,1,N,SR125; 1667 Las Rosas,Culex tarsalis,04/28/25 11:58 AM,,,1,
CNSL,265,3408639,8262,132112-813,1667 Las Rosas Ave,Clovis,93619,"Fresno County (California, USA)",8262,132112-813,1667 Las Rosas Ave,Clovis,93619,"Fresno County (California, USA)",,,Clovis,0,Fresno,Fresno,California,-119.628138,36.811413,Exact,,JB- Collected by CR,BGSENT,"BG-Lure, CO2 (dry ice)",2025-04-25,17,1,1,N,SR125; 1667 Las Rosas,Culex stigmatosoma,04/28/25 11:58 AM,,,17,
CNSL,266,3408640,4366,152110-811,1012 Ahronian Ave,Fowler,93625,"Fresno County (California, USA)",4366,152110-811,1012 Ahronian Ave,Fowler,93625,"Fresno County (California, USA)",,,Fowler,0,Fowler,Fresno,California,-119.66532,36.637983,Exact,,JB- Collected by CR,BGSENT,"BG-Lure, CO2 (dry ice)",2025-04-25,17,1,1,N,Fixed; 1012 Ahronian,Culex quinquefasciatus,04/28/25 11:59 AM,,,2,
CNSL,266,3408640,4366,152110-811,1012 Ahronian Ave,Fowler,93625,"Fresno County (California, USA)",4366,152110-811,1012 Ahronian Ave,Fowler,93625,"Fresno County (California, USA)",,,Fowler,0,Fowler,Fresno,California,-119.66532,36.637983,Exact,,JB- Collected by CR,BGSENT,"BG-Lure, CO2 (dry ice)",2025-04-25,17,1,1,N,Fixed; 1012 Ahronian,Culex tarsalis,04/28/25 11:59 AM,,,3,
CNSL,266,3408640,4366,152110-811,1012 Ahronian Ave,Fowler,93625,"Fresno County (California, USA)",4366,152110-811,1012 Ahronian Ave,Fowler,93625,"Fresno County (California, USA)",,,Fowler,0,Fowler,Fresno,California,-119.66532,36.637983,Exact,,JB- Collected by CR,BGSENT,"BG-Lure, CO2 (dry ice)",2025-04-25,17,1,1,N,Fixed; 1012 Ahronian,Aedes aegypti,04/28/25 11:59 AM,,,2,
CNSL,267,3408641,4358,152115-827,408 E Merced St,Fowler,,"Fresno County (California, USA)",4358,152115-827,408 E Merced St,Fowler,,"Fresno County (California, USA)",,,Fowler,0,Fowler,Fresno,California,-119.67678,36.632405,Exact,,JB- Collected by CR,BGSENT,"BG-Lure, CO2 (dry ice)",2025-04-25,17,1,1,N,"Fixed; Presbyterian church of Fowler, 408 E Merced St",Culex quinquefasciatus,04/28/25 12:00 PM,,,8,
CNSL,267,3408641,4358,152115-827,408 E Merced St,Fowler,,"Fresno County (California, USA)",4358,152115-827,408 E Merced St,Fowler,,"Fresno County (California, USA)",,,Fowler,0,Fowler,Fresno,California,-119.67678,36.632405,Exact,,JB- Collected by CR,BGSENT,"BG-Lure, CO2 (dry ice)",2025-04-25,17,1,1,N,"Fixed; Presbyterian church of Fowler, 408 E Merced St",Culex tarsalis,04/28/25 12:00 PM,,,1,
CNSL,267,3408641,4358,152115-827,408 E Merced St,Fowler,,"Fresno County (California, USA)",4358,152115-827,408 E Merced St,Fowler,,"Fresno County (California, USA)",,,Fowler,0,Fowler,Fresno,California,-119.67678,36.632405,Exact,,JB- Collected by CR,BGSENT,"BG-Lure, CO2 (dry ice)",2025-04-25,17,1,1,N,"Fixed; Presbyterian church of Fowler, 408 E Merced St",Aedes aegypti,04/28/25 12:00 PM,,,1,
CNSL,268,3408642,4363,142126-805,across street from 7590 E Muscat Ave,Fresno,93725,"Fresno County (California, USA)",4363,142126-805,across street from 7590 E Muscat Ave,Fresno,93725,"Fresno County (California, USA)",,,Fresno,3617.022754,Fresno,Fresno,California,-119.652916,36.684759,Exact,,JB- Collected by CR,CO2,CO2 (dry ice),2025-04-25,17,1,1,N,Fixed; citrus orchard NW corner of Muscat and Locan,Culex quinquefasciatus,04/28/25 12:02 PM,,,2,
CNSL,268,3408642,4363,142126-805,across street from 7590 E Muscat Ave,Fresno,93725,"Fresno County (California, USA)",4363,142126-805,across street from 7590 E Muscat Ave,Fresno,93725,"Fresno County (California, USA)",,,Fresno,3617.022754,Fresno,Fresno,California,-119.652916,36.684759,Exact,,JB- Collected by CR,CO2,CO2 (dry ice),2025-04-25,17,1,1,N,Fixed; citrus orchard NW corner of Muscat and Locan,Culex stigmatosoma,04/28/25 12:02 PM,,,1,
CNSL,268,3408642,4363,142126-805,across street from 7590 E Muscat Ave,Fresno,93725,"Fresno County (California, USA)",4363,142126-805,across street from 7590 E Muscat Ave,Fresno,93725,"Fresno County (California, USA)",,,Fresno,3617.022754,Fresno,Fresno,California,-119.652916,36.684759,Exact,,JB- Collected by CR,CO2,CO2 (dry ice),2025-04-25,17,1,1,N,Fixed; citrus orchard NW corner of Muscat and Locan,Culex tarsalis,04/28/25 12:02 PM,,,1,
CNSL,268,3408642,4363,142126-805,across street from 7590 E Muscat Ave,Fresno,93725,"Fresno County (California, USA)",4363,142126-805,across street from 7590 E Muscat Ave,Fresno,93725,"Fresno County (California, USA)",,,Fresno,3617.022754,Fresno,Fresno,California,-119.652916,36.684759,Exact,,JB- Collected by CR,CO2,CO2 (dry ice),2025-04-25,17,1,1,N,Fixed; citrus orchard NW corner of Muscat and Locan,Aedes aegypti,04/28/25 12:02 PM,,,1,
CNSL,269,3408643,4308,152110-810,Orchard across from 377 N Jonna,Fowler,93625,"Fresno County (California, USA)",4308,152110-810,Orchard across from 377 N Jonna,Fowler,93625,"Fresno County (California, USA)",,,Fowler,50.61101023,Fowler,Fresno,California,-119.668389,36.642239,Exact,,JB- Collected by CR,CO2,CO2 (dry ice),2025-04-25,17,1,1,N,"Fixed; Almonds, N of Clayton Ave, W of Temperance",,04/28/25 12:02 PM,,,,
CNSL,270,3408644,4298,142121-803,2222 S Fowler Ave,Fresno,93725,"Fresno County (California, USA)",4298,142121-803,2222 S Fowler Ave,Fresno,93725,"Fresno County (California, USA)",,,Fresno,311.5017873,Fresno,Fresno,California,-119.682744,36.704652,Exact,,JB- Collected by CR,CO2,CO2 (dry ice),2025-04-25,17,1,1,N,"Fixed; citrus orch N of Lone Star Elem, Jensen and Fowler",Culex quinquefasciatus,04/28/25 12:04 PM,,,14,
CNSL,270,3408644,4298,142121-803,2222 S Fowler Ave,Fresno,93725,"Fresno County (California, USA)",4298,142121-803,2222 S Fowler Ave,Fresno,93725,"Fresno County (California, USA)",,,Fresno,311.5017873,Fresno,Fresno,California,-119.682744,36.704652,Exact,,JB- Collected by CR,CO2,CO2 (dry ice),2025-04-25,17,1,1,N,"Fixed; citrus orch N of Lone Star Elem, Jensen and Fowler",Culex tarsalis,04/28/25 12:04 PM,,,24,
CNSL,270,3408644,4298,142121-803,2222 S Fowler Ave,Fresno,93725,"Fresno County (California, USA)",4298,142121-803,2222 S Fowler Ave,Fresno,93725,"Fresno County (California, USA)",,,Fresno,311.5017873,Fresno,Fresno,California,-119.682744,36.704652,Exact,,JB- Collected by CR,CO2,CO2 (dry ice),2025-04-25,17,1,1,N,"Fixed; citrus orch N of Lone Star Elem, Jensen and Fowler",Culex stigmatosoma,04/28/25 12:04 PM,,,2,
CNSL,270,3408644,4298,142121-803,2222 S Fowler Ave,Fresno,93725,"Fresno County (California, USA)",4298,142121-803,2222 S Fowler Ave,Fresno,93725,"Fresno County (California, USA)",,,Fresno,311.5017873,Fresno,Fresno,California,-119.682744,36.704652,Exact,,JB- Collected by CR,CO2,CO2 (dry ice),2025-04-25,17,1,1,N,"Fixed; citrus orch N of Lone Star Elem, Jensen and Fowler",Culiseta inornata,04/28/25 12:04 PM,,,1,
CNSL,271,3408645,2590,142230-801,E of Muscat and McCall,Sanger,93657,"Fresno County (California, USA)",2590,142230-801,E of Muscat and McCall,Sanger,93657,"Fresno County (California, USA)",,,Del Rey,2513.733538,Fresno,Fresno,California,-119.614645,36.685343,Exact,,JB- Collected by CR,CO2,CO2 (dry ice),2025-04-25,17,1,1,N,"Fixed; W of Muscat and McCall, almond orchard W of Blueberries",Culex tarsalis,04/28/25 12:05 PM,,,1,
CNSL,272,3408646,4375,152115-826,Mott & Harris orchard,Fowler,93625,"Fresno County (California, USA)",4375,152115-826,Mott & Harris orchard,Fowler,93625,"Fresno County (California, USA)",,,Fowler,38.61328397,Fowler,Fresno,California,-119.668609,36.623288,Exact,,JB- Collected by CR,CO2,CO2 (dry ice),2025-04-25,17,1,1,N,"Fixed; Harris and Mott, orchard",,04/28/25 12:06 PM,,,,
CNSL,273,3410041,2491,142307-810,682 S Riverbend Ave,Sanger,93657,"Fresno County (California, USA)",2491,142307-810,682 S Riverbend Ave,Sanger,93657,"Fresno County (California, USA)",,,Centerville,0,Sanger,Fresno,California,-119.508303,36.727057,Exact,,JB- Collected by CR,GRVD,Infusion (fresh grass or other freshly picked organic material),2025-04-29,18,1,1,N,Fixed; Sanger Cemetery,,04/30/25 07:45 AM,,,,
CNSL,274,3410113,3002,142309-807,17604 E Kings Canyon Rd,Sanger,93657,"Fresno County (California, USA)",3002,142309-807,17604 E Kings Canyon Rd,Sanger,93657,"Fresno County (California, USA)",,,Minkler,0,Reedley,Fresno,California,-119.467503,36.732221,Exact,,JB- Collected by CR,GRVD,Infusion (fresh grass or other freshly picked organic material),2025-04-29,18,1,1,N,"Fixed; Kings River Mobile Home park, office",Culex quinquefasciatus,04/30/25 07:49 AM,,,,2
CNSL,274,3410113,3002,142309-807,17604 E Kings Canyon Rd,Sanger,93657,"Fresno County (California, USA)",3002,142309-807,17604 E Kings Canyon Rd,Sanger,93657,"Fresno County (California, USA)",,,Minkler,0,Reedley,Fresno,California,-119.467503,36.732221,Exact,,JB- Collected by CR,GRVD,Infusion (fresh grass or other freshly picked organic material),2025-04-29,18,1,1,N,"Fixed; Kings River Mobile Home park, office",Culex stigmatosoma,04/30/25 07:49 AM,,,,7
CNSL,274,3410113,3002,142309-807,17604 E Kings Canyon Rd,Sanger,93657,"Fresno County (California, USA)",3002,142309-807,17604 E Kings Canyon Rd,Sanger,93657,"Fresno County (California, USA)",,,Minkler,0,Reedley,Fresno,California,-119.467503,36.732221,Exact,,JB- Collected by CR,GRVD,Infusion (fresh grass or other freshly picked organic material),2025-04-29,18,1,1,N,"Fixed; Kings River Mobile Home park, office",Culex thriambus,04/30/25 07:49 AM,,,,3
CNSL,274,3410113,3002,142309-807,17604 E Kings Canyon Rd,Sanger,93657,"Fresno County (California, USA)",3002,142309-807,17604 E Kings Canyon Rd,Sanger,93657,"Fresno County (California, USA)",,,Minkler,0,Reedley,Fresno,California,-119.467503,36.732221,Exact,,JB- Collected by CR,GRVD,Infusion (fresh grass or other freshly picked organic material),2025-04-29,18,1,1,N,"Fixed; Kings River Mobile Home park, office",Culiseta particeps,04/30/25 07:49 AM,,1,,6
CNSL,274,3410113,3002,142309-807,17604 E Kings Canyon Rd,Sanger,93657,"Fresno County (California, USA)",3002,142309-807,17604 E Kings Canyon Rd,Sanger,93657,"Fresno County (California, USA)",,,Minkler,0,Reedley,Fresno,California,-119.467503,36.732221,Exact,,JB- Collected by CR,GRVD,Infusion (fresh grass or other freshly picked organic material),2025-04-29,18,1,1,N,"Fixed; Kings River Mobile Home park, office",Culex restuans,04/30/25 07:49 AM,,,,1
CNSL,274,3410113,3002,142309-807,17604 E Kings Canyon Rd,Sanger,93657,"Fresno County (California, USA)",3002,142309-807,17604 E Kings Canyon Rd,Sanger,93657,"Fresno County (California, USA)",,,Minkler,0,Reedley,Fresno,California,-119.467503,36.732221,Exact,,JB- Collected by CR,GRVD,Infusion (fresh grass or other freshly picked organic material),2025-04-29,18,1,1,N,"Fixed; Kings River Mobile Home park, office",Culiseta inornata,04/30/25 07:49 AM,,,,1
CNSL,275,3410114,2066,142307-804,Smith and Rainbow,Sanger,93657,"Fresno County (California, USA)",2066,142307-804,Smith and Rainbow,Sanger,93657,"Fresno County (California, USA)",,,Centerville,0,Sanger,Fresno,California,-119.502072,36.724283,Exact,,JB- Collected by CR,GRVD,Infusion (fresh grass or other freshly picked organic material),2025-04-29,18,1,1,N,Fixed; China Creek,Culex quinquefasciatus,04/30/25 07:49 AM,,,,2
CNSL,275,3410114,2066,142307-804,Smith and Rainbow,Sanger,93657,"Fresno County (California, USA)",2066,142307-804,Smith and Rainbow,Sanger,93657,"Fresno County (California, USA)",,,Centerville,0,Sanger,Fresno,California,-119.502072,36.724283,Exact,,JB- Collected by CR,GRVD,Infusion (fresh grass or other freshly picked organic material),2025-04-29,18,1,1,N,Fixed; China Creek,Culex thriambus,04/30/25 07:49 AM,,,,2
CNSL,275,3410114,2066,142307-804,Smith and Rainbow,Sanger,93657,"Fresno County (California, USA)",2066,142307-804,Smith and Rainbow,Sanger,93657,"Fresno County (California, USA)",,,Centerville,0,Sanger,Fresno,California,-119.502072,36.724283,Exact,,JB- Collected by CR,GRVD,Infusion (fresh grass or other freshly picked organic material),2025-04-29,18,1,1,N,Fixed; China Creek,Culiseta particeps,04/30/25 07:49 AM,,5,,8
CNSL,276,3410115,2138,142303-808,Across from 93 Trout Lake Drive,Sanger,93657,"Fresno County (California, USA)",2138,142303-808,Across from 93 Trout Lake Drive,Sanger,93657,"Fresno County (California, USA)",,,Minkler,0,Reedley,Fresno,California,-119.465639,36.736111,Exact,,JB- Collected by CR,GRVD,Infusion (fresh grass or other freshly picked organic material),2025-04-29,18,1,1,N,"Fixed; Wildwood, W side of lake",Culex quinquefasciatus,04/30/25 07:50 AM,,,,5
CNSL,276,3410115,2138,142303-808,Across from 93 Trout Lake Drive,Sanger,93657,"Fresno County (California, USA)",2138,142303-808,Across from 93 Trout Lake Drive,Sanger,93657,"Fresno County (California, USA)",,,Minkler,0,Reedley,Fresno,California,-119.465639,36.736111,Exact,,JB- Collected by CR,GRVD,Infusion (fresh grass or other freshly picked organic material),2025-04-29,18,1,1,N,"Fixed; Wildwood, W side of lake",Culex stigmatosoma,04/30/25 07:50 AM,,,,13
CNSL,276,3410115,2138,142303-808,Across from 93 Trout Lake Drive,Sanger,93657,"Fresno County (California, USA)",2138,142303-808,Across from 93 Trout Lake Drive,Sanger,93657,"Fresno County (California, USA)",,,Minkler,0,Reedley,Fresno,California,-119.465639,36.736111,Exact,,JB- Collected by CR,GRVD,Infusion (fresh grass or other freshly picked organic material),2025-04-29,18,1,1,N,"Fixed; Wildwood, W side of lake",Culex restuans,04/30/25 07:50 AM,,1,,2
CNSL,277,3410119,2277,142320-803,Annadale and Riverbend,Sanger,93657,"Fresno County (California, USA)",2277,142320-803,Annadale and Riverbend,Sanger,93657,"Fresno County (California, USA)",,,Centerville,759.474272,Reedley,Fresno,California,-119.502003,36.698804,Exact,,JB- Collected by CR,GRVD,Infusion (fresh grass or other freshly picked organic material),2025-04-29,18,1,1,N,Fixed; Annadale curve on S side of orchard,Culex quinquefasciatus,04/30/25 07:52 AM,,,,1
CNSL,277,3410119,2277,142320-803,Annadale and Riverbend,Sanger,93657,"Fresno County (California, USA)",2277,142320-803,Annadale and Riverbend,Sanger,93657,"Fresno County (California, USA)",,,Centerville,759.474272,Reedley,Fresno,California,-119.502003,36.698804,Exact,,JB- Collected by CR,GRVD,Infusion (fresh grass or other freshly picked organic material),2025-04-29,18,1,1,N,Fixed; Annadale curve on S side of orchard,Culex tarsalis,04/30/25 07:52 AM,,,,4
CNSL,278,3410121,2517,142225-805,13942 North Ave,Sanger,93657,"Fresno County (California, USA)",2517,142225-805,13942 North Ave,Sanger,93657,"Fresno County (California, USA)",,,Sanger,0,Sanger,Fresno,California,-119.537191,36.691795,Exact,,JB- Collected by CR,GRVD,Infusion (fresh grass or other freshly picked organic material),2025-04-29,18,1,1,N,"Fixed; E of North and Newmark, orange orchard",Culex quinquefasciatus,04/30/25 07:54 AM,,2,,2
CNSL,278,3410121,2517,142225-805,13942 North Ave,Sanger,93657,"Fresno County (California, USA)",2517,142225-805,13942 North Ave,Sanger,93657,"Fresno County (California, USA)",,,Sanger,0,Sanger,Fresno,California,-119.537191,36.691795,Exact,,JB- Collected by CR,GRVD,Infusion (fresh grass or other freshly picked organic material),2025-04-29,18,1,1,N,"Fixed; E of North and Newmark, orange orchard",Culex stigmatosoma,04/30/25 07:54 AM,,2,,1
CNSL,279,3410124,2437,142224-811,14775 E. Annadale Avenue,Sanger,93657,"Fresno County (California, USA)",2437,142224-811,14775 E. Annadale Avenue,Sanger,93657,"Fresno County (California, USA)",,,Centerville,1016.262903,Sanger,Fresno,California,-119.523555,36.698834,Exact,,JB- Collected by CR,GRVD,Infusion (fresh grass or other freshly picked organic material),2025-04-29,18,1,1,N,"Fixed; SW corner of Annadale and Channel, slough on W side of road",Culiseta particeps,04/30/25 07:57 AM,,,,1
CNSL,279,3410124,2437,142224-811,14775 E. Annadale Avenue,Sanger,93657,"Fresno County (California, USA)",2437,142224-811,14775 E. Annadale Avenue,Sanger,93657,"Fresno County (California, USA)",,,Centerville,1016.262903,Sanger,Fresno,California,-119.523555,36.698834,Exact,,JB- Collected by CR,GRVD,Infusion (fresh grass or other freshly picked organic material),2025-04-29,18,1,1,N,"Fixed; SW corner of Annadale and Channel, slough on W side of road",Culex quinquefasciatus,04/30/25 07:57 AM,,,,2
CNSL,279,3410124,2437,142224-811,14775 E. Annadale Avenue,Sanger,93657,"Fresno County (California, USA)",2437,142224-811,14775 E. Annadale Avenue,Sanger,93657,"Fresno County (California, USA)",,,Centerville,1016.262903,Sanger,Fresno,California,-119.523555,36.698834,Exact,,JB- Collected by CR,GRVD,Infusion (fresh grass or other freshly picked organic material),2025-04-29,18,1,1,N,"Fixed; SW corner of Annadale and Channel, slough on W side of road",Culex stigmatosoma,04/30/25 07:57 AM,,,,4
CNSL,279,3410124,2437,142224-811,14775 E. Annadale Avenue,Sanger,93657,"Fresno County (California, USA)",2437,142224-811,14775 E. Annadale Avenue,Sanger,93657,"Fresno County (California, USA)",,,Centerville,1016.262903,Sanger,Fresno,California,-119.523555,36.698834,Exact,,JB- Collected by CR,GRVD,Infusion (fresh grass or other freshly picked organic material),2025-04-29,18,1,1,N,"Fixed; SW corner of Annadale and Channel, slough on W side of road",Culex restuans,04/30/25 07:57 AM,,,,10
CNSL,280,3410127,2279,142316-802,Annadale and MacDonough,Sanger,93657,"Fresno County (California, USA)",2279,142316-802,Annadale and MacDonough,Sanger,93657,"Fresno County (California, USA)",,,Minkler,0,Reedley,Fresno,California,-119.472017,36.706173,Exact,,JB- Collected by CR,GRVD,Infusion (fresh grass or other freshly picked organic material),2025-04-29,18,1,1,N,"Fixed; Annadale & MacDonough, citrus orchard, E of Byrd Slough",Culex quinquefasciatus,04/30/25 07:59 AM,,,,3
CNSL,280,3410127,2279,142316-802,Annadale and MacDonough,Sanger,93657,"Fresno County (California, USA)",2279,142316-802,Annadale and MacDonough,Sanger,93657,"Fresno County (California, USA)",,,Minkler,0,Reedley,Fresno,California,-119.472017,36.706173,Exact,,JB- Collected by CR,GRVD,Infusion (fresh grass or other freshly picked organic material),2025-04-29,18,1,1,N,"Fixed; Annadale & MacDonough, citrus orchard, E of Byrd Slough",Stomoxys calcitrans,04/30/25 07:59 AM,,,,2
CNSL,281,3410130,3051,142302-805,Frankwood and Belmont Avenue,Sanger,93657,"Fresno County (California, USA)",3051,142302-805,Frankwood and Belmont Avenue,Sanger,93657,"Fresno County (California, USA)",,,Minkler,0,Reedley,Fresno,California,-119.446139,36.743444,Exact,,JB- Collected by CR,GRVD,Infusion (fresh grass or other freshly picked organic material),2025-04-29,18,1,1,N,Fixed; Frankwood Ave NE of Sherwood Golf Club by mobile home park,Culiseta particeps,04/30/25 08:00 AM,,,,1
CNSL,281,3410130,3051,142302-805,Frankwood and Belmont Avenue,Sanger,93657,"Fresno County (California, USA)",3051,142302-805,Frankwood and Belmont Avenue,Sanger,93657,"Fresno County (California, USA)",,,Minkler,0,Reedley,Fresno,California,-119.446139,36.743444,Exact,,JB- Collected by CR,GRVD,Infusion (fresh grass or other freshly picked organic material),2025-04-29,18,1,1,N,Fixed; Frankwood Ave NE of Sherwood Golf Club by mobile home park,Culex stigmatosoma,04/30/25 08:00 AM,,,,10
CNSL,282,3411063,8214,132122-812,6688 E Lansing Way,Fresno,93727,"Fresno County (California, USA)",8214,132122-812,6688 E Lansing Way,Fresno,93727,"Fresno County (California, USA)",,,Fresno,0,Fresno,Fresno,California,-119.669828,36.787356,Exact,,KR- Collected by MT,GRVD,Infusion (fresh grass or other freshly picked organic material),2025-04-29,18,1,1,N,Fixed; 6688 E Lansing Way,Culex quinquefasciatus,05/01/25 08:05 AM,,,,48
CNSL,282,3411063,8214,132122-812,6688 E Lansing Way,Fresno,93727,"Fresno County (California, USA)",8214,132122-812,6688 E Lansing Way,Fresno,93727,"Fresno County (California, USA)",,,Fresno,0,Fresno,Fresno,California,-119.669828,36.787356,Exact,,KR- Collected by MT,GRVD,Infusion (fresh grass or other freshly picked organic material),2025-04-29,18,1,1,N,Fixed; 6688 E Lansing Way,Culicoides,05/01/25 08:05 AM,,,,2
CNSL,283,3411073,8018,132110-918,976 Pistachio Avenue,Clovis,93611,"Fresno County (California, USA)",8018,132110-918,976 Pistachio Avenue,Clovis,93611,"Fresno County (California, USA)",,,Clovis,0,Fresno,Fresno,California,-119.667472,36.818433,Approximate,,KR- Collected by MT,GRVD,Infusion (fresh grass or other freshly picked organic material),2025-04-29,18,1,1,N,2025 Clovis; 10211 pistachio,Culex quinquefasciatus,05/01/25 08:11 AM,,4,,72
CNSL,283,3411073,8018,132110-918,976 Pistachio Avenue,Clovis,93611,"Fresno County (California, USA)",8018,132110-918,976 Pistachio Avenue,Clovis,93611,"Fresno County (California, USA)",,,Clovis,0,Fresno,Fresno,California,-119.667472,36.818433,Approximate,,KR- Collected by MT,GRVD,Infusion (fresh grass or other freshly picked organic material),2025-04-29,18,1,1,N,2025 Clovis; 10211 pistachio,Culex stigmatosoma,05/01/25 08:11 AM,,,,1
CNSL,283,3411073,8018,132110-918,976 Pistachio Avenue,Clovis,93611,"Fresno County (California, USA)",8018,132110-918,976 Pistachio Avenue,Clovis,93611,"Fresno County (California, USA)",,,Clovis,0,Fresno,Fresno,California,-119.667472,36.818433,Approximate,,KR- Collected by MT,GRVD,Infusion (fresh grass or other freshly picked organic material),2025-04-29,18,1,1,N,2025 Clovis; 10211 pistachio,Culicoides,05/01/25 08:11 AM,,,,1
CNSL,284,3411077,8017,132110-917,703 Jasmine Avenue,Clovis,93611,"Fresno County (California, USA)",8017,132110-917,703 Jasmine Avenue,Clovis,93611,"Fresno County (California, USA)",,,Clovis,0,Fresno,Fresno,California,-119.670931,36.822601,Approximate,,KR- Collected by MT,GRVD,Infusion (fresh grass or other freshly picked organic material),2025-04-29,18,1,1,N,2025 Clovis; 2232 Celeste,Culex quinquefasciatus,05/01/25 08:13 AM,,,,62
CNSL,284,3411077,8017,132110-917,703 Jasmine Avenue,Clovis,93611,"Fresno County (California, USA)",8017,132110-917,703 Jasmine Avenue,Clovis,93611,"Fresno County (California, USA)",,,Clovis,0,Fresno,Fresno,California,-119.670931,36.822601,Approximate,,KR- Collected by MT,GRVD,Infusion (fresh grass or other freshly picked organic material),2025-04-29,18,1,1,N,2025 Clovis; 2232 Celeste,Culex stigmatosoma,05/01/25 08:13 AM,,,,2
CNSL,285,3411079,8236,132103-819,2578 Menlo Ave,Clovis,93611,"Fresno County (California, USA)",8236,132103-819,2578 Menlo Ave,Clovis,93611,"Fresno County (California, USA)",,,Clovis,0,Fresno,Fresno,California,-119.664538,36.830742,Exact,,KR- Collected by MT,GRVD,Infusion (fresh grass or other freshly picked organic material),2025-04-29,18,1,1,N,Fixed; 2578 Menlo,Culex quinquefasciatus,05/01/25 08:15 AM,,2,,80
CNSL,285,3411079,8236,132103-819,2578 Menlo Ave,Clovis,93611,"Fresno County (California, USA)",8236,132103-819,2578 Menlo Ave,Clovis,93611,"Fresno County (California, USA)",,,Clovis,0,Fresno,Fresno,California,-119.664538,36.830742,Exact,,KR- Collected by MT,GRVD,Infusion (fresh grass or other freshly picked organic material),2025-04-29,18,1,1,N,Fixed; 2578 Menlo,Culex tarsalis,05/01/25 08:15 AM,,1,,
CNSL,285,3411079,8236,132103-819,2578 Menlo Ave,Clovis,93611,"Fresno County (California, USA)",8236,132103-819,2578 Menlo Ave,Clovis,93611,"Fresno County (California, USA)",,,Clovis,0,Fresno,Fresno,California,-119.664538,36.830742,Exact,,KR- Collected by MT,GRVD,Infusion (fresh grass or other freshly picked organic material),2025-04-29,18,1,1,N,Fixed; 2578 Menlo,Culex stigmatosoma,05/01/25 08:15 AM,,,,11
CNSL,286,3411081,1841,132110-823,708 Carolina Ave,Clovis,93611,"Fresno County (California, USA)",1841,132110-823,708 Carolina Ave,Clovis,93611,"Fresno County (California, USA)",,,Clovis,0,Fresno,Fresno,California,-119.664807,36.822676,Exact,,KR- Collected by MT,GRVD,Infusion (fresh grass or other freshly picked organic material),2025-04-29,18,1,1,N,2025 Clovis; 2519 Celeste,Culex quinquefasciatus,05/01/25 08:16 AM,,1,,36
CNSL,286,3411081,1841,132110-823,708 Carolina Ave,Clovis,93611,"Fresno County (California, USA)",1841,132110-823,708 Carolina Ave,Clovis,93611,"Fresno County (California, USA)",,,Clovis,0,Fresno,Fresno,California,-119.664807,36.822676,Exact,,KR- Collected by MT,GRVD,Infusion (fresh grass or other freshly picked organic material),2025-04-29,18,1,1,N,2025 Clovis; 2519 Celeste,Culicoides,05/01/25 08:16 AM,,,,1
CNSL,287,3411087,9222,132114-923,2742 Swift Ave,Clovis,93611,"Fresno County (California, USA)",9222,132114-923,2742 Swift Ave,Clovis,93611,"Fresno County (California, USA)",,,Clovis,0,Fresno,Fresno,California,-119.660796,36.795933,Exact,,KR- Collected by MT,GRVD,Infusion (fresh grass or other freshly picked organic material),2025-04-29,18,1,1,N,Fixed; 2742 Swift,Culex quinquefasciatus,05/01/25 08:17 AM,,2,,140
CNSL,287,3411087,9222,132114-923,2742 Swift Ave,Clovis,93611,"Fresno County (California, USA)",9222,132114-923,2742 Swift Ave,Clovis,93611,"Fresno County (California, USA)",,,Clovis,0,Fresno,Fresno,California,-119.660796,36.795933,Exact,,KR- Collected by MT,GRVD,Infusion (fresh grass or other freshly picked organic material),2025-04-29,18,1,1,N,Fixed; 2742 Swift,Culex stigmatosoma,05/01/25 08:17 AM,,,,1
CNSL,287,3411087,9222,132114-923,2742 Swift Ave,Clovis,93611,"Fresno County (California, USA)",9222,132114-923,2742 Swift Ave,Clovis,93611,"Fresno County (California, USA)",,,Clovis,0,Fresno,Fresno,California,-119.660796,36.795933,Exact,,KR- Collected by MT,GRVD,Infusion (fresh grass or other freshly picked organic material),2025-04-29,18,1,1,N,Fixed; 2742 Swift,Culicoides,05/01/25 08:17 AM,,,,4
CNSL,288,3411089,8238,132112-812,815 El Dorado Ave,Clovis,93619,"Fresno County (California, USA)",8238,132112-812,815 El Dorado Ave,Clovis,93619,"Fresno County (California, USA)",,,Clovis,0,Fresno,Fresno,California,-119.633866,36.820434,Exact,,KR- Collected by MT,GRVD,Infusion (fresh grass or other freshly picked organic material),2025-04-29,18,1,1,N,Fixed; 815 El Dorado Ave,Culex quinquefasciatus,05/01/25 08:20 AM,,,,21
CNSL,288,3411089,8238,132112-812,815 El Dorado Ave,Clovis,93619,"Fresno County (California, USA)",8238,132112-812,815 El Dorado Ave,Clovis,93619,"Fresno County (California, USA)",,,Clovis,0,Fresno,Fresno,California,-119.633866,36.820434,Exact,,KR- Collected by MT,GRVD,Infusion (fresh grass or other freshly picked organic material),2025-04-29,18,1,1,N,Fixed; 815 El Dorado Ave,Culex stigmatosoma,05/01/25 08:20 AM,,,,16
CNSL,289,3411090,8183,132104-809,808 4th St,Clovis,93612,"Fresno County (California, USA)",8183,132104-809,808 4th St,Clovis,93612,"Fresno County (California, USA)",,,Clovis,0,Fresno,Fresno,California,-119.698892,36.825001,Exact,,KR- Collected by MT,GRVD,Infusion (fresh grass or other freshly picked organic material),2025-04-29,18,1,1,N,Fixed; Clovis Veterans Memorial bldng E of the park,Culex quinquefasciatus,05/01/25 08:21 AM,,,,22
CNSL,290,3411091,8165,122129-817,174 Serena Ave,Clovis,93619,"Fresno County (California, USA)",8165,122129-817,174 Serena Ave,Clovis,93619,"Fresno County (California, USA)",,,Clovis,0,Fresno,Fresno,California,-119.709256,36.865876,Exact,,KR- Collected by MT,GRVD,Infusion (fresh grass or other freshly picked organic material),2025-04-29,18,1,1,N,Fixed; 174 Serena,Culex quinquefasciatus,05/01/25 08:22 AM,,,,6
CNSL,291,3411092,8214,132122-812,6688 E Lansing Way,Fresno,93727,"Fresno County (California, USA)",8214,132122-812,6688 E Lansing Way,Fresno,93727,"Fresno County (California, USA)",,,Fresno,0,Fresno,Fresno,California,-119.669828,36.787356,Exact,,KR- Collected by MT,BGSENT,"BG-Lure, CO2 (dry ice)",2025-04-29,18,1,1,N,Fixed; 6688 E Lansing Way,Culex quinquefasciatus,05/01/25 08:24 AM,,,8,
CNSL,292,3411093,8018,132110-918,976 Pistachio Avenue,Clovis,93611,"Fresno County (California, USA)",8018,132110-918,976 Pistachio Avenue,Clovis,93611,"Fresno County (California, USA)",,,Clovis,0,Fresno,Fresno,California,-119.667472,36.818433,Approximate,,KR- Collected by MT,BGSENT,"BG-Lure, CO2 (dry ice)",2025-04-29,18,1,1,N,Fixed; 1021 Pistachio,Culex quinquefasciatus,05/01/25 08:27 AM,,,3,
CNSL,292,3411093,8018,132110-918,976 Pistachio Avenue,Clovis,93611,"Fresno County (California, USA)",8018,132110-918,976 Pistachio Avenue,Clovis,93611,"Fresno County (California, USA)",,,Clovis,0,Fresno,Fresno,California,-119.667472,36.818433,Approximate,,KR- Collected by MT,BGSENT,"BG-Lure, CO2 (dry ice)",2025-04-29,18,1,1,N,Fixed; 1021 Pistachio,Aedes aegypti,05/01/25 08:27 AM,,,1,
CNSL,292,3411093,8018,132110-918,976 Pistachio Avenue,Clovis,93611,"Fresno County (California, USA)",8018,132110-918,976 Pistachio Avenue,Clovis,93611,"Fresno County (California, USA)",,,Clovis,0,Fresno,Fresno,California,-119.667472,36.818433,Approximate,,KR- Collected by MT,BGSENT,"BG-Lure, CO2 (dry ice)",2025-04-29,18,1,1,N,Fixed; 1021 Pistachio,Culex tarsalis,05/01/25 08:27 AM,,,1,
CNSL,293,3411094,8018,132110-918,976 Pistachio Avenue,Clovis,93611,"Fresno County (California, USA)",8018,132110-918,976 Pistachio Avenue,Clovis,93611,"Fresno County (California, USA)",,,Clovis,0,Fresno,Fresno,California,-119.667472,36.818433,Approximate,,KR- Collected by MT,BGSENT,"BG-Lure, CO2 (dry ice)",2025-04-29,18,1,1,N,2025 Clovis; 1021 Pistachio,Culex quinquefasciatus,05/01/25 08:28 AM,,,3,
CNSL,293,3411094,8018,132110-918,976 Pistachio Avenue,Clovis,93611,"Fresno County (California, USA)",8018,132110-918,976 Pistachio Avenue,Clovis,93611,"Fresno County (California, USA)",,,Clovis,0,Fresno,Fresno,California,-119.667472,36.818433,Approximate,,KR- Collected by MT,BGSENT,"BG-Lure, CO2 (dry ice)",2025-04-29,18,1,1,N,2025 Clovis; 1021 Pistachio,Aedes aegypti,05/01/25 08:28 AM,,,1,
CNSL,293,3411094,8018,132110-918,976 Pistachio Avenue,Clovis,93611,"Fresno County (California, USA)",8018,132110-918,976 Pistachio Avenue,Clovis,93611,"Fresno County (California, USA)",,,Clovis,0,Fresno,Fresno,California,-119.667472,36.818433,Approximate,,KR- Collected by MT,BGSENT,"BG-Lure, CO2 (dry ice)",2025-04-29,18,1,1,N,2025 Clovis; 1021 Pistachio,Culex tarsalis,05/01/25 08:28 AM,,,1,
CNSL,294,3411095,8017,132110-917,703 Jasmine Avenue,Clovis,93611,"Fresno County (California, USA)",8017,132110-917,703 Jasmine Avenue,Clovis,93611,"Fresno County (California, USA)",,,Clovis,0,Fresno,Fresno,California,-119.670931,36.822601,Approximate,,KR- Collected by MT,BGSENT,"BG-Lure, CO2 (dry ice)",2025-04-29,18,1,1,Y,"2025 Clovis; 2232 Celeste, Trap tamper",,05/01/25 08:30 AM,,,,
CNSL,295,3411096,8236,132103-819,2578 Menlo Ave,Clovis,93611,"Fresno County (California, USA)",8236,132103-819,2578 Menlo Ave,Clovis,93611,"Fresno County (California, USA)",,,Clovis,0,Fresno,Fresno,California,-119.664538,36.830742,Exact,,KR- Collected by MT,BGSENT,"BG-Lure, CO2 (dry ice)",2025-04-29,18,1,1,N,Fixed; 2578 Menlo,Culex tarsalis,05/01/25 08:31 AM,,1,12,
CNSL,295,3411096,8236,132103-819,2578 Menlo Ave,Clovis,93611,"Fresno County (California, USA)",8236,132103-819,2578 Menlo Ave,Clovis,93611,"Fresno County (California, USA)",,,Clovis,0,Fresno,Fresno,California,-119.664538,36.830742,Exact,,KR- Collected by MT,BGSENT,"BG-Lure, CO2 (dry ice)",2025-04-29,18,1,1,N,Fixed; 2578 Menlo,Aedes aegypti,05/01/25 08:31 AM,,,1,
CNSL,295,3411096,8236,132103-819,2578 Menlo Ave,Clovis,93611,"Fresno County (California, USA)",8236,132103-819,2578 Menlo Ave,Clovis,93611,"Fresno County (California, USA)",,,Clovis,0,Fresno,Fresno,California,-119.664538,36.830742,Exact,,KR- Collected by MT,BGSENT,"BG-Lure, CO2 (dry ice)",2025-04-29,18,1,1,N,Fixed; 2578 Menlo,Culex quinquefasciatus,05/01/25 08:31 AM,,,7,
CNSL,296,3411097,1841,132110-823,708 Carolina Ave,Clovis,93611,"Fresno County (California, USA)",1841,132110-823,708 Carolina Ave,Clovis,93611,"Fresno County (California, USA)",,,Clovis,0,Fresno,Fresno,California,-119.664807,36.822676,Approximate,,KR- Collected by MT,BGSENT,"BG-Lure, CO2 (dry ice)",2025-04-29,18,1,1,N,2025 Clovis; 2519 Celeste,Culex quinquefasciatus,05/01/25 08:32 AM,,,5,
CNSL,296,3411097,1841,132110-823,708 Carolina Ave,Clovis,93611,"Fresno County (California, USA)",1841,132110-823,708 Carolina Ave,Clovis,93611,"Fresno County (California, USA)",,,Clovis,0,Fresno,Fresno,California,-119.664807,36.822676,Approximate,,KR- Collected by MT,BGSENT,"BG-Lure, CO2 (dry ice)",2025-04-29,18,1,1,N,2025 Clovis; 2519 Celeste,Culex tarsalis,05/01/25 08:32 AM,,,3,
CNSL,296,3411097,1841,132110-823,708 Carolina Ave,Clovis,93611,"Fresno County (California, USA)",1841,132110-823,708 Carolina Ave,Clovis,93611,"Fresno County (California, USA)",,,Clovis,0,Fresno,Fresno,California,-119.664807,36.822676,Approximate,,KR- Collected by MT,BGSENT,"BG-Lure, CO2 (dry ice)",2025-04-29,18,1,1,N,2025 Clovis; 2519 Celeste,Culex stigmatosoma,05/01/25 08:32 AM,,,1,
CNSL,297,3411098,9222,132114-923,2742 Swift Ave,Clovis,93611,"Fresno County (California, USA)",9222,132114-923,2742 Swift Ave,Clovis,93611,"Fresno County (California, USA)",,,Clovis,0,Fresno,Fresno,California,-119.660796,36.795933,Exact,,KR- Collected by MT,BGSENT,"BG-Lure, CO2 (dry ice)",2025-04-29,18,1,1,N,Fixed; 2742 Swift,Culex quinquefasciatus,05/01/25 08:34 AM,,,2,
CNSL,297,3411098,9222,132114-923,2742 Swift Ave,Clovis,93611,"Fresno County (California, USA)",9222,132114-923,2742 Swift Ave,Clovis,93611,"Fresno County (California, USA)",,,Clovis,0,Fresno,Fresno,California,-119.660796,36.795933,Exact,,KR- Collected by MT,BGSENT,"BG-Lure, CO2 (dry ice)",2025-04-29,18,1,1,N,Fixed; 2742 Swift,Aedes aegypti,05/01/25 08:34 AM,,,2,
CNSL,298,3411099,8238,132112-812,815 El Dorado Ave,Clovis,93619,"Fresno County (California, USA)",8238,132112-812,815 El Dorado Ave,Clovis,93619,"Fresno County (California, USA)",,,Clovis,0,Fresno,Fresno,California,-119.633866,36.820434,Exact,,KR- Collected by MT,BGSENT,"BG-Lure, CO2 (dry ice)",2025-04-29,18,1,1,N,Fixed; 815 El Dorado Ave,Culex quinquefasciatus,05/01/25 08:36 AM,,,3,
CNSL,298,3411099,8238,132112-812,815 El Dorado Ave,Clovis,93619,"Fresno County (California, USA)",8238,132112-812,815 El Dorado Ave,Clovis,93619,"Fresno County (California, USA)",,,Clovis,0,Fresno,Fresno,California,-119.633866,36.820434,Exact,,KR- Collected by MT,BGSENT,"BG-Lure, CO2 (dry ice)",2025-04-29,18,1,1,N,Fixed; 815 El Dorado Ave,Culex tarsalis,05/01/25 08:36 AM,,,2,
CNSL,298,3411099,8238,132112-812,815 El Dorado Ave,Clovis,93619,"Fresno County (California, USA)",8238,132112-812,815 El Dorado Ave,Clovis,93619,"Fresno County (California, USA)",,,Clovis,0,Fresno,Fresno,California,-119.633866,36.820434,Exact,,KR- Collected by MT,BGSENT,"BG-Lure, CO2 (dry ice)",2025-04-29,18,1,1,N,Fixed; 815 El Dorado Ave,Culex stigmatosoma,05/01/25 08:36 AM,,,2,
CNSL,299,3411100,8183,132104-809,808 4th St,Clovis,93612,"Fresno County (California, USA)",8183,132104-809,808 4th St,Clovis,93612,"Fresno County (California, USA)",,,Clovis,0,Fresno,Fresno,California,-119.698892,36.825001,Exact,,KR- Collected by MT,BGSENT,"BG-Lure, CO2 (dry ice)",2025-04-29,18,1,1,N,Fixed; Clovis Veterans Memorial bldng E of the park,Culex quinquefasciatus,05/01/25 08:37 AM,,,6,
CNSL,300,3411101,8165,122129-817,174 Serena Ave,Clovis,93619,"Fresno County (California, USA)",8165,122129-817,174 Serena Ave,Clovis,93619,"Fresno County (California, USA)",,,Clovis,0,Fresno,Fresno,California,-119.709256,36.865876,Exact,,KR- Collected by MT,BGSENT,"BG-Lure, CO2 (dry ice)",2025-04-29,18,1,1,N,Fixed; 174 Serena,Culex quinquefasciatus,05/01/25 08:38 AM,,,1,
CNSL,301,3411102,2491,142307-810,682 S Riverbend Ave,Sanger,93657,"Fresno County (California, USA)",2491,142307-810,682 S Riverbend Ave,Sanger,93657,"Fresno County (California, USA)",,,Centerville,0,Sanger,Fresno,California,-119.508303,36.727057,Exact,,JB- Collected by CR,BGSENT,"BG-Lure, CO2 (dry ice)",2025-04-29,18,1,1,N,Fixed; Sanger Cemetery,Culex tarsalis,05/01/25 08:39 AM,,,2,
CNSL,301,3411102,2491,142307-810,682 S Riverbend Ave,Sanger,93657,"Fresno County (California, USA)",2491,142307-810,682 S Riverbend Ave,Sanger,93657,"Fresno County (California, USA)",,,Centerville,0,Sanger,Fresno,California,-119.508303,36.727057,Exact,,JB- Collected by CR,BGSENT,"BG-Lure, CO2 (dry ice)",2025-04-29,18,1,1,N,Fixed; Sanger Cemetery,Culex stigmatosoma,05/01/25 08:39 AM,,,11,
CNSL,301,3411102,2491,142307-810,682 S Riverbend Ave,Sanger,93657,"Fresno County (California, USA)",2491,142307-810,682 S Riverbend Ave,Sanger,93657,"Fresno County (California, USA)",,,Centerville,0,Sanger,Fresno,California,-119.508303,36.727057,Exact,,JB- Collected by CR,BGSENT,"BG-Lure, CO2 (dry ice)",2025-04-29,18,1,1,N,Fixed; Sanger Cemetery,Culex thriambus,05/01/25 08:39 AM,,,3,
CNSL,301,3411102,2491,142307-810,682 S Riverbend Ave,Sanger,93657,"Fresno County (California, USA)",2491,142307-810,682 S Riverbend Ave,Sanger,93657,"Fresno County (California, USA)",,,Centerville,0,Sanger,Fresno,California,-119.508303,36.727057,Exact,,JB- Collected by CR,BGSENT,"BG-Lure, CO2 (dry ice)",2025-04-29,18,1,1,N,Fixed; Sanger Cemetery,Anopheles freeborni,05/01/25 08:39 AM,,,1,
CNSL,302,3411103,3002,142309-807,17604 E Kings Canyon Rd,Sanger,93657,"Fresno County (California, USA)",3002,142309-807,17604 E Kings Canyon Rd,Sanger,93657,"Fresno County (California, USA)",,,Minkler,0,Reedley,Fresno,California,-119.467503,36.732221,Exact,,JB- Collected by CR,BGSENT,"BG-Lure, CO2 (dry ice)",2025-04-29,18,1,1,N,Fixed; Kings River mobile home area near office,Culex restuans,05/01/25 08:42 AM,,,1,
CNSL,302,3411103,3002,142309-807,17604 E Kings Canyon Rd,Sanger,93657,"Fresno County (California, USA)",3002,142309-807,17604 E Kings Canyon Rd,Sanger,93657,"Fresno County (California, USA)",,,Minkler,0,Reedley,Fresno,California,-119.467503,36.732221,Exact,,JB- Collected by CR,BGSENT,"BG-Lure, CO2 (dry ice)",2025-04-29,18,1,1,N,Fixed; Kings River mobile home area near office,Culiseta inornata,05/01/25 08:42 AM,,,1,
CNSL,303,3411104,2066,142307-804,Smith and Rainbow,Sanger,93657,"Fresno County (California, USA)",2066,142307-804,Smith and Rainbow,Sanger,93657,"Fresno County (California, USA)",,,Centerville,0,Sanger,Fresno,California,-119.502072,36.724283,Exact,,JB- Collected by CR,CO2,CO2 (dry ice),2025-04-29,18,1,1,N,Fixed; China Creek,Culex restuans,05/01/25 08:44 AM,,,1,
CNSL,303,3411104,2066,142307-804,Smith and Rainbow,Sanger,93657,"Fresno County (California, USA)",2066,142307-804,Smith and Rainbow,Sanger,93657,"Fresno County (California, USA)",,,Centerville,0,Sanger,Fresno,California,-119.502072,36.724283,Exact,,JB- Collected by CR,CO2,CO2 (dry ice),2025-04-29,18,1,1,N,Fixed; China Creek,Culex erythrothorax,05/01/25 08:44 AM,,,1,
CNSL,303,3411104,2066,142307-804,Smith and Rainbow,Sanger,93657,"Fresno County (California, USA)",2066,142307-804,Smith and Rainbow,Sanger,93657,"Fresno County (California, USA)",,,Centerville,0,Sanger,Fresno,California,-119.502072,36.724283,Exact,,JB- Collected by CR,CO2,CO2 (dry ice),2025-04-29,18,1,1,N,Fixed; China Creek,Anopheles freeborni,05/01/25 08:44 AM,,,8,
CNSL,303,3411104,2066,142307-804,Smith and Rainbow,Sanger,93657,"Fresno County (California, USA)",2066,142307-804,Smith and Rainbow,Sanger,93657,"Fresno County (California, USA)",,,Centerville,0,Sanger,Fresno,California,-119.502072,36.724283,Exact,,JB- Collected by CR,CO2,CO2 (dry ice),2025-04-29,18,1,1,N,Fixed; China Creek,Aedes sierrensis,05/01/25 08:44 AM,,1,,
CNSL,303,3411104,2066,142307-804,Smith and Rainbow,Sanger,93657,"Fresno County (California, USA)",2066,142307-804,Smith and Rainbow,Sanger,93657,"Fresno County (California, USA)",,,Centerville,0,Sanger,Fresno,California,-119.502072,36.724283,Exact,,JB- Collected by CR,CO2,CO2 (dry ice),2025-04-29,18,1,1,N,Fixed; China Creek,Aedes melanimon,05/01/25 08:44 AM,,,3,
CNSL,303,3411104,2066,142307-804,Smith and Rainbow,Sanger,93657,"Fresno County (California, USA)",2066,142307-804,Smith and Rainbow,Sanger,93657,"Fresno County (California, USA)",,,Centerville,0,Sanger,Fresno,California,-119.502072,36.724283,Exact,,JB- Collected by CR,CO2,CO2 (dry ice),2025-04-29,18,1,1,N,Fixed; China Creek,Culiseta particeps,05/01/25 08:44 AM,,,23,
CNSL,304,3411105,2138,142303-808,Across from 93 Trout Lake Drive,Sanger,93657,"Fresno County (California, USA)",2138,142303-808,Across from 93 Trout Lake Drive,Sanger,93657,"Fresno County (California, USA)",,,Minkler,0,Reedley,Fresno,California,-119.465639,36.736111,Exact,,KR- Collected by CR,CO2,CO2 (dry ice),2025-04-29,18,1,1,N,"Fixed; Wildwood, W side of Lake",Culiseta particeps,05/01/25 08:45 AM,,,3,
CNSL,304,3411105,2138,142303-808,Across from 93 Trout Lake Drive,Sanger,93657,"Fresno County (California, USA)",2138,142303-808,Across from 93 Trout Lake Drive,Sanger,93657,"Fresno County (California, USA)",,,Minkler,0,Reedley,Fresno,California,-119.465639,36.736111,Exact,,KR- Collected by CR,CO2,CO2 (dry ice),2025-04-29,18,1,1,N,"Fixed; Wildwood, W side of Lake",Culex tarsalis,05/01/25 08:45 AM,,,1,
CNSL,304,3411105,2138,142303-808,Across from 93 Trout Lake Drive,Sanger,93657,"Fresno County (California, USA)",2138,142303-808,Across from 93 Trout Lake Drive,Sanger,93657,"Fresno County (California, USA)",,,Minkler,0,Reedley,Fresno,California,-119.465639,36.736111,Exact,,KR- Collected by CR,CO2,CO2 (dry ice),2025-04-29,18,1,1,N,"Fixed; Wildwood, W side of Lake",Aedes aegypti,05/01/25 08:45 AM,,,1,
CNSL,304,3411105,2138,142303-808,Across from 93 Trout Lake Drive,Sanger,93657,"Fresno County (California, USA)",2138,142303-808,Across from 93 Trout Lake Drive,Sanger,93657,"Fresno County (California, USA)",,,Minkler,0,Reedley,Fresno,California,-119.465639,36.736111,Exact,,KR- Collected by CR,CO2,CO2 (dry ice),2025-04-29,18,1,1,N,"Fixed; Wildwood, W side of Lake",Anopheles punctipennis,05/01/25 08:45 AM,,,1,
CNSL,304,3411105,2138,142303-808,Across from 93 Trout Lake Drive,Sanger,93657,"Fresno County (California, USA)",2138,142303-808,Across from 93 Trout Lake Drive,Sanger,93657,"Fresno County (California, USA)",,,Minkler,0,Reedley,Fresno,California,-119.465639,36.736111,Exact,,KR- Collected by CR,CO2,CO2 (dry ice),2025-04-29,18,1,1,N,"Fixed; Wildwood, W side of Lake",Anopheles freeborni,05/01/25 08:45 AM,,,1,
CNSL,305,3411106,2277,142320-803,Annadale and Riverbend,Sanger,93657,"Fresno County (California, USA)",2277,142320-803,Annadale and Riverbend,Sanger,93657,"Fresno County (California, USA)",,,Centerville,759.474272,Reedley,Fresno,California,-119.502003,36.698804,Exact,,KR- Collected by CR,CO2,CO2 (dry ice),2025-04-29,18,1,1,N,"Fixed; Annadale curve on S side, pistachio",Culex tarsalis,05/01/25 08:46 AM,,,1,
CNSL,305,3411106,2277,142320-803,Annadale and Riverbend,Sanger,93657,"Fresno County (California, USA)",2277,142320-803,Annadale and Riverbend,Sanger,93657,"Fresno County (California, USA)",,,Centerville,759.474272,Reedley,Fresno,California,-119.502003,36.698804,Exact,,KR- Collected by CR,CO2,CO2 (dry ice),2025-04-29,18,1,1,N,"Fixed; Annadale curve on S side, pistachio",Anopheles freeborni,05/01/25 08:46 AM,,,1,
CNSL,306,3411107,2517,142225-805,13942 North Ave,Sanger,93657,"Fresno County (California, USA)",2517,142225-805,13942 North Ave,Sanger,93657,"Fresno County (California, USA)",,,Sanger,0,Sanger,Fresno,California,-119.537191,36.691795,Exact,,KR- Collected by CR,CO2,CO2 (dry ice),2025-04-29,18,1,1,N,"Fixed; E of North and Newmark, orange orchard",Culex tarsalis,05/01/25 08:48 AM,,,1,
CNSL,306,3411107,2517,142225-805,13942 North Ave,Sanger,93657,"Fresno County (California, USA)",2517,142225-805,13942 North Ave,Sanger,93657,"Fresno County (California, USA)",,,Sanger,0,Sanger,Fresno,California,-119.537191,36.691795,Exact,,KR- Collected by CR,CO2,CO2 (dry ice),2025-04-29,18,1,1,N,"Fixed; E of North and Newmark, orange orchard",Culex stigmatosoma,05/01/25 08:48 AM,,,1,
CNSL,306,3411107,2517,142225-805,13942 North Ave,Sanger,93657,"Fresno County (California, USA)",2517,142225-805,13942 North Ave,Sanger,93657,"Fresno County (California, USA)",,,Sanger,0,Sanger,Fresno,California,-119.537191,36.691795,Exact,,KR- Collected by CR,CO2,CO2 (dry ice),2025-04-29,18,1,1,N,"Fixed; E of North and Newmark, orange orchard",Culex quinquefasciatus,05/01/25 08:48 AM,,,14,
CNSL,307,3411108,2437,142224-811,14775 E. Annadale Avenue,Sanger,93657,"Fresno County (California, USA)",2437,142224-811,14775 E. Annadale Avenue,Sanger,93657,"Fresno County (California, USA)",,,Centerville,1016.262903,Sanger,Fresno,California,-119.523555,36.698834,Exact,,KR- Collected by CR,CO2,CO2 (dry ice),2025-04-29,18,1,1,N,"Fixed; SW corner of Annadale and Channel, slough on W side of road",Anopheles freeborni,05/01/25 08:49 AM,,,4,
CNSL,308,3411109,2279,142316-802,Annadale and MacDonough,Sanger,93657,"Fresno County (California, USA)",2279,142316-802,Annadale and MacDonough,Sanger,93657,"Fresno County (California, USA)",,,Minkler,0,Reedley,Fresno,California,-119.472017,36.706173,Exact,,KR- Collected by CR,CO2,CO2 (dry ice),2025-04-29,18,1,1,N,"Fixed; Annadale & MacDonough, citrus orchard, E of Byrd Slough",Anopheles freeborni,05/01/25 08:51 AM,,,2,
CNSL,308,3411109,2279,142316-802,Annadale and MacDonough,Sanger,93657,"Fresno County (California, USA)",2279,142316-802,Annadale and MacDonough,Sanger,93657,"Fresno County (California, USA)",,,Minkler,0,Reedley,Fresno,California,-119.472017,36.706173,Exact,,KR- Collected by CR,CO2,CO2 (dry ice),2025-04-29,18,1,1,N,"Fixed; Annadale & MacDonough, citrus orchard, E of Byrd Slough",Culex stigmatosoma,05/01/25 08:51 AM,,,1,
CNSL,308,3411109,2279,142316-802,Annadale and MacDonough,Sanger,93657,"Fresno County (California, USA)",2279,142316-802,Annadale and MacDonough,Sanger,93657,"Fresno County (California, USA)",,,Minkler,0,Reedley,Fresno,California,-119.472017,36.706173,Exact,,KR- Collected by CR,CO2,CO2 (dry ice),2025-04-29,18,1,1,N,"Fixed; Annadale & MacDonough, citrus orchard, E of Byrd Slough",Aedes sierrensis,05/01/25 08:51 AM,,,1,
CNSL,308,3411109,2279,142316-802,Annadale and MacDonough,Sanger,93657,"Fresno County (California, USA)",2279,142316-802,Annadale and MacDonough,Sanger,93657,"Fresno County (California, USA)",,,Minkler,0,Reedley,Fresno,California,-119.472017,36.706173,Exact,,KR- Collected by CR,CO2,CO2 (dry ice),2025-04-29,18,1,1,N,"Fixed; Annadale & MacDonough, citrus orchard, E of Byrd Slough",Aedes vexans,05/01/25 08:51 AM,,,1,
CNSL,309,3411110,3051,142302-805,Frankwood and Belmont Avenue,Sanger,93657,"Fresno County (California, USA)",3051,142302-805,Frankwood and Belmont Avenue,Sanger,93657,"Fresno County (California, USA)",,,Minkler,0,Reedley,Fresno,California,-119.446139,36.743444,Exact,,KR- Collected by CR,CO2,CO2 (dry ice),2025-04-29,18,1,1,N,Fixed; Frankwood Ave NE of Sherwood Golf Club by mobile home park,Aedes sierrensis,05/01/25 08:52 AM,,1,,
CNSL,309,3411110,3051,142302-805,Frankwood and Belmont Avenue,Sanger,93657,"Fresno County (California, USA)",3051,142302-805,Frankwood and Belmont Avenue,Sanger,93657,"Fresno County (California, USA)",,,Minkler,0,Reedley,Fresno,California,-119.446139,36.743444,Exact,,KR- Collected by CR,CO2,CO2 (dry ice),2025-04-29,18,1,1,N,Fixed; Frankwood Ave NE of Sherwood Golf Club by mobile home park,Anopheles freeborni,05/01/25 08:52 AM,,,1,
CNSL,309,3411110,3051,142302-805,Frankwood and Belmont Avenue,Sanger,93657,"Fresno County (California, USA)",3051,142302-805,Frankwood and Belmont Avenue,Sanger,93657,"Fresno County (California, USA)",,,Minkler,0,Reedley,Fresno,California,-119.446139,36.743444,Exact,,KR- Collected by CR,CO2,CO2 (dry ice),2025-04-29,18,1,1,N,Fixed; Frankwood Ave NE of Sherwood Golf Club by mobile home park,Anopheles punctipennis,05/01/25 08:52 AM,,,1,
CNSL,310,3411111,8223,122026-813,8215 N Yorktown Dr,Fresno,93420,"Fresno County (California, USA)",8223,122026-813,8215 N Yorktown Dr,Fresno,93420,"Fresno County (California, USA)",,,Fresno,0,Fresno,Fresno,California,-119.762797,36.85529,Exact,,JB- Collected by CR,GRVD,Infusion (fresh grass or other freshly picked organic material),2025-04-30,18,1,1,N,Fixed; 8215 N Yorktown,Culex quinquefasciatus,05/01/25 08:55 AM,,3,,47
CNSL,311,3411112,8216,122013-809,10309 N Willow Ave,Fresno,93720,"Fresno County (California, USA)",8216,122013-809,10309 N Willow Ave,Fresno,93720,"Fresno County (California, USA)",,,Fresno,0,Fresno,Fresno,California,-119.730662,36.886501,Exact,,JB- Collected by CR,GRVD,Infusion (fresh grass or other freshly picked organic material),2025-04-30,18,1,1,N,Fixed; Clovis Community College,Culex quinquefasciatus,05/01/25 08:57 AM,,,,15
CNSL,311,3411112,8216,122013-809,10309 N Willow Ave,Fresno,93720,"Fresno County (California, USA)",8216,122013-809,10309 N Willow Ave,Fresno,93720,"Fresno County (California, USA)",,,Fresno,0,Fresno,Fresno,California,-119.730662,36.886501,Exact,,JB- Collected by CR,GRVD,Infusion (fresh grass or other freshly picked organic material),2025-04-30,18,1,1,N,Fixed; Clovis Community College,Culex stigmatosoma,05/01/25 08:57 AM,,,,3
CNSL,312,3411113,2635,112107-819,3950 Marcus Ave,Friant,93626,"Fresno County (California, USA)",2635,112107-819,3950 Marcus Ave,Friant,93626,"Fresno County (California, USA)",,,Friant,0,Fresno,Fresno,California,-119.711428,36.985059,Exact,,JB- Collected by CR,GRVD,Infusion (fresh grass or other freshly picked organic material),2025-04-30,18,1,1,N,Fixed; 3950 Marcus,Culex quinquefasciatus,05/01/25 08:57 AM,,1,,9
CNSL,312,3411113,2635,112107-819,3950 Marcus Ave,Friant,93626,"Fresno County (California, USA)",2635,112107-819,3950 Marcus Ave,Friant,93626,"Fresno County (California, USA)",,,Friant,0,Fresno,Fresno,California,-119.711428,36.985059,Exact,,JB- Collected by CR,GRVD,Infusion (fresh grass or other freshly picked organic material),2025-04-30,18,1,1,N,Fixed; 3950 Marcus,Culex stigmatosoma,05/01/25 08:57 AM,,,,2
CNSL,313,3411114,1119,122022-803,Friant and Audubon,Fresno,93720,"Fresno County (California, USA)",1119,122022-803,Friant and Audubon,Fresno,93720,"Fresno County (California, USA)",,,Fresno,0,Fresno,Fresno,California,-119.782428,36.868803,Exact,,JB- Collected by CR,GRVD,Infusion (fresh grass or other freshly picked organic material),2025-04-30,18,1,1,N,"Fixed; WWP, down hill in shrubs",Culex quinquefasciatus,05/01/25 08:59 AM,,,,12
CNSL,313,3411114,1119,122022-803,Friant and Audubon,Fresno,93720,"Fresno County (California, USA)",1119,122022-803,Friant and Audubon,Fresno,93720,"Fresno County (California, USA)",,,Fresno,0,Fresno,Fresno,California,-119.782428,36.868803,Exact,,JB- Collected by CR,GRVD,Infusion (fresh grass or other freshly picked organic material),2025-04-30,18,1,1,N,"Fixed; WWP, down hill in shrubs",Culex stigmatosoma,05/01/25 08:59 AM,,,,1
CNSL,314,3411115,1600,112107-812,Country Side and Parker,Friant,93611,"Fresno County (California, USA)",1600,112107-812,Country Side and Parker,Friant,93611,"Fresno County (California, USA)",,,Friant,0,Fresno,Fresno,California,-119.713984,36.982524,Exact,,JB- Collected by CR,GRVD,Infusion (fresh grass or other freshly picked organic material),2025-04-30,18,1,1,N,"Fixed; Friant, bt houses and treatment ponds",Culex quinquefasciatus,05/01/25 09:01 AM,,10,,13
CNSL,314,3411115,1600,112107-812,Country Side and Parker,Friant,93611,"Fresno County (California, USA)",1600,112107-812,Country Side and Parker,Friant,93611,"Fresno County (California, USA)",,,Friant,0,Fresno,Fresno,California,-119.713984,36.982524,Exact,,JB- Collected by CR,GRVD,Infusion (fresh grass or other freshly picked organic material),2025-04-30,18,1,1,N,"Fixed; Friant, bt houses and treatment ponds",Culex stigmatosoma,05/01/25 09:01 AM,,,,1
CNSL,314,3411115,1600,112107-812,Country Side and Parker,Friant,93611,"Fresno County (California, USA)",1600,112107-812,Country Side and Parker,Friant,93611,"Fresno County (California, USA)",,,Friant,0,Fresno,Fresno,California,-119.713984,36.982524,Exact,,JB- Collected by CR,GRVD,Infusion (fresh grass or other freshly picked organic material),2025-04-30,18,1,1,N,"Fixed; Friant, bt houses and treatment ponds",Culiseta particeps,05/01/25 09:01 AM,,,,1
CNSL,315,3411116,1325,112107-810,Flemming Road & Brook Trout Drive,Friant,93626,"Fresno County (California, USA)",1325,112107-810,Flemming Road & Brook Trout Drive,Friant,93626,"Fresno County (California, USA)",,,Friant,0,Fresno,Fresno,California,-119.715028,36.988917,Exact,,JB- Collected by CR,GRVD,Infusion (fresh grass or other freshly picked organic material),2025-04-30,18,1,1,N,Fixed; Friant Fish Hatchery,Culex quinquefasciatus,05/01/25 09:02 AM,,,,1
CNSL,315,3411116,1325,112107-810,Flemming Road & Brook Trout Drive,Friant,93626,"Fresno County (California, USA)",1325,112107-810,Flemming Road & Brook Trout Drive,Friant,93626,"Fresno County (California, USA)",,,Friant,0,Fresno,Fresno,California,-119.715028,36.988917,Exact,,JB- Collected by CR,GRVD,Infusion (fresh grass or other freshly picked organic material),2025-04-30,18,1,1,N,Fixed; Friant Fish Hatchery,Culex tarsalis,05/01/25 09:02 AM,,,,4
CNSL,316,3411117,8223,122026-813,8215 N Yorktown Dr,Fresno,93420,"Fresno County (California, USA)",8223,122026-813,8215 N Yorktown Dr,Fresno,93420,"Fresno County (California, USA)",,,Fresno,0,Fresno,Fresno,California,-119.762797,36.85529,Exact,,JB- Collected by CR,BGSENT,"BG-Lure, CO2 (dry ice)",2025-04-30,18,1,1,N,Fixed; 8215 N Yorktown,Culex quinquefasciatus,05/01/25 09:03 AM,,,4,
CNSL,316,3411117,8223,122026-813,8215 N Yorktown Dr,Fresno,93420,"Fresno County (California, USA)",8223,122026-813,8215 N Yorktown Dr,Fresno,93420,"Fresno County (California, USA)",,,Fresno,0,Fresno,Fresno,California,-119.762797,36.85529,Exact,,JB- Collected by CR,BGSENT,"BG-Lure, CO2 (dry ice)",2025-04-30,18,1,1,N,Fixed; 8215 N Yorktown,Culex tarsalis,05/01/25 09:03 AM,,,1,
CNSL,317,3411118,8216,122013-809,10309 N Willow Ave,Fresno,93720,"Fresno County (California, USA)",8216,122013-809,10309 N Willow Ave,Fresno,93720,"Fresno County (California, USA)",,,Fresno,0,Fresno,Fresno,California,-119.730662,36.886501,Exact,,JB- Collected by CR,BGSENT,"BG-Lure, CO2 (dry ice)",2025-04-30,18,1,1,N,Fixed; Clovis Community College,Culex quinquefasciatus,05/01/25 09:05 AM,,,7,
CNSL,317,3411118,8216,122013-809,10309 N Willow Ave,Fresno,93720,"Fresno County (California, USA)",8216,122013-809,10309 N Willow Ave,Fresno,93720,"Fresno County (California, USA)",,,Fresno,0,Fresno,Fresno,California,-119.730662,36.886501,Exact,,JB- Collected by CR,BGSENT,"BG-Lure, CO2 (dry ice)",2025-04-30,18,1,1,N,Fixed; Clovis Community College,Culex tarsalis,05/01/25 09:05 AM,,,3,
CNSL,317,3411118,8216,122013-809,10309 N Willow Ave,Fresno,93720,"Fresno County (California, USA)",8216,122013-809,10309 N Willow Ave,Fresno,93720,"Fresno County (California, USA)",,,Fresno,0,Fresno,Fresno,California,-119.730662,36.886501,Exact,,JB- Collected by CR,BGSENT,"BG-Lure, CO2 (dry ice)",2025-04-30,18,1,1,N,Fixed; Clovis Community College,Culex stigmatosoma,05/01/25 09:05 AM,,,2,
CNSL,318,3411119,2635,112107-819,3950 Marcus Ave,Friant,93626,"Fresno County (California, USA)",2635,112107-819,3950 Marcus Ave,Friant,93626,"Fresno County (California, USA)",,,Friant,0,Fresno,Fresno,California,-119.711428,36.985059,Exact,,JB- Collected by CR,BGSENT,"BG-Lure, CO2 (dry ice)",2025-04-30,18,1,1,N,Fixed; 3950 Marcus,Culex quinquefasciatus,05/01/25 09:05 AM,,,6,
CNSL,318,3411119,2635,112107-819,3950 Marcus Ave,Friant,93626,"Fresno County (California, USA)",2635,112107-819,3950 Marcus Ave,Friant,93626,"Fresno County (California, USA)",,,Friant,0,Fresno,Fresno,California,-119.711428,36.985059,Exact,,JB- Collected by CR,BGSENT,"BG-Lure, CO2 (dry ice)",2025-04-30,18,1,1,N,Fixed; 3950 Marcus,Culex tarsalis,05/01/25 09:05 AM,,,3,
CNSL,318,3411119,2635,112107-819,3950 Marcus Ave,Friant,93626,"Fresno County (California, USA)",2635,112107-819,3950 Marcus Ave,Friant,93626,"Fresno County (California, USA)",,,Friant,0,Fresno,Fresno,California,-119.711428,36.985059,Exact,,JB- Collected by CR,BGSENT,"BG-Lure, CO2 (dry ice)",2025-04-30,18,1,1,N,Fixed; 3950 Marcus,Culex thriambus,05/01/25 09:05 AM,,1,2,
CNSL,319,3411120,1119,122022-803,Friant and Audubon,Fresno,93720,"Fresno County (California, USA)",1119,122022-803,Friant and Audubon,Fresno,93720,"Fresno County (California, USA)",,,Fresno,0,Fresno,Fresno,California,-119.782428,36.868803,Exact,,JB- Collected by CR,CO2,CO2 (dry ice),2025-04-30,18,1,1,N,"Fixed; WWP, down hill in shrubs",Culex quinquefasciatus,05/01/25 09:06 AM,,,5,
CNSL,319,3411120,1119,122022-803,Friant and Audubon,Fresno,93720,"Fresno County (California, USA)",1119,122022-803,Friant and Audubon,Fresno,93720,"Fresno County (California, USA)",,,Fresno,0,Fresno,Fresno,California,-119.782428,36.868803,Exact,,JB- Collected by CR,CO2,CO2 (dry ice),2025-04-30,18,1,1,N,"Fixed; WWP, down hill in shrubs",Culex tarsalis,05/01/25 09:06 AM,,,2,
CNSL,319,3411120,1119,122022-803,Friant and Audubon,Fresno,93720,"Fresno County (California, USA)",1119,122022-803,Friant and Audubon,Fresno,93720,"Fresno County (California, USA)",,,Fresno,0,Fresno,Fresno,California,-119.782428,36.868803,Exact,,JB- Collected by CR,CO2,CO2 (dry ice),2025-04-30,18,1,1,N,"Fixed; WWP, down hill in shrubs",Anopheles freeborni,05/01/25 09:06 AM,,,1,
CNSL,320,3411122,1600,112107-812,Country Side and Parker,Friant,93611,"Fresno County (California, USA)",1600,112107-812,Country Side and Parker,Friant,93611,"Fresno County (California, USA)",,,Friant,0,Fresno,Fresno,California,-119.713984,36.982524,Exact,,JB- Collected by CR,CO2,CO2 (dry ice),2025-04-30,18,1,1,N,"Fixed; Friant, bt houses and treatment ponds",Culex quinquefasciatus,05/01/25 09:09 AM,,,11,
CNSL,320,3411122,1600,112107-812,Country Side and Parker,Friant,93611,"Fresno County (California, USA)",1600,112107-812,Country Side and Parker,Friant,93611,"Fresno County (California, USA)",,,Friant,0,Fresno,Fresno,California,-119.713984,36.982524,Exact,,JB- Collected by CR,CO2,CO2 (dry ice),2025-04-30,18,1,1,N,"Fixed; Friant, bt houses and treatment ponds",Culex stigmatosoma,05/01/25 09:09 AM,,,2,
CNSL,320,3411122,1600,112107-812,Country Side and Parker,Friant,93611,"Fresno County (California, USA)",1600,112107-812,Country Side and Parker,Friant,93611,"Fresno County (California, USA)",,,Friant,0,Fresno,Fresno,California,-119.713984,36.982524,Exact,,JB- Collected by CR,CO2,CO2 (dry ice),2025-04-30,18,1,1,N,"Fixed; Friant, bt houses and treatment ponds",Culex tarsalis,05/01/25 09:09 AM,,,7,
CNSL,320,3411122,1600,112107-812,Country Side and Parker,Friant,93611,"Fresno County (California, USA)",1600,112107-812,Country Side and Parker,Friant,93611,"Fresno County (California, USA)",,,Friant,0,Fresno,Fresno,California,-119.713984,36.982524,Exact,,JB- Collected by CR,CO2,CO2 (dry ice),2025-04-30,18,1,1,N,"Fixed; Friant, bt houses and treatment ponds",Anopheles freeborni,05/01/25 09:09 AM,,,1,
CNSL,321,3411124,1325,112107-810,Flemming Road & Brook Trout Drive,Friant,93626,"Fresno County (California, USA)",1325,112107-810,Flemming Road & Brook Trout Drive,Friant,93626,"Fresno County (California, USA)",,,Friant,0,Fresno,Fresno,California,-119.715028,36.988917,Exact,,JB- Collected by CR,CO2,CO2 (dry ice),2025-04-30,18,1,1,N,Fixed; Friant Fish Hatchery,Culex tarsalis,05/01/25 09:10 AM,,,1,
CNSL,321,3411124,1325,112107-810,Flemming Road & Brook Trout Drive,Friant,93626,"Fresno County (California, USA)",1325,112107-810,Flemming Road & Brook Trout Drive,Friant,93626,"Fresno County (California, USA)",,,Friant,0,Fresno,Fresno,California,-119.715028,36.988917,Exact,,JB- Collected by CR,CO2,CO2 (dry ice),2025-04-30,18,1,1,N,Fixed; Friant Fish Hatchery,Anopheles freeborni,05/01/25 09:10 AM,,,4,
CNSL,322,3411201,9138,122125-804,3856 Heritage Ln,Clovis,93619,"Fresno County (California, USA)",9138,122125-804,3856 Heritage Ln,Clovis,93619,"Fresno County (California, USA)",,,Clovis,0,Fresno,Fresno,California,-119.637807,36.8599,Approximate,,JB- Collected by MT,GRVD,Infusion (fresh grass or other freshly picked organic material),2025-04-30,18,1,1,N,2025 HR; 3961 Richmond,Culex quinquefasciatus,05/01/25 09:44 AM,,2,,7
CNSL,322,3411201,9138,122125-804,3856 Heritage Ln,Clovis,93619,"Fresno County (California, USA)",9138,122125-804,3856 Heritage Ln,Clovis,93619,"Fresno County (California, USA)",,,Clovis,0,Fresno,Fresno,California,-119.637807,36.8599,Approximate,,JB- Collected by MT,GRVD,Infusion (fresh grass or other freshly picked organic material),2025-04-30,18,1,1,N,2025 HR; 3961 Richmond,Culex stigmatosoma,05/01/25 09:44 AM,,,,1
CNSL,323,3411203,9177,122125-802,4267 Serena Ln,Clovis,93619,"Fresno County (California, USA)",9177,122125-802,4267 Serena Ln,Clovis,93619,"Fresno County (California, USA)",,,Clovis,0,Fresno,Fresno,California,-119.630828,36.865578,Approximate,,JB- Collected by MT,GRVD,Infusion (fresh grass or other freshly picked organic material),2025-04-30,18,1,1,N,2025 HR; 4279 Serena,Culex quinquefasciatus,05/01/25 09:45 AM,,,,2
CNSL,323,3411203,9177,122125-802,4267 Serena Ln,Clovis,93619,"Fresno County (California, USA)",9177,122125-802,4267 Serena Ln,Clovis,93619,"Fresno County (California, USA)",,,Clovis,0,Fresno,Fresno,California,-119.630828,36.865578,Approximate,,JB- Collected by MT,GRVD,Infusion (fresh grass or other freshly picked organic material),2025-04-30,18,1,1,N,2025 HR; 4279 Serena,Culex stigmatosoma,05/01/25 09:45 AM,,,,1
CNSL,324,3411205,2725,122231-801,8049 N Thompson Ave,Clovis,93619,"Fresno County (California, USA)",2725,122231-801,8049 N Thompson Ave,Clovis,93619,"Fresno County (California, USA)",,,Clovis,1387.740193,Sanger,Fresno,California,-119.620125,36.851679,Exact,,JB- Collected by MT,GRVD,Infusion (fresh grass or other freshly picked organic material),2025-04-30,18,1,1,N,"2025 HR; Nees and Thompson, pistachio orchard, A",Culex quinquefasciatus,05/01/25 09:57 AM,,,,8
CNSL,324,3411205,2725,122231-801,8049 N Thompson Ave,Clovis,93619,"Fresno County (California, USA)",2725,122231-801,8049 N Thompson Ave,Clovis,93619,"Fresno County (California, USA)",,,Clovis,1387.740193,Sanger,Fresno,California,-119.620125,36.851679,Exact,,JB- Collected by MT,GRVD,Infusion (fresh grass or other freshly picked organic material),2025-04-30,18,1,1,N,"2025 HR; Nees and Thompson, pistachio orchard, A",Culex stigmatosoma,05/01/25 09:57 AM,,,,7
CNSL,325,3411209,2726,122231-802,Nees and Thompson,Clovis,93619,"Fresno County (California, USA)",2726,122231-802,Nees and Thompson,Clovis,93619,"Fresno County (California, USA)",,,Clovis,1889.962526,Sanger,Fresno,California,-119.619405,36.846566,Exact,,JB- Collected by MT,GRVD,Infusion (fresh grass or other freshly picked organic material),2025-04-30,18,1,1,N,"2025 HR; Alluvial and Thompson, almond orchard, B",Culex quinquefasciatus,05/01/25 09:59 AM,,,,8
CNSL,325,3411209,2726,122231-802,Nees and Thompson,Clovis,93619,"Fresno County (California, USA)",2726,122231-802,Nees and Thompson,Clovis,93619,"Fresno County (California, USA)",,,Clovis,1889.962526,Sanger,Fresno,California,-119.619405,36.846566,Exact,,JB- Collected by MT,GRVD,Infusion (fresh grass or other freshly picked organic material),2025-04-30,18,1,1,N,"2025 HR; Alluvial and Thompson, almond orchard, B",Culex stigmatosoma,05/01/25 09:59 AM,,3,,5
CNSL,325,3411209,2726,122231-802,Nees and Thompson,Clovis,93619,"Fresno County (California, USA)",2726,122231-802,Nees and Thompson,Clovis,93619,"Fresno County (California, USA)",,,Clovis,1889.962526,Sanger,Fresno,California,-119.619405,36.846566,Exact,,JB- Collected by MT,GRVD,Infusion (fresh grass or other freshly picked organic material),2025-04-30,18,1,1,N,"2025 HR; Alluvial and Thompson, almond orchard, B",Culex tarsalis,05/01/25 09:59 AM,,,,1
CNSL,325,3411209,2726,122231-802,Nees and Thompson,Clovis,93619,"Fresno County (California, USA)",2726,122231-802,Nees and Thompson,Clovis,93619,"Fresno County (California, USA)",,,Clovis,1889.962526,Sanger,Fresno,California,-119.619405,36.846566,Exact,,JB- Collected by MT,GRVD,Infusion (fresh grass or other freshly picked organic material),2025-04-30,18,1,1,N,"2025 HR; Alluvial and Thompson, almond orchard, B",Culex thriambus,05/01/25 09:59 AM,,1,,3
CNSL,326,3411214,2727,122230-801,Cole and Thompson,Clovis,93619,"Fresno County (California, USA)",2727,122230-801,Cole and Thompson,Clovis,93619,"Fresno County (California, USA)",,,Clovis,745.8662842,Sanger,Fresno,California,-119.616134,36.864461,Exact,,JB- Collected by MT,GRVD,Infusion (fresh grass or other freshly picked organic material),2025-04-30,18,1,1,N,"2025 HR; Cole and Thompson, olive orchard, A",Culex quinquefasciatus,05/01/25 10:02 AM,,,,2
CNSL,326,3411214,2727,122230-801,Cole and Thompson,Clovis,93619,"Fresno County (California, USA)",2727,122230-801,Cole and Thompson,Clovis,93619,"Fresno County (California, USA)",,,Clovis,745.8662842,Sanger,Fresno,California,-119.616134,36.864461,Exact,,JB- Collected by MT,GRVD,Infusion (fresh grass or other freshly picked organic material),2025-04-30,18,1,1,N,"2025 HR; Cole and Thompson, olive orchard, A",Culex tarsalis,05/01/25 10:02 AM,,,,1
CNSL,327,3411215,2728,122230-802,Nees and Thompson,Clovis,93619,"Fresno County (California, USA)",2728,122230-802,Nees and Thompson,Clovis,93619,"Fresno County (California, USA)",,,Clovis,960.1603665,Sanger,Fresno,California,-119.616282,36.859409,Exact,,JB- Collected by MT,GRVD,Infusion (fresh grass or other freshly picked organic material),2025-04-30,18,1,1,N,"2025 HR; Cole and Thompson, Olive orchard, B",Culex quinquefasciatus,05/01/25 10:03 AM,,,,3
CNSL,327,3411215,2728,122230-802,Nees and Thompson,Clovis,93619,"Fresno County (California, USA)",2728,122230-802,Nees and Thompson,Clovis,93619,"Fresno County (California, USA)",,,Clovis,960.1603665,Sanger,Fresno,California,-119.616282,36.859409,Exact,,JB- Collected by MT,GRVD,Infusion (fresh grass or other freshly picked organic material),2025-04-30,18,1,1,N,"2025 HR; Cole and Thompson, Olive orchard, B",Culex tarsalis,05/01/25 10:03 AM,,1,,
CNSL,327,3411215,2728,122230-802,Nees and Thompson,Clovis,93619,"Fresno County (California, USA)",2728,122230-802,Nees and Thompson,Clovis,93619,"Fresno County (California, USA)",,,Clovis,960.1603665,Sanger,Fresno,California,-119.616282,36.859409,Exact,,JB- Collected by MT,GRVD,Infusion (fresh grass or other freshly picked organic material),2025-04-30,18,1,1,N,"2025 HR; Cole and Thompson, Olive orchard, B",Culex thriambus,05/01/25 10:03 AM,,,,1
CNSL,327,3411215,2728,122230-802,Nees and Thompson,Clovis,93619,"Fresno County (California, USA)",2728,122230-802,Nees and Thompson,Clovis,93619,"Fresno County (California, USA)",,,Clovis,960.1603665,Sanger,Fresno,California,-119.616282,36.859409,Exact,,JB- Collected by MT,GRVD,Infusion (fresh grass or other freshly picked organic material),2025-04-30,18,1,1,N,"2025 HR; Cole and Thompson, Olive orchard, B",Culiseta inornata,05/01/25 10:03 AM,,,,1
CNSL,328,3411216,2729,122230-803,Nees and Thompson Ave,Clovis,93619,"Fresno County (California, USA)",2729,122230-803,Nees and Thompson Ave,Clovis,93619,"Fresno County (California, USA)",,,Clovis,1637.078701,Sanger,Fresno,California,-119.614204,36.852612,Exact,,JB- Collected by MT,GRVD,Infusion (fresh grass or other freshly picked organic material),2025-04-30,18,1,1,N,"2025 HR; Nees and Thompson, Pistachio orchard, C",Culex quinquefasciatus,05/01/25 10:04 AM,,,,1
CNSL,328,3411216,2729,122230-803,Nees and Thompson Ave,Clovis,93619,"Fresno County (California, USA)",2729,122230-803,Nees and Thompson Ave,Clovis,93619,"Fresno County (California, USA)",,,Clovis,1637.078701,Sanger,Fresno,California,-119.614204,36.852612,Exact,,JB- Collected by MT,GRVD,Infusion (fresh grass or other freshly picked organic material),2025-04-30,18,1,1,N,"2025 HR; Nees and Thompson, Pistachio orchard, C",Culex stigmatosoma,05/01/25 10:04 AM,,,,3
CNSL,329,3411219,9138,122125-804,3856 Heritage Ln,Clovis,93619,"Fresno County (California, USA)",9138,122125-804,3856 Heritage Ln,Clovis,93619,"Fresno County (California, USA)",,,Clovis,0,Fresno,Fresno,California,-119.637807,36.8599,Approximate,,JB- Collected by MT,BGSENT,"BG-Lure, CO2 (dry ice)",2025-04-30,18,1,1,N,2025 HR; 3961 Richmond,Culex quinquefasciatus,05/01/25 10:05 AM,,,1,
CNSL,329,3411219,9138,122125-804,3856 Heritage Ln,Clovis,93619,"Fresno County (California, USA)",9138,122125-804,3856 Heritage Ln,Clovis,93619,"Fresno County (California, USA)",,,Clovis,0,Fresno,Fresno,California,-119.637807,36.8599,Approximate,,JB- Collected by MT,BGSENT,"BG-Lure, CO2 (dry ice)",2025-04-30,18,1,1,N,2025 HR; 3961 Richmond,Culex stigmatosoma,05/01/25 10:05 AM,,,1,
CNSL,329,3411219,9138,122125-804,3856 Heritage Ln,Clovis,93619,"Fresno County (California, USA)",9138,122125-804,3856 Heritage Ln,Clovis,93619,"Fresno County (California, USA)",,,Clovis,0,Fresno,Fresno,California,-119.637807,36.8599,Approximate,,JB- Collected by MT,BGSENT,"BG-Lure, CO2 (dry ice)",2025-04-30,18,1,1,N,2025 HR; 3961 Richmond,Culex tarsalis,05/01/25 10:05 AM,,,11,
CNSL,329,3411219,9138,122125-804,3856 Heritage Ln,Clovis,93619,"Fresno County (California, USA)",9138,122125-804,3856 Heritage Ln,Clovis,93619,"Fresno County (California, USA)",,,Clovis,0,Fresno,Fresno,California,-119.637807,36.8599,Approximate,,JB- Collected by MT,BGSENT,"BG-Lure, CO2 (dry ice)",2025-04-30,18,1,1,N,2025 HR; 3961 Richmond,Aedes aegypti,05/01/25 10:05 AM,,,1,
CNSL,330,3411225,9177,122125-802,4267 Serena Ln,Clovis,93619,"Fresno County (California, USA)",9177,122125-802,4267 Serena Ln,Clovis,93619,"Fresno County (California, USA)",,,Clovis,0,Fresno,Fresno,California,-119.630828,36.865578,Approximate,,JB- Collected by MT,BGSENT,"BG-Lure, CO2 (dry ice)",2025-04-30,18,1,1,N,2025 HR; 4279 Serena,Culex quinquefasciatus,05/01/25 10:07 AM,,,1,
CNSL,330,3411225,9177,122125-802,4267 Serena Ln,Clovis,93619,"Fresno County (California, USA)",9177,122125-802,4267 Serena Ln,Clovis,93619,"Fresno County (California, USA)",,,Clovis,0,Fresno,Fresno,California,-119.630828,36.865578,Approximate,,JB- Collected by MT,BGSENT,"BG-Lure, CO2 (dry ice)",2025-04-30,18,1,1,N,2025 HR; 4279 Serena,Culex tarsalis,05/01/25 10:07 AM,,,10,
CNSL,330,3411225,9177,122125-802,4267 Serena Ln,Clovis,93619,"Fresno County (California, USA)",9177,122125-802,4267 Serena Ln,Clovis,93619,"Fresno County (California, USA)",,,Clovis,0,Fresno,Fresno,California,-119.630828,36.865578,Approximate,,JB- Collected by MT,BGSENT,"BG-Lure, CO2 (dry ice)",2025-04-30,18,1,1,N,2025 HR; 4279 Serena,Culex stigmatosoma,05/01/25 10:07 AM,,,2,
CNSL,331,3411226,2725,122231-801,8049 N Thompson Ave,Clovis,93619,"Fresno County (California, USA)",2725,122231-801,8049 N Thompson Ave,Clovis,93619,"Fresno County (California, USA)",,,Clovis,1387.740193,Sanger,Fresno,California,-119.620125,36.851679,Exact,,JB- Collected by MT,CO2,CO2 (dry ice),2025-04-30,18,1,1,N,"2025 HR; Nees and Thompson, pistachio orch, A",Culex quinquefasciatus,05/01/25 10:08 AM,,,6,
CNSL,331,3411226,2725,122231-801,8049 N Thompson Ave,Clovis,93619,"Fresno County (California, USA)",2725,122231-801,8049 N Thompson Ave,Clovis,93619,"Fresno County (California, USA)",,,Clovis,1387.740193,Sanger,Fresno,California,-119.620125,36.851679,Exact,,JB- Collected by MT,CO2,CO2 (dry ice),2025-04-30,18,1,1,N,"2025 HR; Nees and Thompson, pistachio orch, A",Culex stigmatosoma,05/01/25 10:08 AM,,,9,
CNSL,331,3411226,2725,122231-801,8049 N Thompson Ave,Clovis,93619,"Fresno County (California, USA)",2725,122231-801,8049 N Thompson Ave,Clovis,93619,"Fresno County (California, USA)",,,Clovis,1387.740193,Sanger,Fresno,California,-119.620125,36.851679,Exact,,JB- Collected by MT,CO2,CO2 (dry ice),2025-04-30,18,1,1,N,"2025 HR; Nees and Thompson, pistachio orch, A",Culex tarsalis,05/01/25 10:08 AM,,,11,
CNSL,331,3411226,2725,122231-801,8049 N Thompson Ave,Clovis,93619,"Fresno County (California, USA)",2725,122231-801,8049 N Thompson Ave,Clovis,93619,"Fresno County (California, USA)",,,Clovis,1387.740193,Sanger,Fresno,California,-119.620125,36.851679,Exact,,JB- Collected by MT,CO2,CO2 (dry ice),2025-04-30,18,1,1,N,"2025 HR; Nees and Thompson, pistachio orch, A",Anopheles freeborni,05/01/25 10:08 AM,,,2,
CNSL,331,3411226,2725,122231-801,8049 N Thompson Ave,Clovis,93619,"Fresno County (California, USA)",2725,122231-801,8049 N Thompson Ave,Clovis,93619,"Fresno County (California, USA)",,,Clovis,1387.740193,Sanger,Fresno,California,-119.620125,36.851679,Exact,,JB- Collected by MT,CO2,CO2 (dry ice),2025-04-30,18,1,1,N,"2025 HR; Nees and Thompson, pistachio orch, A",Culex thriambus,05/01/25 10:08 AM,,,2,
CNSL,332,3411227,2726,122231-802,Nees and Thompson,Clovis,93619,"Fresno County (California, USA)",2726,122231-802,Nees and Thompson,Clovis,93619,"Fresno County (California, USA)",,,Clovis,1889.962526,Sanger,Fresno,California,-119.619405,36.846566,Exact,,JB- Collected by MT,CO2,CO2 (dry ice),2025-04-30,18,1,1,N,"2025 HR; Alluvial and Thompson, almond orch, B",Culex quinquefasciatus,05/01/25 10:09 AM,,,4,
CNSL,332,3411227,2726,122231-802,Nees and Thompson,Clovis,93619,"Fresno County (California, USA)",2726,122231-802,Nees and Thompson,Clovis,93619,"Fresno County (California, USA)",,,Clovis,1889.962526,Sanger,Fresno,California,-119.619405,36.846566,Exact,,JB- Collected by MT,CO2,CO2 (dry ice),2025-04-30,18,1,1,N,"2025 HR; Alluvial and Thompson, almond orch, B",Culex tarsalis,05/01/25 10:09 AM,,,16,
CNSL,333,3411229,2727,122230-801,Cole and Thompson,Clovis,93619,"Fresno County (California, USA)",2727,122230-801,Cole and Thompson,Clovis,93619,"Fresno County (California, USA)",,,Clovis,745.8662842,Sanger,Fresno,California,-119.616134,36.864461,Exact,,JB- Collected by MT,CO2,CO2 (dry ice),2025-04-30,18,1,1,N,"2025 HR; Cole and Thompson, olive orchard, A",Culex quinquefasciatus,05/01/25 10:10 AM,,,5,
CNSL,333,3411229,2727,122230-801,Cole and Thompson,Clovis,93619,"Fresno County (California, USA)",2727,122230-801,Cole and Thompson,Clovis,93619,"Fresno County (California, USA)",,,Clovis,745.8662842,Sanger,Fresno,California,-119.616134,36.864461,Exact,,JB- Collected by MT,CO2,CO2 (dry ice),2025-04-30,18,1,1,N,"2025 HR; Cole and Thompson, olive orchard, A",Culex tarsalis,05/01/25 10:10 AM,,,176,
CNSL,333,3411229,2727,122230-801,Cole and Thompson,Clovis,93619,"Fresno County (California, USA)",2727,122230-801,Cole and Thompson,Clovis,93619,"Fresno County (California, USA)",,,Clovis,745.8662842,Sanger,Fresno,California,-119.616134,36.864461,Exact,,JB- Collected by MT,CO2,CO2 (dry ice),2025-04-30,18,1,1,N,"2025 HR; Cole and Thompson, olive orchard, A",Culex thriambus,05/01/25 10:10 AM,,,3,
CNSL,333,3411229,2727,122230-801,Cole and Thompson,Clovis,93619,"Fresno County (California, USA)",2727,122230-801,Cole and Thompson,Clovis,93619,"Fresno County (California, USA)",,,Clovis,745.8662842,Sanger,Fresno,California,-119.616134,36.864461,Exact,,JB- Collected by MT,CO2,CO2 (dry ice),2025-04-30,18,1,1,N,"2025 HR; Cole and Thompson, olive orchard, A",Anopheles freeborni,05/01/25 10:10 AM,,,10,
CNSL,333,3411229,2727,122230-801,Cole and Thompson,Clovis,93619,"Fresno County (California, USA)",2727,122230-801,Cole and Thompson,Clovis,93619,"Fresno County (California, USA)",,,Clovis,745.8662842,Sanger,Fresno,California,-119.616134,36.864461,Exact,,JB- Collected by MT,CO2,CO2 (dry ice),2025-04-30,18,1,1,N,"2025 HR; Cole and Thompson, olive orchard, A",Culiseta inornata,05/01/25 10:10 AM,,,1,
CNSL,334,3411230,2728,122230-802,Nees and Thompson,Clovis,93619,"Fresno County (California, USA)",2728,122230-802,Nees and Thompson,Clovis,93619,"Fresno County (California, USA)",,,Clovis,960.1603665,Sanger,Fresno,California,-119.616282,36.859409,Exact,,JB- Collected by MT,CO2,CO2 (dry ice),2025-04-30,18,1,1,N,"2025 HR; Cole and Thompson, olive orchard, B",Culex quinquefasciatus,05/01/25 10:12 AM,,,9,
CNSL,334,3411230,2728,122230-802,Nees and Thompson,Clovis,93619,"Fresno County (California, USA)",2728,122230-802,Nees and Thompson,Clovis,93619,"Fresno County (California, USA)",,,Clovis,960.1603665,Sanger,Fresno,California,-119.616282,36.859409,Exact,,JB- Collected by MT,CO2,CO2 (dry ice),2025-04-30,18,1,1,N,"2025 HR; Cole and Thompson, olive orchard, B",Culex tarsalis,05/01/25 10:12 AM,,,172,
CNSL,334,3411230,2728,122230-802,Nees and Thompson,Clovis,93619,"Fresno County (California, USA)",2728,122230-802,Nees and Thompson,Clovis,93619,"Fresno County (California, USA)",,,Clovis,960.1603665,Sanger,Fresno,California,-119.616282,36.859409,Exact,,JB- Collected by MT,CO2,CO2 (dry ice),2025-04-30,18,1,1,N,"2025 HR; Cole and Thompson, olive orchard, B",Anopheles freeborni,05/01/25 10:12 AM,,,4,
CNSL,334,3411230,2728,122230-802,Nees and Thompson,Clovis,93619,"Fresno County (California, USA)",2728,122230-802,Nees and Thompson,Clovis,93619,"Fresno County (California, USA)",,,Clovis,960.1603665,Sanger,Fresno,California,-119.616282,36.859409,Exact,,JB- Collected by MT,CO2,CO2 (dry ice),2025-04-30,18,1,1,N,"2025 HR; Cole and Thompson, olive orchard, B",Culiseta inornata,05/01/25 10:12 AM,,,1,
CNSL,335,3411232,2729,122230-803,Nees and Thompson Ave,Clovis,93619,"Fresno County (California, USA)",2729,122230-803,Nees and Thompson Ave,Clovis,93619,"Fresno County (California, USA)",,,Clovis,1637.078701,Sanger,Fresno,California,-119.614204,36.852612,Exact,,JB- Collected by MT,CO2,CO2 (dry ice),2025-04-30,18,1,1,N,"2025 HR; Nees and Thompson, pistachio orch, C",Culex quinquefasciatus,05/01/25 10:13 AM,,,2,
CNSL,335,3411232,2729,122230-803,Nees and Thompson Ave,Clovis,93619,"Fresno County (California, USA)",2729,122230-803,Nees and Thompson Ave,Clovis,93619,"Fresno County (California, USA)",,,Clovis,1637.078701,Sanger,Fresno,California,-119.614204,36.852612,Exact,,JB- Collected by MT,CO2,CO2 (dry ice),2025-04-30,18,1,1,N,"2025 HR; Nees and Thompson, pistachio orch, C",Culex tarsalis,05/01/25 10:13 AM,,,11,
